Store,StoreType,Year,PlanSales,ActualSales,TradingDays,VarianceAbs,VariancePct
1,c,2014,1539383.97,1433408,303,-105975.97,-6.88
1,c,2015,833472.75,792306,175,-41166.75,-4.94
2,a,2014,1535074.33,1516432,304,-18642.33,-1.21
2,a,2015,884685.04,879262,176,-5423.04,-0.61
3,a,2014,2196165.37,2072949,302,-123216.37,-5.61
3,a,2015,1221921.94,1207047,175,-14874.94,-1.22
4,c,2014,2942538.82,2971989,304,29450.18,1.0
4,c,2015,1716020.84,1731851,176,15830.16,0.92
5,a,2014,1469155.0,1406465,302,-62690.0,-4.27
5,a,2015,815994.94,816125,176,130.06,0.02
6,a,2014,1965169.47,1553747,302,-411422.47,-20.94
6,a,2015,923196.19,837312,176,-85884.19,-9.3
7,a,2014,2693932.28,2737383,305,43450.72,1.61
7,a,2015,1571492.82,1578888,176,7395.18,0.47
8,a,2014,1590191.89,1689700,304,99508.11,6.26
8,a,2015,947293.88,1110894,176,163600.12,17.27
9,a,2014,1792964.98,2054495,302,261530.02,14.59
9,a,2015,1181634.8,1319552,175,137917.2,11.67
10,a,2014,1677049.03,1713375,304,36325.97,2.17
10,a,2015,1010147.75,1024832,176,14684.25,1.45
11,a,2014,2588540.02,2465020,304,-123520.02,-4.77
11,a,2015,1382920.9,1322991,176,-59929.9,-4.33
12,a,2014,2331318.73,2309289,304,-22029.73,-0.94
12,a,2015,1332760.34,1380053,176,47292.66,3.55
13,d,2014,730620.27,738440,147,7819.73,1.07
13,d,2015,761321.68,758781,147,-2540.68,-0.33
14,a,2014,1683651.39,1686926,302,3274.61,0.19
14,a,2015,998849.86,972217,175,-26632.86,-2.67
15,d,2014,2036756.07,2043889,304,7132.93,0.35
15,d,2015,1190787.94,1212589,176,21801.06,1.83
16,a,2014,2259586.21,2362148,301,102561.79,4.54
16,a,2015,1385710.48,1409051,174,23340.52,1.68
17,a,2014,1990524.86,1925141,303,-65383.86,-3.28
17,a,2015,1103048.59,1100358,176,-2690.59,-0.24
18,d,2014,1930241.95,2019568,303,89326.05,4.63
18,d,2015,1155143.09,1239338,176,84194.91,7.29
19,a,2014,1885855.36,2009452,302,123596.64,6.55
19,a,2015,1168201.89,1199190,175,30988.11,2.65
20,d,2014,1063172.61,1114306,144,51133.39,4.81
20,d,2015,1174604.79,1206907,147,32302.21,2.75
21,c,2014,1623815.31,1683779,301,59963.69,3.69
21,c,2015,994093.67,997687,174,3593.33,0.36
22,a,2014,651457.45,647711,146,-3746.45,-0.58
22,a,2015,667326.84,682859,146,15532.16,2.33
23,d,2014,1706343.36,1671843,302,-34500.36,-2.02
23,d,2015,990106.42,975670,175,-14436.42,-1.46
24,a,2014,2836544.7,2821886,302,-14658.7,-0.52
24,a,2015,1624076.19,1743543,175,119466.81,7.36
25,c,2014,3283575.8,3004443,275,-279132.8,-8.5
25,c,2015,2005370.03,1906127,174,-99243.03,-4.95
26,d,2014,2013249.16,2051696,303,38446.84,1.91
26,d,2015,1184492.52,1214820,176,30327.48,2.56
27,a,2014,2877290.26,2891329,302,14038.74,0.49
27,a,2015,1699054.84,1705167,175,6112.16,0.36
28,a,2014,1654227.29,1589047,290,-65180.29,-3.94
28,a,2015,975319.44,821129,175,-154190.44,-15.81
29,d,2014,2018929.83,2312670,302,293740.17,14.55
29,d,2015,1324728.72,1467958,175,143229.28,10.81
30,a,2014,1863979.01,1532860,301,-331119.01,-17.76
30,a,2015,928937.78,768198,174,-160739.78,-17.3
31,d,2014,1822455.93,1806223,304,-16232.93,-0.89
31,d,2015,1024549.08,1022904,176,-1645.08,-0.16
32,a,2014,589836.59,602798,147,12961.41,2.2
32,a,2015,621692.41,602600,147,-19092.41,-3.07
33,a,2014,2670102.4,2512321,302,-157781.4,-5.91
33,a,2015,1482840.36,1472219,175,-10621.36,-0.72
34,c,2014,2473677.78,2457043,304,-16634.78,-0.67
34,c,2015,1447021.09,1439881,176,-7140.09,-0.49
35,d,2014,2787870.61,2946316,302,158445.39,5.68
35,d,2015,1723366.01,1909599,175,186232.99,10.81
36,a,2014,1403210.05,1333512,147,-69698.05,-4.97
36,a,2015,1373269.9,1413168,147,39898.1,2.91
37,c,2014,2309196.53,2113528,302,-195668.53,-8.47
37,c,2015,1228133.86,1190120,175,-38013.86,-3.1
38,d,2014,1832493.27,1811162,302,-21331.27,-1.16
38,d,2015,1068963.16,1090699,175,21735.84,2.03
39,a,2014,1399191.23,1487609,302,88417.77,6.32
39,a,2015,888811.05,936781,175,47969.95,5.4
40,a,2014,1574547.89,1527073,301,-47474.89,-3.02
40,a,2015,893147.49,750269,174,-142878.49,-16.0
41,d,2014,647346.57,824323,147,176976.43,27.34
41,d,2015,849713.29,900735,147,51021.71,6.0
42,a,2014,3037779.46,3132357,302,94577.54,3.11
42,a,2015,1821430.19,1852177,175,30746.81,1.69
43,d,2014,2179060.13,2075985,302,-103075.13,-4.73
43,d,2015,1254142.26,1127806,175,-126336.26,-10.07
44,a,2014,1674710.62,1725138,304,50427.38,3.01
44,a,2015,1001969.92,946455,176,-55514.92,-5.54
45,d,2014,1695469.87,1583098,302,-112371.87,-6.63
45,d,2015,922831.61,940134,175,17302.39,1.87
46,c,2014,772676.29,798454,147,25777.71,3.34
46,c,2015,823048.7,816535,147,-6513.7,-0.79
47,a,2014,2139760.84,2202782,304,63021.16,2.95
47,a,2015,1240030.17,1324328,176,84297.83,6.8
48,a,2014,1321782.54,1162829,304,-158953.54,-12.03
48,a,2015,692976.55,639705,176,-53271.55,-7.69
49,d,2014,2143613.38,2250642,301,107028.62,4.99
49,d,2015,1297047.68,1342058,174,45010.32,3.47
50,d,2014,1302694.63,1274687,302,-28007.63,-2.15
50,d,2015,744741.49,778283,175,33541.51,4.5
51,a,2014,946488.67,988036,147,41547.33,4.39
51,a,2015,1018455.03,1040207,147,21751.97,2.14
52,d,2014,1137114.46,1077876,147,-59238.46,-5.21
52,d,2015,1111496.44,972072,147,-139424.44,-12.54
53,a,2014,1637374.94,1602104,304,-35270.94,-2.15
53,a,2015,906307.65,937947,176,31639.35,3.49
54,d,2014,2465107.5,2408802,304,-56305.5,-2.28
54,d,2015,1395820.44,1402859,176,7038.56,0.5
55,a,2014,1262218.45,1461618,302,199399.55,15.8
55,a,2015,844780.8,902858,176,58077.2,6.87
56,d,2014,2066037.43,2272039,303,206001.57,9.97
56,d,2015,1283785.55,1444415,175,160629.45,12.51
57,d,2014,3444338.07,3091410,291,-352928.07,-10.25
57,d,2015,2134860.14,1604707,176,-530153.14,-24.83
58,a,2014,839049.05,948462,147,109412.95,13.04
58,a,2015,978343.41,1064594,147,86250.59,8.82
59,a,2014,1704748.43,1672219,303,-32529.43,-1.91
59,a,2015,989907.02,977664,176,-12243.02,-1.24
60,d,2014,2293915.14,2484440,302,190524.86,8.31
60,d,2015,1434619.86,1557937,176,123317.14,8.6
61,a,2014,1308073.74,1502461,301,194387.26,14.86
61,a,2015,873907.38,895181,174,21273.62,2.43
62,a,2014,1986516.97,1966500,302,-20016.97,-1.01
62,a,2015,1166100.72,1174852,175,8751.28,0.75
63,c,2014,2051131.18,2162016,304,110884.82,5.41
63,c,2015,1226743.01,1302246,176,75502.99,6.15
64,d,2014,2941962.72,3244285,302,302322.28,10.28
64,d,2015,1881949.74,1974145,175,92195.26,4.9
65,a,2014,1569140.76,1546857,302,-22283.76,-1.42
65,a,2015,899607.44,916442,175,16834.56,1.87
66,d,2014,1869709.98,1841515,301,-28194.98,-1.51
66,d,2015,1081959.42,1091300,174,9340.58,0.86
67,a,2014,2342221.86,2377267,301,35045.14,1.5
67,a,2015,1411412.65,1428287,174,16874.35,1.2
68,a,2014,2289414.6,2344598,304,55183.4,2.41
68,a,2015,1309490.22,1364944,176,55453.78,4.23
69,c,2014,3044052.75,2825731,303,-218321.75,-7.17
69,c,2015,1657856.24,1586569,175,-71287.24,-4.3
70,c,2014,2039515.32,2018491,304,-21024.32,-1.03
70,c,2015,1166429.8,1170949,174,4519.2,0.39
71,a,2014,2782364.99,2769249,302,-13115.99,-0.47
71,a,2015,1631195.34,1593454,175,-37741.34,-2.31
72,a,2014,644594.96,668317,147,23722.04,3.68
72,a,2015,689606.6,662628,147,-26978.6,-3.91
73,a,2014,1393303.97,1400735,304,7431.03,0.53
73,a,2015,801192.39,836266,176,35073.61,4.38
74,a,2014,1941770.89,1902930,301,-38840.89,-2.0
74,a,2015,1093850.41,1070503,174,-23347.41,-2.13
75,d,2014,1843969.91,1854038,304,10068.09,0.55
75,d,2015,1054990.1,1079362,176,24371.9,2.31
76,d,2014,1280283.17,1323551,147,43267.83,3.38
76,d,2015,1363814.81,1365472,147,1657.19,0.12
77,d,2014,2259590.14,2359354,303,99763.86,4.42
77,d,2015,1363697.74,1403255,175,39557.26,2.9
78,a,2014,1124448.5,1135327,302,10878.5,0.97
78,a,2015,664069.05,671541,175,7471.95,1.13
79,a,2014,1650919.24,1653980,301,3060.76,0.19
79,a,2015,970738.63,994114,174,23375.37,2.41
80,d,2014,2310973.98,2296144,302,-14829.98,-0.64
80,d,2015,1353458.43,1396778,175,43319.57,3.2
81,a,2014,985120.53,1017865,147,32744.47,3.32
81,a,2015,1048929.47,1102839,147,53909.53,5.14
82,a,2014,2738307.57,2762375,302,24067.43,0.88
82,a,2015,1635119.7,1611636,175,-23483.7,-1.44
83,a,2014,1202279.79,1174035,302,-28244.79,-2.35
83,a,2015,680472.29,689614,175,9141.71,1.34
84,a,2014,3941427.23,3933849,302,-7578.23,-0.19
84,a,2015,2299977.11,2339267,175,39289.89,1.71
85,b,2014,2695661.41,2651421,365,-44240.41,-1.64
85,b,2015,1564211.56,1582084,212,17872.44,1.14
86,a,2014,1434394.11,1438285,302,3890.89,0.27
86,a,2015,851204.01,824196,174,-27008.01,-3.17
87,a,2014,1830698.84,1798996,304,-31702.84,-1.73
87,a,2015,1074571.95,1023414,176,-51157.95,-4.76
88,a,2014,1868170.85,1819855,302,-48315.85,-2.59
88,a,2015,1069318.63,1062503,175,-6815.63,-0.64
89,a,2014,873638.84,863308,147,-10330.84,-1.18
89,a,2015,889706.24,902004,147,12297.76,1.38
90,a,2014,2543855.47,2583428,302,39572.53,1.56
90,a,2015,1522703.56,1507924,175,-14779.56,-0.97
91,c,2014,1674495.32,1887591,302,213095.68,12.73
91,c,2015,1220173.08,815681,174,-404492.08,-33.15
92,c,2014,1731458.78,1849434,302,117975.22,6.81
92,c,2015,1065185.24,1144146,175,78960.76,7.41
93,a,2014,1876796.65,1790144,302,-86652.65,-4.62
93,a,2015,1064848.25,1038190,175,-26658.25,-2.5
94,d,2014,2158673.42,2157510,302,-1163.42,-0.05
94,d,2015,1260083.01,1298044,175,37960.99,3.01
95,a,2014,2471376.24,2342488,302,-128888.24,-5.22
95,a,2015,1411008.2,1219415,176,-191593.2,-13.58
96,a,2014,1566007.19,1579334,302,13326.81,0.85
96,a,2015,917575.81,941319,176,23743.19,2.59
97,d,2014,2027359.27,2040193,302,12833.73,0.63
97,d,2015,1186889.21,1223307,176,36417.79,3.07
98,d,2014,1466738.85,1583510,302,116771.15,7.96
98,d,2015,905230.01,975968,175,70737.99,7.81
99,c,2014,660808.5,763798,147,102989.5,15.59
99,c,2015,786812.22,854500,147,67687.78,8.6
100,d,2014,1131521.2,1166698,147,35176.8,3.11
100,d,2015,1202027.49,1207153,147,5125.51,0.43
101,d,2014,2234509.85,2316756,304,82246.15,3.68
101,d,2015,1337745.1,1372025,176,34279.9,2.56
102,a,2014,2046998.16,2125361,291,78362.84,3.83
102,a,2015,1319597.9,1255224,175,-64373.9,-4.88
103,d,2014,729836.75,751302,155,21465.25,2.94
103,d,2015,818011.13,857625,176,39613.87,4.84
104,a,2014,3090247.36,3109378,304,19130.64,0.62
104,a,2015,1845416.51,1831701,176,-13715.51,-0.74
105,a,2014,1488799.52,1424928,301,-63871.52,-4.29
105,a,2015,832735.33,891775,174,59039.67,7.09
106,a,2014,2796703.12,2568615,304,-228088.12,-8.16
106,a,2015,1493099.41,1544316,176,51216.59,3.43
107,a,2014,2199683.3,2254862,304,55178.7,2.51
107,a,2015,1329230.62,1362687,176,33456.38,2.52
108,d,2014,1447056.43,1636383,147,189326.57,13.08
108,d,2015,1686144.88,1835950,147,149805.12,8.88
109,a,2014,1983439.09,1980132,304,-3307.09,-0.17
109,a,2015,1138225.57,1164160,176,25934.43,2.28
110,a,2014,1459946.24,1381906,304,-78040.24,-5.35
110,a,2015,787732.6,756761,176,-30971.6,-3.93
111,d,2014,2085163.38,2066787,303,-18376.38,-0.88
111,d,2015,1223621.27,1201380,175,-22241.27,-1.82
112,a,2014,1909745.87,1914228,304,4482.13,0.23
112,a,2015,1132796.95,1117260,176,-15536.95,-1.37
113,d,2014,1130678.41,1102626,147,-28052.41,-2.48
113,d,2015,1136100.88,878720,147,-257380.88,-22.65
114,c,2014,1662499.76,1637506,304,-24993.76,-1.5
114,c,2015,961259.9,942674,176,-18585.9,-1.93
115,d,2014,985366.93,1089735,147,104368.07,10.59
115,d,2015,1124284.36,1195415,147,71130.64,6.33
116,a,2014,2332961.49,2162369,304,-170592.49,-7.31
116,a,2015,1271157.79,1293318,176,22160.21,1.74
117,a,2014,1205588.48,1180254,302,-25334.48,-2.1
117,a,2015,692508.96,675708,175,-16800.96,-2.43
118,d,2014,2249298.59,2432748,304,183449.41,8.16
118,d,2015,1404452.62,1477831,175,73378.38,5.22
119,a,2014,1847748.51,1845696,304,-2052.51,-0.11
119,a,2015,1073962.78,1069501,176,-4461.78,-0.42
120,d,2014,2201443.73,2155231,303,-46212.73,-2.1
120,d,2015,1280378.35,1264077,175,-16301.35,-1.27
121,a,2014,1396344.65,1356384,302,-39960.65,-2.86
121,a,2015,787708.92,763581,176,-24127.92,-3.06
122,a,2014,2214398.56,2260571,342,46172.44,2.09
122,a,2015,1303004.37,1298749,199,-4255.37,-0.33
123,a,2014,2513860.78,2493863,290,-19997.78,-0.8
123,a,2015,1472440.37,1418520,175,-53920.37,-3.66
124,a,2014,1317296.01,1347654,302,30357.99,2.3
124,a,2015,793857.27,822530,175,28672.73,3.61
125,a,2014,3710070.95,3555848,304,-154222.95,-4.16
125,a,2015,2101808.67,2125444,176,23635.33,1.12
126,d,2014,2385644.03,1792886,302,-592758.03,-24.85
126,d,2015,1095780.21,968577,175,-127203.21,-11.61
127,d,2014,773528.38,777747,147,4218.62,0.55
127,d,2015,801595.99,800606,147,-989.99,-0.12
128,d,2014,2022656.5,2386423,303,363766.5,17.98
128,d,2015,1370354.85,1476080,175,105725.15,7.72
129,a,2014,1374421.89,1366576,147,-7845.89,-0.57
129,a,2015,1408468.7,1327909,147,-80559.7,-5.72
130,c,2014,1552570.27,1571477,303,18906.73,1.22
130,c,2015,937177.01,923003,175,-14174.01,-1.51
131,c,2014,1782875.62,1492488,302,-290387.62,-16.29
131,c,2015,905774.27,888681,175,-17093.27,-1.89
132,d,2014,777727.0,957458,147,179731.0,23.11
132,d,2015,986610.23,1084043,147,97432.77,9.88
133,a,2014,2152780.52,1893046,303,-259734.52,-12.07
133,a,2015,1089403.68,1076911,176,-12492.68,-1.15
134,a,2014,1491547.73,1438114,304,-53433.73,-3.58
134,a,2015,865193.38,820261,176,-44932.38,-5.19
135,d,2014,1786192.99,1820769,303,34576.01,1.94
135,d,2015,1068704.08,1096980,175,28275.92,2.65
136,a,2014,647426.07,927472,147,280045.93,43.26
136,a,2015,955840.08,823686,147,-132154.08,-13.83
137,a,2014,1178788.89,1205233,147,26444.11,2.24
137,a,2015,1242006.12,1291374,147,49367.88,3.97
138,a,2014,2183247.69,2265177,302,81929.31,3.75
138,a,2015,1298506.83,1339743,176,41236.17,3.18
139,a,2014,942845.1,945082,147,2236.9,0.24
139,a,2015,974007.68,983699,147,9691.32,0.99
140,a,2014,2284470.68,2276674,303,-7796.68,-0.34
140,a,2015,1325303.95,1342998,175,17694.05,1.34
141,c,2014,1726664.63,1646136,301,-80528.63,-4.66
141,c,2015,960821.05,980944,174,20122.95,2.09
142,a,2014,1427748.28,1393752,302,-33996.28,-2.38
142,a,2015,828952.12,809160,175,-19792.12,-2.39
143,d,2014,1862719.38,1981367,302,118647.62,6.37
143,d,2015,1137515.41,1132186,175,-5329.41,-0.47
144,a,2014,1137922.41,1117705,148,-20217.41,-1.78
144,a,2015,1151237.62,1090599,148,-60638.62,-5.27
145,a,2014,1191020.99,1067778,134,-123242.99,-10.35
145,a,2015,1219093.49,1136907,147,-82186.49,-6.74
146,d,2014,2267430.2,2419082,302,151651.8,6.69
146,d,2015,1392211.28,1469838,175,77626.72,5.58
147,d,2014,2498791.0,2512854,302,14063.0,0.56
147,d,2015,1471273.58,1463724,175,-7549.58,-0.51
148,a,2014,2653803.31,2619552,304,-34251.31,-1.29
148,a,2015,1546219.75,1579072,176,32852.25,2.12
149,d,2014,807648.51,829531,147,21882.49,2.71
149,d,2015,855482.79,815266,147,-40216.79,-4.7
150,c,2014,2504055.87,2628558,304,124502.13,4.97
150,c,2015,1482604.48,1541655,176,59050.52,3.98
151,d,2014,2007176.91,2051214,302,44037.09,2.19
151,d,2015,1192425.33,1266601,175,74175.67,6.22
152,a,2014,1690659.9,1684487,302,-6172.9,-0.37
152,a,2015,1006969.57,994089,175,-12880.57,-1.28
153,a,2014,2237747.49,2211458,302,-26289.49,-1.17
153,a,2015,1307347.78,1125707,175,-181640.78,-13.89
154,d,2014,2578340.03,2720573,303,142232.97,5.52
154,d,2015,1569850.81,1605531,175,35680.19,2.27
155,d,2014,997188.3,1031493,147,34304.7,3.44
155,d,2015,1062615.53,1071756,147,9140.47,0.86
156,a,2014,2207863.13,2100480,303,-107383.13,-4.86
156,a,2015,1221410.76,1203941,176,-17469.76,-1.43
157,a,2014,2975546.88,2947842,302,-27704.88,-0.93
157,a,2015,1734088.07,1742904,175,8815.93,0.51
158,d,2014,2426466.46,2530166,302,103699.54,4.27
158,d,2015,1502452.28,1470993,175,-31459.28,-2.09
159,d,2014,1166412.03,1136982,147,-29430.03,-2.52
159,d,2015,1171865.88,1136090,147,-35775.88,-3.05
160,d,2014,1780719.87,1754054,303,-26665.87,-1.5
160,d,2015,1022678.45,996031,175,-26647.45,-2.61
161,a,2014,2194407.32,2204852,302,10444.68,0.48
161,a,2015,1289145.23,1317526,175,28380.77,2.2
162,d,2014,2360004.45,2409300,303,49295.55,2.09
162,d,2015,1399172.71,1370985,175,-28187.71,-2.01
163,a,2014,2485877.26,2111944,304,-373933.26,-15.04
163,a,2015,1284110.93,1200685,176,-83425.93,-6.5
164,a,2014,918547.93,910588,147,-7959.93,-0.87
164,a,2015,939460.41,979025,147,39564.59,4.21
165,a,2014,603824.3,590439,147,-13385.3,-2.22
165,a,2015,608688.58,574779,147,-33909.58,-5.57
166,a,2014,1868312.49,1765988,302,-102324.49,-5.48
166,a,2015,1039822.14,957994,175,-81828.14,-7.87
167,a,2014,2777581.75,2880929,302,103347.25,3.72
167,a,2015,1641915.63,1670376,175,28460.37,1.73
168,a,2014,2266817.77,2295618,301,28800.23,1.27
168,a,2015,1345727.88,1342266,174,-3461.88,-0.26
169,d,2014,2321638.45,2127045,289,-194593.45,-8.38
169,d,2015,1459877.17,1056961,175,-402916.17,-27.6
170,a,2014,1630347.34,1510077,302,-120270.34,-7.38
170,a,2015,888511.06,811706,175,-76805.06,-8.64
171,a,2014,2573218.54,2588260,302,15041.46,0.58
171,a,2015,1517845.32,1484370,175,-33475.32,-2.21
172,a,2014,1139493.01,976487,147,-163006.01,-14.31
172,a,2015,1006030.36,1057517,147,51486.64,5.12
173,a,2014,2625662.2,2482403,304,-143259.2,-5.46
173,a,2015,1497555.72,1425487,176,-72068.72,-4.81
174,a,2014,833382.96,873902,147,40519.04,4.86
174,a,2015,900307.4,918238,147,17930.6,1.99
175,c,2014,1739090.49,1780588,304,41497.51,2.39
175,c,2015,1049514.07,1067992,176,18477.93,1.76
176,a,2014,1643540.88,1596990,302,-46550.88,-2.83
176,a,2015,943656.48,921786,175,-21870.48,-2.32
177,a,2014,1227642.16,1227057,302,-585.16,-0.05
177,a,2015,737993.33,694078,175,-43915.33,-5.95
178,d,2014,2988337.98,3146899,302,158561.02,5.31
178,d,2015,1830614.21,1826045,176,-4569.21,-0.25
179,a,2014,2161528.35,2265786,302,104257.65,4.82
179,a,2015,1315129.09,1323040,175,7910.91,0.6
180,d,2014,2236381.72,2192564,304,-43817.72,-1.96
180,d,2015,1315669.69,1298882,176,-16787.69,-1.28
181,a,2014,934402.17,964939,147,30536.83,3.27
181,a,2015,995389.41,924233,147,-71156.41,-7.15
182,d,2014,1510523.63,1678770,303,168246.37,11.14
182,d,2015,964036.33,1001062,175,37025.67,3.84
183,a,2014,661618.94,696666,147,35047.06,5.3
183,a,2015,658773.68,718676,136,59902.32,9.09
184,d,2014,2044962.31,1977004,301,-67958.31,-3.32
184,d,2015,1179461.62,1164419,175,-15042.62,-1.28
185,d,2014,2161231.36,2218419,304,57187.64,2.65
185,d,2015,1280450.26,1307862,176,27411.74,2.14
186,a,2014,555324.43,531856,147,-23468.43,-4.23
186,a,2015,548055.46,593288,147,45232.54,8.25
187,a,2014,1956285.68,1926356,304,-29929.68,-1.53
187,a,2015,1107223.55,1100071,176,-7152.55,-0.65
188,d,2014,1454186.97,1529710,302,75523.03,5.19
188,d,2015,884233.74,945759,175,61525.26,6.96
189,d,2014,2765064.79,2650125,302,-114939.79,-4.16
189,d,2015,1593013.81,1495991,175,-97022.81,-6.09
190,a,2014,1022741.09,1039520,147,16778.91,1.64
190,a,2015,1071340.4,1146811,147,75470.6,7.04
191,a,2014,1120730.63,941960,147,-178770.63,-15.95
191,a,2015,970850.94,998388,147,27537.06,2.84
192,d,2014,946301.43,1237358,147,291056.57,30.76
192,d,2015,1277125.13,1905640,147,628514.87,49.21
193,a,2014,1685001.18,1609016,301,-75985.18,-4.51
193,a,2015,950540.86,919951,174,-30589.86,-3.22
194,d,2014,1432362.52,1486876,301,54513.48,3.81
194,d,2015,855168.73,873300,174,18131.27,2.12
195,a,2014,3262998.8,3259013,302,-3985.8,-0.12
195,a,2015,1932065.49,1924353,175,-7712.49,-0.4
196,c,2014,1596486.56,1590107,303,-6379.56,-0.4
196,c,2015,940776.55,941368,176,591.45,0.06
197,c,2014,2180888.46,2035286,304,-145602.46,-6.68
197,c,2015,1168874.64,1218110,176,49235.36,4.21
198,a,2014,919022.52,883708,303,-35314.52,-3.84
198,a,2015,511021.78,494477,176,-16544.78,-3.24
199,d,2014,2291964.18,2481684,302,189719.82,8.28
199,d,2015,1439296.55,1494334,175,55037.45,3.82
200,a,2014,2370520.12,2342234,302,-28286.12,-1.19
200,a,2015,1401195.95,1381157,175,-20038.95,-1.43
201,d,2014,1575937.49,1623005,302,47067.51,2.99
201,d,2015,941926.53,939488,175,-2438.53,-0.26
202,d,2014,1751043.31,1889512,303,138468.69,7.91
202,d,2015,1097480.91,1149749,175,52268.09,4.76
203,c,2014,2004434.7,2116495,303,112060.3,5.59
203,c,2015,1194358.24,1233993,175,39634.76,3.32
204,a,2014,797127.66,796867,147,-260.66,-0.03
204,a,2015,821145.19,835781,147,14635.81,1.78
205,a,2014,2055491.07,1982202,304,-73289.07,-3.57
205,a,2015,1186732.84,1148907,176,-37825.84,-3.19
206,a,2014,2020894.79,2224441,302,203546.21,10.07
206,a,2015,1279959.88,1392735,175,112775.12,8.81
207,a,2014,3497770.59,3410821,304,-86949.59,-2.49
207,a,2015,2001549.28,1965504,176,-36045.28,-1.8
208,c,2014,915808.82,883633,304,-32175.82,-3.51
208,c,2015,518674.0,530518,176,11844.0,2.28
209,a,2014,1943416.04,1943337,342,-79.04,-0.0
209,a,2015,1116449.96,1104607,199,-11842.96,-1.06
210,d,2014,958085.08,993129,302,35043.92,3.66
210,d,2015,574186.21,566354,175,-7832.21,-1.36
211,a,2014,4026844.6,3891122,304,-135722.6,-3.37
211,a,2015,2299203.16,2391291,176,92087.84,4.01
212,a,2014,1520776.12,1465059,304,-55717.12,-3.66
212,a,2015,855238.71,804486,176,-50752.71,-5.93
213,d,2014,2301038.65,2601935,302,300896.35,13.08
213,d,2015,1544489.41,1501891,175,-42598.41,-2.76
214,d,2014,2867585.61,2825015,302,-42570.61,-1.48
214,d,2015,1665405.41,1665615,175,209.59,0.01
215,d,2014,912796.61,928500,147,15703.39,1.72
215,d,2015,956815.54,954037,147,-2778.54,-0.29
216,c,2014,2194146.38,2248159,301,54012.62,2.46
216,c,2015,1329544.62,1232289,174,-97255.62,-7.31
217,c,2014,1429303.39,1428265,304,-1038.39,-0.07
217,c,2015,841769.96,871297,176,29527.04,3.51
218,a,2014,767144.0,728907,147,-38237.0,-4.98
218,a,2015,750839.31,734329,147,-16510.31,-2.2
219,a,2014,954317.43,961735,302,7417.57,0.78
219,a,2015,563467.67,554552,175,-8915.67,-1.58
220,a,2014,1545188.4,1458399,301,-86789.4,-5.62
220,a,2015,868563.4,850590,174,-17973.4,-2.07
221,d,2014,1727390.0,1803835,304,76445.0,4.43
221,d,2015,1016555.03,1084869,176,68313.97,6.72
222,a,2014,1537230.49,1516989,304,-20241.49,-1.32
222,a,2015,907685.11,898179,176,-9506.11,-1.05
223,d,2014,2224393.34,2208392,303,-16001.34,-0.72
223,d,2015,1327480.53,1292091,176,-35389.53,-2.67
224,d,2014,1816671.2,2086580,301,269908.8,14.86
224,d,2015,1206339.5,1299381,174,93041.5,7.71
225,d,2014,1590314.26,1589847,303,-467.26,-0.03
225,d,2015,926971.75,933667,176,6695.25,0.72
226,a,2014,2372431.17,2147468,303,-224963.17,-9.48
226,a,2015,1286286.27,1220771,175,-65515.27,-5.09
227,a,2014,1668522.79,1826157,290,157634.21,9.45
227,a,2015,1065290.78,1118987,175,53696.22,5.04
228,d,2014,2364823.24,2421675,302,56851.76,2.4
228,d,2015,1404134.2,1475346,175,71211.8,5.07
229,d,2014,2590456.77,2644753,302,54296.23,2.1
229,d,2015,1536226.61,1579715,175,43488.39,2.83
230,d,2014,2250594.38,2342379,304,91784.62,4.08
230,d,2015,1352708.71,1403145,176,50436.29,3.73
231,d,2014,666431.94,698095,147,31663.06,4.75
231,d,2015,718872.51,752141,147,33268.49,4.63
232,c,2014,966582.64,1043592,302,77009.36,7.97
232,c,2015,603693.1,649657,175,45963.9,7.61
233,a,2014,2886469.33,2850734,303,-35735.33,-1.24
233,a,2015,1694805.24,1716551,175,21745.76,1.28
234,d,2014,3399230.35,3382192,302,-17038.35,-0.5
234,d,2015,1995360.11,1950179,175,-45181.11,-2.26
235,a,2014,1900176.76,1826236,303,-73940.76,-3.89
235,a,2015,1065638.44,967857,175,-97781.44,-9.18
236,a,2014,2169882.63,2145858,304,-24024.63,-1.11
236,a,2015,1254059.5,1331754,176,77694.5,6.2
237,a,2014,1406728.52,1347899,304,-58829.52,-4.18
237,a,2015,787471.99,843536,176,56064.01,7.12
238,a,2014,2276563.27,2275336,290,-1227.27,-0.05
238,a,2015,1403300.02,1301039,174,-102261.02,-7.29
239,d,2014,1473926.52,1568676,302,94749.48,6.43
239,d,2015,909920.16,954304,175,44383.84,4.88
240,a,2014,1487440.88,1442248,304,-45192.88,-3.04
240,a,2015,845682.5,887719,176,42036.5,4.97
241,d,2014,1958653.98,2035823,302,77169.02,3.94
241,d,2015,1176674.15,1194677,175,18002.85,1.53
242,d,2014,1300569.28,1225796,303,-74773.28,-5.75
242,d,2015,717232.02,711496,175,-5736.02,-0.8
243,a,2014,1048879.7,1030578,147,-18301.7,-1.74
243,a,2015,1061554.24,1024614,147,-36940.24,-3.48
244,d,2014,1594414.05,1590155,302,-4259.05,-0.27
244,d,2015,910581.08,970972,175,60390.92,6.63
245,a,2014,2629714.26,2779881,303,150166.74,5.71
245,a,2015,1668152.07,1617095,175,-51057.07,-3.06
246,c,2014,2210119.73,2141867,304,-68252.73,-3.09
246,c,2015,1253596.49,1266263,176,12666.51,1.01
247,d,2014,2648464.39,2639983,303,-8481.39,-0.32
247,d,2015,1526541.95,1493566,175,-32975.95,-2.16
248,a,2014,2703788.11,2546851,304,-156937.11,-5.8
248,a,2015,1429247.9,1389518,176,-39729.9,-2.78
249,d,2014,1620430.93,1622464,304,2033.07,0.13
249,d,2015,918050.78,950229,176,32178.22,3.51
250,d,2014,2412159.05,2668211,303,256051.95,10.62
250,d,2015,1582597.22,1609668,175,27070.78,1.71
251,a,2014,5968166.36,5724284,302,-243882.36,-4.09
251,a,2015,3319496.64,3389229,175,69732.36,2.1
252,d,2014,3369705.56,3179613,302,-190092.56,-5.64
252,d,2015,1903546.09,1823540,175,-80006.09,-4.2
253,a,2014,1810535.71,1709804,302,-100731.71,-5.56
253,a,2015,1036289.12,1013063,175,-23226.12,-2.24
254,d,2014,870550.08,937009,302,66458.92,7.63
254,d,2015,547987.49,560916,175,12928.51,2.36
255,c,2014,1900380.74,1909061,302,8680.26,0.46
255,c,2015,1135174.96,1134366,175,-808.96,-0.07
256,a,2014,3215554.92,3005795,301,-209759.92,-6.52
256,a,2015,1771814.7,1506787,174,-265027.7,-14.96
257,a,2014,1777420.01,1560839,304,-216581.01,-12.19
257,a,2015,927510.63,897845,176,-29665.63,-3.2
258,a,2014,800593.19,821972,147,21378.81,2.67
258,a,2015,848132.84,856624,147,8491.16,1.0
259,b,2014,3892826.29,4411784,365,518957.71,13.33
259,b,2015,2602173.46,2757877,212,155703.54,5.98
260,a,2014,2063870.82,2015142,304,-48728.82,-2.36
260,a,2015,1198038.75,1124802,176,-73236.75,-6.11
261,d,2014,3941580.91,3863288,302,-78292.91,-1.99
261,d,2015,2262193.56,2148123,175,-114070.56,-5.04
262,b,2014,7791570.96,7539709,365,-251861.96,-3.23
262,b,2015,4480314.6,4412501,212,-67813.6,-1.51
263,a,2014,472053.77,531458,147,59404.23,12.58
263,a,2015,547360.58,658016,147,110655.42,20.22
264,a,2014,2220017.59,1998034,282,-221983.59,-10.0
264,a,2015,1555772.47,1195156,176,-360616.47,-23.18
265,a,2014,1504579.11,1491681,302,-12898.11,-0.86
265,a,2015,892349.54,910397,175,18047.46,2.02
266,a,2014,1517278.59,1224382,302,-292896.59,-19.3
266,a,2015,699934.54,728624,176,28689.46,4.1
267,c,2014,2953343.18,2813472,304,-139871.18,-4.74
267,c,2015,1593245.82,1607768,176,14522.18,0.91
268,a,2014,1538752.69,1470395,304,-68357.69,-4.44
268,a,2015,861610.47,864291,176,2680.53,0.31
269,a,2014,2944232.38,2854991,302,-89241.38,-3.03
269,a,2015,1678534.56,1573885,175,-104649.56,-6.23
270,a,2014,2830298.25,2804357,304,-25941.25,-0.92
270,a,2015,1655644.0,1734729,176,79085.0,4.78
271,a,2014,2328553.86,2410920,302,82366.14,3.54
271,a,2015,1402164.0,1449432,176,47268.0,3.37
272,a,2014,1933522.19,1913499,303,-20023.19,-1.04
272,a,2015,1122149.59,1084154,175,-37995.59,-3.39
273,a,2014,2050612.43,2162693,302,112080.57,5.47
273,a,2015,1254977.45,1349712,175,94734.55,7.55
274,b,2014,1345253.7,1502874,365,157620.3,11.72
274,b,2015,884418.77,1017792,212,133373.23,15.08
275,d,2014,1158719.54,1089746,147,-68973.54,-5.95
275,d,2015,1122324.44,1021171,147,-101153.44,-9.01
276,a,2014,1271433.28,1285673,302,14239.72,1.12
276,a,2015,764809.46,673087,176,-91722.46,-11.99
277,d,2014,978292.02,923832,147,-54460.02,-5.57
277,d,2015,952164.19,919674,147,-32490.19,-3.41
278,a,2014,2212647.34,2197437,304,-15210.34,-0.69
278,a,2015,1277620.14,1256427,176,-21193.14,-1.66
279,d,2014,1122723.91,1364264,147,241540.09,21.51
279,d,2015,1407399.74,1532373,147,124973.26,8.88
280,d,2014,1957892.4,1869774,301,-88118.4,-4.5
280,d,2015,1091828.21,1097084,174,5255.79,0.48
281,d,2014,1799612.72,1797058,304,-2554.72,-0.14
281,d,2015,1025769.39,1052143,176,26373.61,2.57
282,a,2014,1366094.37,1330686,304,-35408.37,-2.59
282,a,2015,799586.71,800476,176,889.29,0.11
283,a,2014,1018263.87,1032157,147,13893.13,1.36
283,a,2015,1063627.5,1107162,147,43534.5,4.09
284,d,2014,807027.58,773916,147,-33111.58,-4.1
284,d,2015,797486.33,843630,147,46143.67,5.79
285,a,2014,1466426.21,1629346,303,162919.79,11.11
285,a,2015,952075.15,974687,175,22611.85,2.38
286,a,2014,1567190.7,1524215,302,-42975.7,-2.74
286,a,2015,904323.47,796702,175,-107621.47,-11.9
287,c,2014,1206908.32,1186003,147,-20905.32,-1.73
287,c,2015,1221862.52,1239576,147,17713.48,1.45
288,d,2014,795483.91,839258,147,43774.09,5.5
288,d,2015,865304.33,846462,147,-18842.33,-2.18
289,d,2014,1978631.02,1946607,303,-32024.02,-1.62
289,d,2015,1186618.55,1072233,175,-114385.55,-9.64
290,a,2014,2124427.43,2144660,302,20232.57,0.95
290,a,2015,1263576.31,1260639,175,-2937.31,-0.23
291,d,2014,2522663.73,2438323,302,-84340.73,-3.34
291,d,2015,1406593.79,1375316,176,-31277.79,-2.22
292,a,2014,1748092.65,1753154,304,5061.35,0.29
292,a,2015,931537.5,974033,158,42495.5,4.56
293,c,2014,1927139.25,1913817,304,-13322.25,-0.69
293,c,2015,1104787.75,1117860,175,13072.25,1.18
294,a,2014,1670772.55,1817211,303,146438.45,8.76
294,a,2015,1101045.49,1070258,175,-30787.49,-2.8
295,a,2014,1525432.13,1628733,301,103300.87,6.77
295,a,2015,942206.33,994366,174,52159.67,5.54
296,a,2014,2120756.23,2135525,303,14768.77,0.7
296,a,2015,1244318.27,1246690,175,2371.73,0.19
297,a,2014,2131987.7,2114870,301,-17117.7,-0.8
297,a,2015,1245358.36,1245902,174,543.64,0.04
298,d,2014,1215576.19,1209920,147,-5656.19,-0.47
298,d,2015,1247149.05,1253263,147,6113.95,0.49
299,d,2014,2105659.33,2189345,342,83685.67,3.97
299,d,2015,1246833.54,1274023,199,27189.46,2.18
300,a,2014,2016081.69,2252270,304,236188.31,11.72
300,a,2015,1312226.48,1334595,175,22368.52,1.7
301,a,2014,1692594.29,1717938,304,25343.71,1.5
301,a,2015,977670.1,982355,176,4684.9,0.48
302,d,2014,1117431.44,1152516,303,35084.56,3.14
302,d,2015,665149.63,687878,175,22728.37,3.42
303,a,2014,1814147.9,1824567,289,10419.1,0.57
303,a,2015,1163971.72,1077715,175,-86256.72,-7.41
304,a,2014,2193139.68,2189353,304,-3786.68,-0.17
304,a,2015,1300451.61,1224990,176,-75461.61,-5.8
305,c,2014,1358534.1,1740400,303,381865.9,28.11
305,c,2015,988134.53,1119190,175,131055.47,13.26
306,a,2014,647150.9,622408,147,-24742.9,-3.82
306,a,2015,642109.1,652517,147,10407.9,1.62
307,a,2014,850301.26,820923,303,-29378.26,-3.46
307,a,2015,478312.72,469499,176,-8813.72,-1.84
308,a,2014,3180228.5,2700535,302,-479693.5,-15.08
308,a,2015,1605635.8,1521959,175,-83676.8,-5.21
309,d,2014,2164618.17,2118354,302,-46264.17,-2.14
309,d,2015,1254339.36,1215037,175,-39302.36,-3.13
310,a,2014,2812993.31,2854487,344,41493.69,1.48
310,a,2015,1599635.32,1737029,200,137393.68,8.59
311,a,2014,1983901.88,2037272,303,53370.12,2.69
311,a,2015,1202214.84,1223680,175,21465.16,1.79
312,d,2014,1725905.87,1697162,303,-28743.87,-1.67
312,d,2015,991657.28,979433,175,-12224.28,-1.23
313,d,2014,2206675.96,2147013,303,-59662.96,-2.7
313,d,2015,1268718.82,1247315,176,-21403.82,-1.69
314,a,2014,1571024.29,1584214,302,13189.71,0.84
314,a,2015,944276.99,895463,175,-48813.99,-5.17
315,a,2014,1323739.62,1300173,304,-23566.62,-1.78
315,a,2015,744898.5,749670,176,4771.5,0.64
316,d,2014,2992657.1,2983203,302,-9454.1,-0.32
316,d,2015,1777627.0,1792877,175,15250.0,0.86
317,d,2014,811659.09,770824,147,-40835.09,-5.03
317,d,2015,794355.65,814715,147,20359.35,2.56
318,d,2014,2369472.92,2267627,302,-101845.92,-4.3
318,d,2015,1303875.95,1308707,176,4831.05,0.37
319,a,2014,2439225.06,2394085,304,-45140.06,-1.85
319,a,2015,1369897.68,1345261,176,-24636.68,-1.8
320,a,2014,4608146.11,4540956,304,-67190.11,-1.46
320,a,2015,2613344.29,2620621,176,7276.71,0.28
321,c,2014,1840341.14,1785380,302,-54961.14,-2.99
321,c,2015,1019851.54,1078399,176,58547.46,5.74
322,a,2014,1536973.03,1533805,303,-3168.03,-0.21
322,a,2015,891127.41,903265,176,12137.59,1.36
323,d,2014,2187172.31,2270699,302,83526.69,3.82
323,d,2015,1316003.89,1346538,175,30534.11,2.32
324,a,2014,1818241.46,1729132,302,-89109.46,-4.9
324,a,2015,1020244.43,939382,175,-80862.43,-7.93
325,a,2014,2050257.61,1964416,302,-85841.61,-4.19
325,a,2015,1153558.09,1099806,175,-53752.09,-4.66
326,d,2014,1416841.89,1562302,302,145460.11,10.27
326,d,2015,916277.41,966286,175,50008.59,5.46
327,c,2014,2258093.89,2372285,299,114191.11,5.06
327,c,2015,1365149.76,1420373,175,55223.24,4.05
328,a,2014,1338304.48,1372023,302,33718.52,2.52
328,a,2015,807989.74,783001,175,-24988.74,-3.09
329,a,2014,2125442.32,2081570,302,-43872.32,-2.06
329,a,2015,1218121.19,1243748,175,25626.81,2.1
330,a,2014,1277730.44,1277222,302,-508.44,-0.04
330,a,2015,737909.11,730397,175,-7512.11,-1.02
331,a,2014,2050535.93,1828385,302,-222150.93,-10.83
331,a,2015,1156318.63,983382,175,-172936.63,-14.96
332,a,2014,1132083.0,1146967,302,14884.0,1.31
332,a,2015,673514.34,660276,175,-13238.34,-1.97
333,a,2014,3003285.21,2968863,304,-34422.21,-1.15
333,a,2015,1723466.73,1779916,176,56449.27,3.28
334,d,2014,1704684.93,1632550,302,-72134.93,-4.23
334,d,2015,958126.48,944491,175,-13635.48,-1.42
335,b,2014,4828327.91,4911536,365,83208.09,1.72
335,b,2015,2884752.93,2942498,212,57745.07,2.0
336,a,2014,4374216.59,4201442,302,-172774.59,-3.95
336,a,2015,2508013.1,2395663,175,-112350.1,-4.48
337,d,2014,1517933.52,1524543,303,6609.48,0.44
337,d,2015,892445.46,946917,175,54471.54,6.1
338,a,2014,2367990.08,2123255,303,-244735.08,-10.34
338,a,2015,1270026.4,1218631,175,-51395.4,-4.05
339,a,2014,1446853.62,1590318,302,143464.38,9.92
339,a,2015,888347.37,923120,175,34772.63,3.91
340,a,2014,1984196.97,1973711,304,-10485.97,-0.53
340,a,2015,1140208.08,1186793,176,46584.92,4.09
341,a,2014,1650920.64,1684265,302,33344.36,2.02
341,a,2015,988809.92,1009340,175,20530.08,2.08
342,d,2014,1685500.92,1523367,147,-162133.92,-9.62
342,d,2015,1558694.07,1670971,146,112276.93,7.2
343,d,2014,2117914.34,2176152,302,58237.66,2.75
343,d,2015,1252269.03,1380460,175,128190.97,10.24
344,a,2014,2570475.86,2548019,304,-22456.86,-0.87
344,a,2015,1479204.15,1608453,176,129248.85,8.74
345,a,2014,666661.31,680586,147,13924.69,2.09
345,a,2015,701282.62,664112,147,-37170.62,-5.3
346,a,2014,1975950.6,2105332,302,129381.4,6.55
346,a,2015,1221274.15,1300677,175,79402.85,6.5
347,d,2014,1372362.39,1491386,301,119023.61,8.67
347,d,2015,855742.49,907929,174,52186.51,6.1
348,a,2014,1291527.22,1272843,147,-18684.22,-1.45
348,a,2015,1311553.41,1302832,147,-8721.41,-0.66
349,c,2014,1831057.34,1913529,228,82471.66,4.5
349,c,2015,1450930.71,1539489,176,88558.29,6.1
350,d,2014,2202636.6,2109368,303,-93268.6,-4.23
350,d,2015,1247763.57,1234044,175,-13719.57,-1.1
351,a,2014,1789252.42,1873667,302,84414.58,4.72
351,a,2015,1105597.29,1102875,175,-2722.29,-0.25
352,d,2014,2134385.84,2008710,304,-125675.84,-5.89
352,d,2015,1149425.88,1167237,176,17811.12,1.55
353,b,2014,1791422.13,2170749,365,379326.87,21.17
353,b,2015,1270715.12,1401607,212,130891.88,10.3
354,d,2014,2541864.21,2551524,302,9659.79,0.38
354,d,2015,1490409.08,1521587,175,31177.92,2.09
355,a,2014,2864729.24,2782193,304,-82536.24,-2.88
355,a,2015,1575273.67,1612355,176,37081.33,2.35
356,d,2014,1624709.16,1759585,301,134875.84,8.3
356,d,2015,1011942.36,1105002,174,93059.64,9.2
357,a,2014,2240729.75,2319846,289,79116.25,3.53
357,a,2015,1378937.59,1405977,176,27039.41,1.96
358,a,2014,3167038.63,3127950,302,-39088.63,-1.23
358,a,2015,1840191.29,1831039,175,-9152.29,-0.5
359,d,2014,2129804.11,2079546,302,-50258.11,-2.36
359,d,2015,1231405.6,1193347,175,-38058.6,-3.09
360,a,2014,2173648.06,2103219,304,-70429.06,-3.24
360,a,2015,1225446.62,1226689,176,1242.38,0.1
361,c,2014,1912460.74,1917658,302,5197.26,0.27
361,c,2015,1143441.02,1111560,175,-31881.02,-2.79
362,c,2014,2875324.36,2831838,303,-43486.36,-1.51
362,c,2015,1606538.41,1703099,175,96560.59,6.01
363,a,2014,2184909.31,2187099,304,2189.69,0.1
363,a,2015,1290236.06,1286284,176,-3952.06,-0.31
364,a,2014,1307032.03,1437269,302,130236.97,9.96
364,a,2015,823479.95,864793,175,41313.05,5.02
365,c,2014,795582.04,790476,147,-5106.04,-0.64
365,c,2015,814741.03,821167,147,6425.97,0.79
366,d,2014,1896483.42,1906875,302,10391.58,0.55
366,d,2015,1100178.33,1083121,175,-17057.33,-1.55
367,d,2014,1591191.27,1604867,304,13675.73,0.86
367,d,2015,943380.76,971155,176,27774.24,2.94
368,d,2014,2864632.56,2948032,301,83399.44,2.91
368,d,2015,1742107.81,1793307,174,51199.19,2.94
369,d,2014,2234486.94,2052746,303,-181740.94,-8.13
369,d,2015,1226348.75,1136348,175,-90000.75,-7.34
370,d,2014,2345392.81,2317365,302,-28027.81,-1.2
370,d,2015,1374978.54,1368233,175,-6745.54,-0.49
371,d,2014,2172601.05,2070606,303,-101995.05,-4.69
371,d,2015,1204393.14,1203941,175,-452.14,-0.04
372,d,2014,2626913.4,2665909,302,38995.6,1.48
372,d,2015,1548429.25,1632494,175,84064.75,5.43
373,d,2014,1331506.64,1403594,301,72087.36,5.41
373,d,2015,808930.3,823347,174,14416.7,1.78
374,a,2014,2165267.33,2115794,304,-49473.33,-2.28
374,a,2015,1261610.28,1279942,176,18331.72,1.45
375,a,2014,2814869.01,2784685,302,-30184.01,-1.07
375,a,2015,1602720.19,1627839,175,25118.81,1.57
376,a,2014,2525188.34,2514513,294,-10675.34,-0.42
376,a,2015,1589391.15,1491994,176,-97397.15,-6.13
377,a,2014,2291249.06,2450432,304,159182.94,6.95
377,a,2015,1349419.79,1457005,176,107585.21,7.97
378,a,2014,1682818.93,2085263,302,402444.07,23.91
378,a,2015,1196147.53,1212005,175,15857.47,1.33
379,d,2014,1201149.27,1175158,304,-25991.27,-2.16
379,d,2015,696738.64,718965,176,22226.36,3.19
380,a,2014,4552933.91,4348247,302,-204686.91,-4.5
380,a,2015,2606726.77,2501507,175,-105219.77,-4.04
381,a,2014,2717584.33,2760334,302,42749.67,1.57
381,a,2015,1634702.49,1616696,175,-18006.49,-1.1
382,c,2014,2439596.44,2456077,302,16480.56,0.68
382,c,2015,1414432.87,1401294,175,-13138.87,-0.93
383,a,2014,5425449.65,5247444,303,-178005.65,-3.28
383,a,2015,3094238.74,2982682,174,-111556.74,-3.61
384,a,2014,2597416.63,2760704,303,163287.37,6.29
384,a,2015,1560047.15,1660910,176,100862.85,6.47
385,d,2014,1081416.5,1083590,147,2173.5,0.2
385,d,2015,1116923.92,1112683,147,-4240.92,-0.38
386,d,2014,2756233.82,2350133,302,-406100.82,-14.73
386,d,2015,1466566.04,1234554,175,-232012.04,-15.82
387,c,2014,2811321.62,2727413,290,-83908.62,-2.98
387,c,2015,1697746.89,1626379,174,-71367.89,-4.2
388,a,2014,3092258.79,3145837,302,53578.21,1.73
388,a,2015,1846463.02,1847445,175,981.98,0.05
389,a,2014,3058851.77,3180464,304,121612.23,3.98
389,a,2015,1837156.73,1956422,176,119265.27,6.49
390,a,2014,3479520.16,3483895,300,4374.84,0.13
390,a,2015,2123039.41,2121318,176,-1721.41,-0.08
391,a,2014,1742475.23,1797169,302,54693.77,3.14
391,a,2015,1087519.77,982340,175,-105179.77,-9.67
392,a,2014,2177818.61,2244199,302,66380.39,3.05
392,a,2015,1306173.39,1315964,175,9790.61,0.75
393,d,2014,1850142.01,1768483,302,-81659.01,-4.41
393,d,2015,1043845.9,1037065,175,-6780.9,-0.65
394,d,2014,2525043.08,2539381,303,14337.92,0.57
394,d,2015,1479873.82,1537288,175,57414.18,3.88
395,a,2014,1227907.77,1210079,302,-17828.77,-1.45
395,a,2015,702430.24,707590,175,5159.76,0.73
396,a,2014,3124655.07,3114228,302,-10427.07,-0.33
396,a,2015,1801237.94,1821770,175,20532.06,1.14
397,a,2014,1588907.12,1744075,302,155167.88,9.77
397,a,2015,1009731.44,1059117,175,49385.56,4.89
398,c,2014,1655073.72,1713364,304,58290.28,3.52
398,c,2015,979659.06,991396,176,11736.94,1.2
399,a,2014,791126.0,792643,147,1517.0,0.19
399,a,2015,817535.04,885564,147,68028.96,8.32
400,a,2014,2619076.89,2709586,303,90509.11,3.46
400,a,2015,1571577.86,1591378,176,19800.14,1.26
401,a,2014,2046705.26,2182199,302,135493.74,6.62
401,a,2015,1245080.23,1315226,176,70145.77,5.63
402,c,2014,1797974.73,1798933,302,958.27,0.05
402,c,2015,1016078.63,1023710,175,7631.37,0.75
403,a,2014,2322527.19,2236005,302,-86522.19,-3.73
403,a,2015,1317756.18,1330604,175,12847.82,0.97
404,a,2014,1404376.06,1473737,301,69360.94,4.94
404,a,2015,873059.72,895769,174,22709.28,2.6
405,a,2014,1401697.66,1361480,302,-40217.66,-2.87
405,a,2015,801863.09,802050,175,186.91,0.02
406,d,2014,1574478.81,1972261,302,397782.19,25.26
406,d,2015,1123580.09,1262224,175,138643.91,12.34
407,a,2014,557306.67,564540,147,7233.33,1.3
407,a,2015,582242.35,614977,147,32734.65,5.62
408,c,2014,1420571.24,1411289,301,-9282.24,-0.65
408,c,2015,841642.6,880350,174,38707.4,4.6
409,d,2014,1606155.21,1696833,303,90677.79,5.65
409,d,2015,1005047.49,1062694,175,57646.51,5.74
410,c,2014,1950492.83,1951935,302,1442.17,0.07
410,c,2015,1145145.74,1177921,175,32775.26,2.86
411,d,2014,2740736.19,2791110,303,50373.81,1.84
411,d,2015,1633124.16,1685581,175,52456.84,3.21
412,d,2014,1302964.32,1370112,147,67147.68,5.15
412,d,2015,1410956.2,1401804,147,-9152.2,-0.65
413,a,2014,1033421.25,1046575,147,13153.75,1.27
413,a,2015,1078723.72,1064368,147,-14355.72,-1.33
414,d,2014,1922393.51,1956647,303,34253.49,1.78
414,d,2015,1143650.1,1200112,175,56461.9,4.94
415,d,2014,1867541.71,1905450,302,37908.29,2.03
415,d,2015,1113766.57,1147558,176,33791.43,3.03
416,a,2014,3346282.29,3379662,304,33379.71,1.0
416,a,2015,1954110.86,2006764,176,52653.14,2.69
417,a,2014,2489228.17,2282194,302,-207034.17,-8.32
417,a,2015,1379465.33,1250687,175,-128778.33,-9.34
418,a,2014,1595993.99,1604346,301,8352.01,0.52
418,a,2015,946318.38,942271,174,-4047.38,-0.43
419,c,2014,1651805.45,1605072,304,-46733.45,-2.83
419,c,2015,934304.85,957255,176,22950.15,2.46
420,d,2014,611527.0,665519,147,53992.0,8.83
420,d,2015,685845.26,741241,147,55395.74,8.08
421,c,2014,3013646.14,2892050,304,-121596.14,-4.03
421,c,2015,1614001.34,1701885,176,87883.66,5.45
422,a,2014,1404714.34,1416625,304,11910.66,0.85
422,a,2015,810245.41,795161,176,-15084.41,-1.86
423,b,2014,4058462.65,3883853,365,-174609.65,-4.3
423,b,2015,2317953.2,2376248,212,58294.8,2.51
424,d,2014,1966357.56,2153144,302,186786.44,9.5
424,d,2015,1249982.92,1336661,175,86678.08,6.93
425,d,2014,960706.45,990336,301,29629.55,3.08
425,d,2015,580710.98,590417,174,9706.02,1.67
426,a,2014,1560105.52,1533537,302,-26568.52,-1.7
426,a,2015,905625.58,902136,175,-3489.58,-0.39
427,a,2014,1177031.49,1093053,147,-83978.49,-7.13
427,a,2015,1127150.12,1123679,147,-3471.12,-0.31
428,d,2014,901005.62,948128,147,47122.38,5.23
428,d,2015,977427.57,911262,147,-66165.57,-6.77
429,d,2014,775937.47,771101,147,-4836.47,-0.62
429,d,2015,794828.89,779002,147,-15826.89,-1.99
430,d,2014,1227714.77,1248552,147,20837.23,1.7
430,d,2015,1286588.09,1297098,147,10509.91,0.82
431,d,2014,2835463.18,2911744,302,76280.82,2.69
431,d,2015,1720811.55,1759711,175,38899.45,2.26
432,a,2014,3348786.28,3317572,304,-31214.28,-0.93
432,a,2015,1922013.84,2043348,176,121334.16,6.31
433,a,2014,1833849.25,1787184,330,-46665.25,-2.54
433,a,2015,1066219.79,1041000,199,-25219.79,-2.37
434,a,2014,1402714.53,1442263,147,39548.47,2.82
434,a,2015,1486347.3,1555420,147,69072.7,4.65
435,a,2014,1051406.1,974693,302,-76713.1,-7.3
435,a,2015,597451.71,559329,175,-38122.71,-6.38
436,d,2014,1689693.05,1691241,302,1547.95,0.09
436,d,2015,1009794.09,968121,176,-41673.09,-4.13
437,c,2014,2244055.38,2284126,302,40070.62,1.79
437,c,2015,1292582.37,1288344,176,-4238.37,-0.33
438,d,2014,1461833.48,1600965,302,139131.52,9.52
438,d,2015,921257.24,1002346,176,81088.76,8.8
439,a,2014,2289365.62,2205726,304,-83639.62,-3.65
439,a,2015,1285791.15,1294174,176,8382.85,0.65
440,d,2014,1537352.24,1554102,301,16749.76,1.09
440,d,2015,913163.09,956987,174,43823.91,4.8
441,d,2014,1835747.23,1947774,302,112026.77,6.1
441,d,2015,1135020.46,1203050,175,68029.54,5.99
442,c,2014,1289372.13,1333531,301,44158.87,3.42
442,c,2015,774873.39,815556,174,40682.61,5.25
443,d,2014,1612149.2,1592317,302,-19832.2,-1.23
443,d,2015,914994.69,941033,176,26038.31,2.85
444,c,2014,3835803.43,3741244,302,-94559.43,-2.47
444,c,2015,2116925.37,2045216,176,-71709.37,-3.39
445,a,2014,2653571.06,2598029,301,-55542.06,-2.09
445,a,2015,1502626.08,1501610,174,-1016.08,-0.07
446,a,2014,1510103.6,1525186,302,15082.4,1.0
446,a,2015,908254.88,853632,175,-54622.88,-6.01
447,a,2014,1631348.41,1620624,304,-10724.41,-0.66
447,a,2015,951201.27,957465,176,6263.73,0.66
448,a,2014,2584597.24,2577704,302,-6893.24,-0.27
448,a,2015,1506819.95,1526642,175,19822.05,1.32
449,a,2014,3612917.98,3417598,303,-195319.98,-5.41
449,a,2015,1984803.35,1871649,175,-113154.35,-5.7
450,c,2014,2750339.47,2607675,301,-142664.47,-5.19
450,c,2015,1522218.25,1549766,174,27547.75,1.81
451,a,2014,1658033.3,1649918,303,-8115.3,-0.49
451,a,2015,970936.31,990495,175,19558.69,2.01
452,a,2014,1757679.82,1502935,304,-254744.82,-14.49
452,a,2015,866522.97,828679,176,-37843.97,-4.37
453,a,2014,2742776.61,2693421,345,-49355.61,-1.8
453,a,2015,1533260.99,1556427,199,23166.01,1.51
454,a,2014,1799128.84,1743772,302,-55356.84,-3.08
454,a,2015,1018358.39,1026648,175,8289.61,0.81
455,d,2014,2055527.65,2320835,301,265307.35,12.91
455,d,2015,1311297.1,1408405,174,97107.9,7.41
456,a,2014,1991973.93,1843929,302,-148044.93,-7.43
456,a,2015,1089870.66,1048972,175,-40898.66,-3.75
457,d,2014,621449.21,719504,147,98054.79,15.78
457,d,2015,741694.99,800698,147,59003.01,7.96
458,c,2014,2366841.61,2281321,303,-85520.61,-3.61
458,c,2015,1363131.48,1346503,175,-16628.48,-1.22
459,a,2014,2835965.98,2808912,304,-27053.98,-0.95
459,a,2015,1629038.24,1636469,176,7430.76,0.46
460,a,2014,1152926.21,1142128,302,-10798.21,-0.94
460,a,2015,660481.19,651539,175,-8942.19,-1.35
461,d,2014,1548982.44,1420018,301,-128964.44,-8.33
461,d,2015,814129.29,833829,174,19699.71,2.42
462,a,2014,1541168.14,1462729,302,-78439.14,-5.09
462,a,2015,843006.06,808447,175,-34559.06,-4.1
463,a,2014,1850037.91,1855738,302,5700.09,0.31
463,a,2015,1099620.59,1097586,175,-2034.59,-0.19
464,c,2014,3416063.15,3230564,304,-185499.15,-5.43
464,c,2015,1850626.78,1802484,176,-48142.78,-2.6
465,d,2014,2343299.3,2363977,303,20677.7,0.88
465,d,2015,1371042.95,1428590,175,57547.05,4.2
466,a,2014,2349135.0,2362316,302,13181.0,0.56
466,a,2015,1385762.37,1370684,175,-15078.37,-1.09
467,a,2014,4202825.34,4105126,302,-97699.34,-2.32
467,a,2015,2417833.1,2322933,175,-94900.1,-3.93
468,c,2014,2233340.2,2025341,304,-207999.2,-9.31
468,c,2015,1204454.47,1041950,176,-162504.47,-13.49
469,c,2014,3869966.87,3555745,304,-314221.87,-8.12
469,c,2015,2069616.49,2024201,176,-45415.49,-2.19
470,a,2014,4158689.95,4027614,301,-131075.95,-3.15
470,a,2015,2200807.08,2114167,174,-86640.08,-3.94
471,d,2014,1039112.92,1047693,147,8580.08,0.83
471,d,2015,1080178.2,1056888,147,-23290.2,-2.16
472,c,2014,1617685.73,1575328,304,-42357.73,-2.62
472,c,2015,924877.27,936474,176,11596.73,1.25
473,a,2014,1119935.31,1069544,302,-50391.31,-4.5
473,a,2015,623535.22,612716,175,-10819.22,-1.74
474,c,2014,2311731.76,2297604,303,-14127.76,-0.61
474,c,2015,1340925.58,1347539,176,6613.42,0.49
475,a,2014,2015841.76,1950132,301,-65709.76,-3.26
475,a,2015,1151401.56,1118328,174,-33073.56,-2.87
476,d,2014,1809938.18,1768663,302,-41275.18,-2.28
476,d,2015,1050527.92,1041259,176,-9268.92,-0.88
477,d,2014,911630.79,923513,147,11882.21,1.3
477,d,2015,951646.55,922151,147,-29495.55,-3.1
478,d,2014,2124570.53,2056787,304,-67783.53,-3.19
478,d,2015,1206748.31,1219786,176,13037.69,1.08
479,a,2014,3456812.18,3441036,303,-15776.18,-0.46
479,a,2015,1979861.36,1981489,175,1627.64,0.08
480,a,2014,1539062.17,1505963,304,-33099.17,-2.15
480,a,2015,882916.84,871416,176,-11500.84,-1.3
481,c,2014,1350907.43,1678031,303,327123.57,24.22
481,c,2015,969949.49,1039440,175,69490.51,7.16
482,c,2014,2709105.37,2493091,303,-216014.37,-7.97
482,c,2015,1423945.01,1391935,175,-32010.01,-2.25
483,a,2014,1509656.02,1519561,302,9904.98,0.66
483,a,2015,875199.03,872382,175,-2817.03,-0.32
484,a,2014,2401436.61,2335736,304,-65700.61,-2.74
484,a,2015,1330722.76,1386003,176,55280.24,4.15
485,d,2014,644892.38,739921,147,95028.62,14.74
485,d,2015,762937.14,780070,147,17132.86,2.25
486,a,2014,1257045.0,1322909,302,65864.0,5.24
486,a,2015,777628.2,782723,175,5094.8,0.66
487,d,2014,2090657.72,2180720,304,90062.28,4.31
487,d,2015,1241676.02,1279184,176,37507.98,3.02
488,a,2014,1155676.01,1120112,304,-35564.01,-3.08
488,a,2015,655457.25,648938,176,-6519.25,-0.99
489,a,2014,2240966.15,2224619,302,-16347.15,-0.73
489,a,2015,1298484.88,1296200,175,-2284.88,-0.18
490,a,2014,1220629.21,1195189,147,-25440.21,-2.08
490,a,2015,1231356.45,1257435,147,26078.55,2.12
491,d,2014,1946571.07,2097612,301,151040.93,7.76
491,d,2015,1216421.04,1252633,174,36211.96,2.98
492,a,2014,1046913.83,1096994,138,50080.17,4.78
492,a,2015,1210353.62,1190167,147,-20186.62,-1.67
493,d,2014,2335969.88,2598801,302,262831.12,11.25
493,d,2015,1509200.45,1598755,175,89554.55,5.93
494,b,2014,2825417.72,2810930,365,-14487.72,-0.51
494,b,2015,1650487.45,1651583,212,1095.55,0.07
495,d,2014,1529187.28,1565282,301,36094.72,2.36
495,d,2015,918764.87,953078,174,34313.13,3.73
496,d,2014,2361681.76,2329746,304,-31935.76,-1.35
496,d,2015,1355843.04,1439822,176,83978.96,6.19
497,a,2014,2774596.85,2791072,303,16475.15,0.59
497,a,2015,1639225.31,1596944,175,-42281.31,-2.58
498,a,2014,1049498.21,1034744,147,-14754.21,-1.41
498,a,2015,1065865.45,1050032,147,-15833.45,-1.49
499,c,2014,1453139.74,1570390,301,117250.26,8.07
499,c,2015,898350.91,1023597,174,125246.09,13.94
500,d,2014,671454.41,792374,147,120919.59,18.01
500,d,2015,816175.03,906734,147,90558.97,11.1
501,a,2014,828308.21,755895,147,-72413.21,-8.74
501,a,2015,778691.97,740071,147,-38620.97,-4.96
502,a,2014,3309585.08,3264504,296,-45081.08,-1.36
502,a,2015,2015365.27,1826537,175,-188828.27,-9.37
503,d,2014,1965236.42,2084092,302,118855.58,6.05
503,d,2015,1220912.38,1230804,175,9891.62,0.81
504,c,2014,2062818.15,2011494,304,-51324.15,-2.49
504,c,2015,1193566.82,1219578,176,26011.18,2.18
505,a,2014,1446820.15,1434178,301,-12642.15,-0.87
505,a,2015,858287.47,870232,174,11944.53,1.39
506,a,2014,2378937.41,2309915,302,-69022.41,-2.9
506,a,2015,1396459.85,1290139,175,-106320.85,-7.61
507,a,2014,2578079.9,2571155,302,-6924.9,-0.27
507,a,2015,1485857.01,1517761,175,31903.99,2.15
508,a,2014,1899090.33,2115462,301,216371.67,11.39
508,a,2015,1218256.81,1295652,174,77395.19,6.35
509,a,2014,1916714.29,1869729,303,-46985.29,-2.45
509,a,2015,1101129.04,1056022,175,-45107.04,-4.1
510,a,2014,2557258.88,2479542,302,-77716.88,-3.04
510,a,2015,1461144.96,1427059,175,-34085.96,-2.33
511,a,2014,1726603.57,1743438,304,16834.43,0.98
511,a,2015,1035166.58,1021118,176,-14048.58,-1.36
512,b,2014,904910.05,1005914,181,101003.95,11.16
512,b,2015,1036091.42,1137564,181,101472.58,9.79
513,a,2014,5986559.49,5343928,304,-642631.49,-10.73
513,a,2015,3179273.93,3099159,176,-80114.93,-2.52
514,c,2014,781727.4,853149,147,71421.6,9.14
514,c,2015,879289.87,936740,147,57450.13,6.53
515,d,2014,2746798.97,2773056,302,26257.03,0.96
515,d,2015,1607161.47,1620808,175,13646.53,0.85
516,a,2014,1721658.46,1833889,302,112230.54,6.52
516,a,2015,1051830.48,1077962,175,26131.52,2.48
517,a,2014,1773136.93,1812982,303,39845.07,2.25
517,a,2015,1067411.32,1065951,176,-1460.32,-0.14
518,d,2014,835501.81,886910,147,51408.19,6.15
518,d,2015,914539.06,920397,147,5857.94,0.64
519,c,2014,1667788.84,1596362,304,-71426.84,-4.28
519,c,2015,891066.96,946425,176,55358.04,6.21
520,a,2014,1182451.5,1197258,304,14806.5,1.25
520,a,2015,680470.16,689047,176,8576.84,1.26
521,d,2014,1586534.45,1586363,302,-171.45,-0.01
521,d,2015,928668.21,912304,175,-16364.21,-1.76
522,d,2014,1171906.82,1195956,147,24049.18,2.05
522,d,2015,1233036.11,1288759,147,55722.89,4.52
523,c,2014,5668964.81,4226579,304,-1442385.81,-25.44
523,c,2015,2466643.5,2450790,176,-15853.5,-0.64
524,a,2014,2639117.15,2695590,341,56472.85,2.14
524,a,2015,1527253.1,1539357,199,12103.9,0.79
525,d,2014,3303034.17,3051956,304,-251078.17,-7.6
525,d,2015,1775103.83,1756509,175,-18594.83,-1.05
526,a,2014,3209745.42,3296369,303,86623.58,2.7
526,a,2015,1945269.67,1904001,176,-41268.67,-2.12
527,d,2014,3258627.48,3308797,303,50169.52,1.54
527,d,2015,1927256.29,1917544,175,-9712.29,-0.5
528,a,2014,3298463.17,3249289,302,-49174.17,-1.49
528,a,2015,1900945.03,1892415,175,-8530.03,-0.45
529,d,2014,2353595.13,2429364,304,75768.87,3.22
529,d,2015,1393366.06,1421978,176,28611.94,2.05
530,a,2014,1591490.41,1684021,348,92530.59,5.81
530,a,2015,934270.77,954303,203,20032.23,2.14
531,a,2014,1462154.05,1522637,304,60482.95,4.14
531,a,2015,865625.13,901596,176,35970.87,4.16
532,a,2014,3301037.23,3276938,302,-24099.23,-0.73
532,a,2015,1928410.77,2008858,175,80447.23,4.17
533,a,2014,2766301.55,2895453,301,129151.45,4.67
533,a,2015,1669577.14,1920521,174,250943.86,15.03
534,d,2014,1136882.96,1096032,147,-40850.96,-3.59
534,d,2015,1130255.83,1142167,147,11911.17,1.05
535,a,2014,2470588.88,2476240,302,5651.12,0.23
535,a,2015,1474273.19,1451468,175,-22805.19,-1.55
536,a,2014,2523522.65,2582518,302,58995.35,2.34
536,a,2015,1529454.52,1457415,175,-72039.52,-4.71
537,a,2014,1560897.61,1749255,301,188357.39,12.07
537,a,2015,1031319.09,1069566,174,38246.91,3.71
538,a,2014,1206906.55,1150466,304,-56440.55,-4.68
538,a,2015,689031.77,704018,176,14986.23,2.17
539,a,2014,1724302.86,1643950,147,-80352.86,-4.66
539,a,2015,1693789.3,1679972,147,-13817.3,-0.82
540,d,2014,662643.07,863443,147,200799.93,30.3
540,d,2015,890357.94,1032219,147,141861.06,15.93
541,a,2014,1998115.02,2080458,302,82342.98,4.12
541,a,2015,1192231.81,1219993,175,27761.19,2.33
542,a,2014,933693.61,906601,147,-27092.61,-2.9
542,a,2015,934283.38,929258,147,-5025.38,-0.54
543,c,2014,897318.43,826888,303,-70430.43,-7.85
543,c,2015,493219.71,482720,175,-10499.71,-2.13
544,a,2014,4605179.59,4176818,302,-428361.59,-9.3
544,a,2015,2512914.59,2350552,176,-162362.59,-6.46
545,a,2014,3179337.47,3252880,302,73542.53,2.31
545,a,2015,1921622.42,1950892,175,29269.58,1.52
546,a,2014,4115526.75,4207506,304,91979.25,2.23
546,a,2015,2490306.14,2526663,176,36356.86,1.46
547,d,2014,782919.72,852757,147,69837.28,8.92
547,d,2015,878534.95,890029,147,11494.05,1.31
548,d,2014,1436434.23,1510386,290,73951.77,5.15
548,d,2015,851501.56,933182,175,81680.44,9.59
549,a,2014,1399179.21,1417935,304,18755.79,1.34
549,a,2015,817764.5,864028,176,46263.5,5.66
550,d,2014,1693768.28,1894527,303,200758.72,11.85
550,d,2015,1095316.99,1129475,175,34158.01,3.12
551,a,2014,2008371.26,2007364,304,-1007.26,-0.05
551,a,2015,1174391.43,1186859,176,12467.57,1.06
552,a,2014,2379820.35,2372555,303,-7265.35,-0.31
552,a,2015,1411072.78,1351745,175,-59327.78,-4.2
553,c,2014,2069917.41,2160238,301,90320.59,4.36
553,c,2015,1249798.66,1298064,174,48265.34,3.86
554,c,2014,1224316.57,1417943,304,193626.43,15.82
554,c,2015,799435.82,906698,176,107262.18,13.42
555,d,2014,807267.26,714433,147,-92834.26,-11.5
555,d,2015,735964.13,703560,147,-32404.13,-4.4
556,d,2014,2086514.59,2294939,304,208424.41,9.99
556,d,2015,1332878.88,1302551,175,-30327.88,-2.28
557,a,2014,1390412.11,1324904,302,-65508.11,-4.71
557,a,2015,775364.16,741545,175,-33819.16,-4.36
558,a,2014,1040620.3,973573,304,-67047.3,-6.44
558,a,2015,596407.0,558409,176,-37998.0,-6.37
559,d,2014,1800663.9,1793143,302,-7520.9,-0.42
559,d,2015,1068386.3,1044101,175,-24285.3,-2.27
560,c,2014,4063510.61,4135298,304,71787.39,1.77
560,c,2015,2394241.47,2505066,176,110824.53,4.63
561,d,2014,2172363.07,2071007,302,-101356.07,-4.67
561,d,2015,1220652.83,1209968,175,-10684.83,-0.88
562,b,2014,6733368.53,6576882,365,-156486.53,-2.32
562,b,2015,3908758.33,3813189,212,-95569.33,-2.45
563,a,2014,1742499.88,1730968,301,-11531.88,-0.66
563,a,2015,1016158.35,858360,174,-157798.35,-15.53
564,d,2014,1634477.92,1685141,302,50663.08,3.1
564,d,2015,974804.07,1036777,175,61972.93,6.36
565,a,2014,2002308.83,2030245,302,27936.17,1.4
565,a,2015,1181933.56,1199433,175,17499.44,1.48
566,a,2014,1386826.62,1519511,304,132684.38,9.57
566,a,2015,866375.06,980640,176,114264.94,13.19
567,c,2014,1613935.7,1622435,302,8499.3,0.53
567,c,2015,970927.64,896107,175,-74820.64,-7.71
568,d,2014,1380034.62,1530022,303,149987.38,10.87
568,d,2015,877082.11,941620,175,64537.89,7.36
569,a,2014,1414197.95,1370078,304,-44119.95,-3.12
569,a,2015,813995.26,800656,176,-13339.26,-1.64
570,a,2014,1522028.82,1322100,302,-199928.82,-13.14
570,a,2015,805902.03,736564,175,-69338.03,-8.6
571,d,2014,1085253.92,1135270,147,50016.08,4.61
571,d,2015,1169447.52,1252976,147,83528.48,7.14
572,d,2014,2121023.61,2082293,302,-38730.61,-1.83
572,d,2015,1212359.11,1207767,172,-4592.11,-0.38
573,a,2014,587700.19,584492,147,-3208.19,-0.55
573,a,2015,602476.2,573243,147,-29233.2,-4.85
574,d,2014,2702500.97,2687409,301,-15091.97,-0.56
574,d,2015,1596852.75,1598684,174,1831.25,0.11
575,a,2014,770194.66,812708,147,42513.34,5.52
575,a,2015,838895.48,830893,147,-8002.48,-0.95
576,c,2014,2125769.68,2085490,304,-40279.68,-1.89
576,c,2015,1228170.78,1327530,176,99359.22,8.09
577,a,2014,1578811.95,1505984,304,-72827.95,-4.61
577,a,2015,901487.95,846018,176,-55469.95,-6.15
578,d,2014,2813011.56,2858018,346,45006.44,1.6
578,d,2015,1679175.01,1723226,202,44050.99,2.62
579,c,2014,2608830.85,2560416,302,-48414.85,-1.86
579,c,2015,1529018.71,1372185,175,-156833.71,-10.26
580,a,2014,3372321.38,3065179,304,-307142.38,-9.11
580,a,2015,1742196.98,1659200,176,-82996.98,-4.76
581,a,2014,1675874.99,1614327,302,-61547.99,-3.67
581,a,2015,963235.25,915661,175,-47574.25,-4.94
582,a,2014,2207278.61,2160389,304,-46889.61,-2.12
582,a,2015,1253070.41,1199697,175,-53373.41,-4.26
583,a,2014,1333357.53,1308635,302,-24722.53,-1.85
583,a,2015,771425.79,757947,175,-13478.79,-1.75
584,d,2014,1417677.2,1441683,303,24005.8,1.69
584,d,2015,832130.34,882475,175,50344.66,6.05
585,d,2014,1981461.25,1652861,304,-328600.25,-16.58
585,d,2015,1013413.75,874181,176,-139232.75,-13.74
586,a,2014,4529508.39,4673194,301,143685.61,3.17
586,a,2015,2639048.8,2679967,174,40918.2,1.55
587,d,2014,1290178.18,1419965,147,129786.82,10.06
587,d,2015,1464071.16,1575363,147,111291.84,7.6
588,d,2014,1872402.79,1900723,304,28320.21,1.51
588,d,2015,1080920.97,1108550,176,27629.03,2.56
589,a,2014,1091946.62,1433564,279,341617.38,31.29
589,a,2015,893361.74,920966,175,27604.26,3.09
590,d,2014,1451237.07,1546307,301,95069.93,6.55
590,d,2015,930277.44,916355,174,-13922.44,-1.5
591,a,2014,1767568.44,1703529,301,-64039.44,-3.62
591,a,2015,1008945.19,1007470,174,-1475.19,-0.15
592,a,2014,1392534.13,1335126,302,-57408.13,-4.12
592,a,2015,783547.96,780763,175,-2784.96,-0.36
593,a,2014,2986813.2,2915347,304,-71466.2,-2.39
593,a,2015,1671806.59,1642530,176,-29276.59,-1.75
594,a,2014,1266550.05,1267959,304,1408.95,0.11
594,a,2015,747130.99,761052,176,13921.01,1.86
595,c,2014,4698463.76,4473224,304,-225239.76,-4.79
595,c,2015,2607792.72,2747424,176,139631.28,5.35
596,c,2014,1374042.61,1367882,304,-6160.61,-0.45
596,c,2015,766133.91,832356,176,66222.09,8.64
597,a,2014,1521590.45,1566503,302,44912.55,2.95
597,a,2015,909560.9,916191,175,6630.1,0.73
598,c,2014,932731.22,827658,147,-105073.22,-11.27
598,c,2015,852985.71,865383,147,12397.29,1.45
599,d,2014,3036238.9,2971429,304,-64809.9,-2.13
599,d,2015,1755994.56,1742434,176,-13560.56,-0.77
600,d,2014,2080445.61,2169340,304,88894.39,4.27
600,d,2015,1231684.68,1298269,176,66584.32,5.41
601,d,2014,1495541.35,1491366,303,-4175.35,-0.28
601,d,2015,872024.31,867859,175,-4165.31,-0.48
602,a,2014,1899239.95,1940725,303,41485.05,2.18
602,a,2015,1139538.07,1139020,175,-518.07,-0.05
603,a,2014,2014400.52,2109290,301,94889.48,4.71
603,a,2015,1223757.46,1313430,174,89672.54,7.33
604,d,2014,1208073.78,1191414,147,-16659.78,-1.38
604,d,2015,1227699.48,1088164,147,-139535.48,-11.37
605,d,2014,2058757.39,2172122,301,113364.61,5.51
605,d,2015,1270387.88,1287000,174,16612.12,1.31
606,a,2014,1843481.8,1757927,304,-85554.8,-4.64
606,a,2015,1034046.17,1032661,176,-1385.17,-0.13
607,a,2014,1223649.48,1208139,303,-15510.48,-1.27
607,a,2015,704168.75,657778,176,-46390.75,-6.59
608,a,2014,2785885.09,2870854,302,84968.91,3.05
608,a,2015,1652819.66,1695592,175,42772.34,2.59
609,a,2014,1426913.38,1401444,304,-25469.38,-1.78
609,a,2015,823846.78,850824,176,26977.22,3.27
610,a,2014,1298785.98,1264585,302,-34200.98,-2.63
610,a,2015,748194.57,746745,175,-1449.57,-0.19
611,a,2014,867075.17,824769,147,-42306.17,-4.88
611,a,2015,849018.28,872092,147,23073.72,2.72
612,d,2014,1017381.51,1001807,147,-15574.51,-1.53
612,d,2015,1033233.85,1007295,147,-25938.85,-2.51
613,c,2014,2121763.08,2058613,303,-63150.08,-2.98
613,c,2015,1186940.65,1147955,176,-38985.65,-3.28
614,a,2014,2027307.58,2044854,302,17546.42,0.87
614,a,2015,1172061.78,1130496,176,-41565.78,-3.55
615,d,2014,3090171.68,2941177,303,-148994.68,-4.82
615,d,2015,1725128.77,1649822,175,-75306.77,-4.37
616,a,2014,2666429.22,2547248,302,-119181.22,-4.47
616,a,2015,1521440.86,1480080,175,-41360.86,-2.72
617,a,2014,1928192.54,1938405,302,10212.46,0.53
617,a,2015,1127781.12,1153128,176,25346.88,2.25
618,d,2014,2009949.1,2098110,303,88160.9,4.39
618,d,2015,1220860.93,1288075,175,67214.07,5.51
619,a,2014,620349.68,631282,147,10932.32,1.76
619,a,2015,650657.46,641169,147,-9488.46,-1.46
620,d,2014,1076774.02,1127584,147,50809.98,4.72
620,d,2015,1161912.8,1245082,147,83169.2,7.16
621,a,2014,1796784.14,1798245,302,1460.86,0.08
621,a,2015,1056678.62,1068687,175,12008.38,1.14
622,a,2014,1328891.05,1325956,304,-2935.05,-0.22
622,a,2015,761850.18,770329,176,8478.82,1.11
623,a,2014,2183201.02,2050574,289,-132627.02,-6.07
623,a,2015,1311605.56,1225151,175,-86454.56,-6.59
624,a,2014,2194989.24,2114288,302,-80701.24,-3.68
624,a,2015,1227868.24,1227060,175,-808.24,-0.07
625,a,2014,1926370.85,1911180,302,-15190.85,-0.79
625,a,2015,1123985.28,1129992,175,6006.72,0.53
626,c,2014,2944519.44,2827201,302,-117318.44,-3.98
626,c,2015,1635813.98,1637641,176,1827.02,0.11
627,c,2014,1701484.46,1861707,303,160222.54,9.42
627,c,2015,1096993.88,1168251,175,71257.12,6.5
628,a,2014,1937105.38,1896236,304,-40869.38,-2.11
628,a,2015,1121800.81,1110425,176,-11375.81,-1.01
629,d,2014,1200180.65,1191725,147,-8455.65,-0.7
629,d,2015,1228116.33,915944,147,-312172.33,-25.42
630,a,2014,2144777.16,2173928,302,29150.84,1.36
630,a,2015,1257618.8,1152192,175,-105426.8,-8.38
631,d,2014,1599086.29,1671221,304,72134.71,4.51
631,d,2015,953095.91,1011389,176,58293.09,6.12
632,a,2014,2123983.11,2109948,304,-14035.11,-0.66
632,a,2015,1263263.55,1340494,176,77230.45,6.11
633,d,2014,1054153.19,1068238,147,14084.81,1.34
633,d,2015,1100406.2,1089123,147,-11283.2,-1.03
634,d,2014,2013516.26,2085125,302,71608.74,3.56
634,d,2015,1192696.13,1199880,176,7183.87,0.6
635,a,2014,1802380.65,1814808,302,12427.35,0.69
635,a,2015,1056067.1,1042730,175,-13337.1,-1.26
636,c,2014,867156.09,861363,147,-5793.09,-0.67
636,c,2015,888636.87,927035,147,38398.13,4.32
637,d,2014,1246994.73,1283755,147,36760.27,2.95
637,d,2015,1322976.88,1297693,147,-25283.88,-1.91
638,d,2014,876073.65,886322,147,10248.35,1.17
638,d,2015,913410.59,911720,147,-1690.59,-0.19
639,a,2014,1506383.22,1437954,302,-68429.22,-4.54
639,a,2015,857295.89,790144,175,-67151.89,-7.83
640,d,2014,3474478.56,3515513,302,41034.44,1.18
640,d,2015,2044572.05,2102543,175,57970.95,2.84
641,a,2014,1811155.03,1769603,302,-41552.03,-2.29
641,a,2015,1027399.16,965994,175,-61405.16,-5.98
642,c,2014,1139795.01,1100677,302,-39118.01,-3.43
642,c,2015,646205.6,639936,175,-6269.6,-0.97
643,a,2014,2502437.47,2450862,304,-51575.47,-2.06
643,a,2015,1418414.36,1391511,176,-26903.36,-1.9
644,c,2014,1327717.99,1332413,147,4695.01,0.35
644,c,2015,1173338.82,1259257,125,85918.18,7.32
645,a,2014,3401505.06,3146896,301,-254609.06,-7.49
645,a,2015,1871590.77,1883940,174,12349.23,0.66
646,a,2014,722327.82,736762,147,14434.18,2.0
646,a,2015,759285.24,754904,147,-4381.24,-0.58
647,a,2014,1773663.26,1770082,304,-3581.26,-0.2
647,a,2015,1020552.14,1036912,176,16359.86,1.6
648,d,2014,2018838.39,2037242,304,18403.61,0.91
648,d,2015,1197651.97,1158384,176,-39267.97,-3.28
649,a,2014,1125418.26,1129865,302,4446.74,0.4
649,a,2015,657990.77,649327,175,-8663.77,-1.32
650,a,2014,951567.13,933853,147,-17714.13,-1.86
650,a,2015,962078.23,949488,147,-12590.23,-1.31
651,a,2014,2353556.38,2297801,302,-55755.38,-2.37
651,a,2015,1347079.97,1353450,175,6370.03,0.47
652,a,2014,2005744.51,2032152,303,26407.49,1.32
652,a,2015,1170341.63,1214409,176,44067.37,3.77
653,d,2014,1817585.45,1805655,302,-11930.45,-0.66
653,d,2015,1064304.47,1041178,175,-23126.47,-2.17
654,c,2014,1930182.52,1990329,302,60146.48,3.12
654,c,2015,1163847.83,1188693,176,24845.17,2.13
655,d,2014,2150934.91,2629658,302,478723.09,22.26
655,d,2015,1536243.82,1542480,175,6236.18,0.41
656,d,2014,971549.47,1006122,303,34572.53,3.56
656,d,2015,593196.78,586301,175,-6895.78,-1.16
657,c,2014,1712469.17,1922649,301,210179.83,12.27
657,c,2015,1118727.83,1115703,174,-3024.83,-0.27
658,d,2014,1952289.48,1824886,302,-127403.48,-6.53
658,d,2015,1069930.64,1003709,175,-66221.64,-6.19
659,d,2014,1791419.15,1712819,303,-78600.15,-4.39
659,d,2015,1008663.44,958988,175,-49675.44,-4.92
660,a,2014,653724.62,657136,147,3411.38,0.52
660,a,2015,677115.49,729708,147,52592.51,7.77
661,d,2014,2046500.08,2147750,290,101249.92,4.95
661,d,2015,1357523.43,1280670,175,-76853.43,-5.66
662,d,2014,2684271.66,2521222,304,-163049.66,-6.07
662,d,2015,1467380.9,1492618,176,25237.1,1.72
663,a,2014,1223650.34,1587519,301,363868.66,29.74
663,a,2015,914610.66,1034973,174,120362.34,13.16
664,d,2014,1445523.6,1523414,302,77890.4,5.39
664,d,2015,887512.68,929598,175,42085.32,4.74
665,a,2014,2621360.6,2469613,303,-151747.6,-5.79
665,a,2015,1475528.33,1414852,175,-60676.33,-4.11
666,c,2014,2085366.76,2141988,301,56621.24,2.72
666,c,2015,1261892.39,1284085,174,22192.61,1.76
667,d,2014,2700379.49,2712548,304,12168.51,0.45
667,d,2015,1604474.61,1548044,175,-56430.61,-3.52
668,c,2014,2744685.26,2725612,304,-19073.26,-0.69
668,c,2015,1599395.24,1622868,176,23472.76,1.47
669,d,2014,621372.81,656701,147,35328.19,5.69
669,d,2015,677649.34,700896,147,23246.66,3.43
670,a,2014,955112.27,963150,147,8037.73,0.84
670,a,2015,992943.49,987971,147,-4972.49,-0.5
671,a,2014,814146.0,840040,147,25894.0,3.18
671,a,2015,866088.8,1005301,147,139212.2,16.07
672,c,2014,2823124.58,2691629,302,-131495.58,-4.66
672,c,2015,1527405.15,1465973,176,-61432.15,-4.02
673,d,2014,1971896.98,2239059,301,267162.02,13.55
673,d,2015,1289686.86,1381891,174,92204.14,7.15
674,a,2014,2463932.95,2499891,302,35958.05,1.46
674,a,2015,1212004.87,1224751,141,12746.13,1.05
675,a,2014,1472499.47,1241626,303,-230873.47,-15.68
675,a,2015,741048.33,672429,175,-68619.33,-9.26
676,b,2014,2374241.38,2952563,365,578321.62,24.36
676,b,2015,1719128.71,1945662,212,226533.29,13.18
677,d,2014,1208205.49,1226348,147,18142.51,1.5
677,d,2015,1263524.3,1040498,147,-223026.3,-17.65
678,c,2014,2190442.79,2216189,302,25746.21,1.18
678,c,2015,1296146.58,1347444,175,51297.42,3.96
679,a,2014,3061879.23,3057299,304,-4580.23,-0.15
679,a,2015,1784846.5,1769530,176,-15316.5,-0.86
680,c,2014,1629556.58,1584469,304,-45087.58,-2.77
680,c,2015,908822.33,917273,176,8450.67,0.93
681,a,2014,1054982.4,1107521,302,52538.6,4.98
681,a,2015,652992.07,656816,175,3823.93,0.59
682,b,2014,4194307.29,4033382,365,-160925.29,-3.84
682,b,2015,2394533.7,2451854,212,57320.3,2.39
683,a,2014,3078117.43,2695051,304,-383066.43,-12.44
683,a,2015,1627448.88,1491392,176,-136056.88,-8.36
684,d,2014,1008404.77,1134904,147,126499.23,12.54
684,d,2015,1169310.17,1305146,147,135835.83,11.62
685,a,2014,2468233.53,1756125,302,-712108.53,-28.85
685,a,2015,1044267.1,1014729,175,-29538.1,-2.83
686,a,2014,1934250.68,1902267,302,-31983.68,-1.65
686,a,2015,1107020.35,1098049,176,-8971.35,-0.81
687,d,2014,2404989.7,2576909,302,171919.3,7.15
687,d,2015,1493525.02,1614145,175,120619.98,8.08
688,a,2014,1126188.6,1102519,302,-23669.6,-2.1
688,a,2015,638250.17,623164,175,-15086.17,-2.36
689,d,2014,2260428.13,2146969,303,-113459.13,-5.02
689,d,2015,1300977.84,1165516,175,-135461.84,-10.41
690,a,2014,1726098.92,1688334,302,-37764.92,-2.19
690,a,2015,988717.08,992351,175,3633.92,0.37
691,d,2014,2636011.41,2516904,302,-119107.41,-4.52
691,d,2015,1490089.93,1449452,175,-40637.93,-2.73
692,a,2014,2085348.95,1967137,302,-118211.95,-5.67
692,a,2015,1177136.44,1144393,175,-32743.44,-2.78
693,d,2014,2024006.1,2025117,303,1110.9,0.05
693,d,2015,1213888.38,1174698,175,-39190.38,-3.23
694,a,2014,1185207.53,1154381,147,-30826.53,-2.6
694,a,2015,1189411.37,1243000,147,53588.63,4.51
695,a,2014,1646204.84,1608723,302,-37481.84,-2.28
695,a,2015,934087.63,997168,175,63080.37,6.75
696,a,2014,2303318.45,2402513,304,99194.55,4.31
696,a,2015,1368903.27,1518115,176,149211.73,10.9
697,d,2014,3170846.73,3264865,302,94018.27,2.97
697,d,2015,1910666.74,1962430,175,51763.26,2.71
698,a,2014,4605196.64,4801228,304,196031.36,4.26
698,a,2015,2901406.18,2932229,176,30822.82,1.06
699,a,2014,2659311.45,2463997,303,-195314.45,-7.34
699,a,2015,1356578.31,1331254,159,-25324.31,-1.87
700,a,2014,1244913.69,1362767,303,117853.31,9.47
700,a,2015,801354.1,800361,175,-993.1,-0.12
701,d,2014,853828.65,874000,147,20171.35,2.36
701,d,2015,901461.81,884478,147,-16983.81,-1.88
702,a,2014,668670.97,612431,147,-56239.97,-8.41
702,a,2015,631127.68,636258,147,5130.32,0.81
703,a,2014,1023312.26,985276,302,-38036.26,-3.72
703,a,2015,584607.1,586405,175,1797.9,0.31
704,d,2014,3084680.59,3235145,304,150464.41,4.88
704,d,2015,1847412.39,1912435,175,65022.61,3.52
705,a,2014,2424333.5,2424904,302,570.5,0.02
705,a,2015,1434951.12,1432448,175,-2503.12,-0.17
706,d,2014,836421.98,855238,147,18816.02,2.25
706,d,2015,881157.72,853591,147,-27566.72,-3.13
707,a,2014,2497895.57,2542644,302,44748.43,1.79
707,a,2015,1489628.93,1517878,175,28249.07,1.9
708,c,2014,808810.53,1141691,223,332880.47,41.16
708,c,2015,738923.89,1004397,176,265473.11,35.93
709,a,2014,2994927.45,3060458,304,65530.55,2.19
709,a,2015,1823700.41,1785618,176,-38082.41,-2.09
710,d,2014,635790.69,681712,147,45921.31,7.22
710,d,2015,702880.39,722499,147,19618.61,2.79
711,d,2014,1012274.4,1064302,147,52027.6,5.14
711,d,2015,1097813.61,1027631,147,-70182.61,-6.39
712,a,2014,962768.97,966743,147,3974.03,0.41
712,a,2015,996827.99,886351,147,-110476.99,-11.08
713,a,2014,3602427.98,3208017,302,-394410.98,-10.95
713,a,2015,1892183.2,1649076,175,-243107.2,-12.85
714,d,2014,1224502.02,1426938,301,202435.98,16.53
714,d,2015,801619.61,922567,174,120947.39,15.09
715,a,2014,2073578.44,1942056,302,-131522.44,-6.34
715,a,2015,1139021.16,1103276,175,-35745.16,-3.14
716,d,2014,848934.16,830733,147,-18201.16,-2.14
716,d,2015,856331.1,854165,147,-2166.1,-0.25
717,d,2014,1653275.91,1728595,302,75319.09,4.56
717,d,2015,995980.64,995939,175,-41.64,-0.0
718,a,2014,2467334.42,2422624,303,-44710.42,-1.81
718,a,2015,1426846.13,1364853,175,-61993.13,-4.34
719,c,2014,775271.42,812313,147,37041.58,4.78
719,c,2015,837160.04,755035,147,-82125.04,-9.81
720,a,2014,2248142.65,2173668,304,-74474.65,-3.31
720,a,2015,1262883.04,1264242,176,1358.96,0.11
721,a,2014,2371987.7,2337255,304,-34732.7,-1.46
721,a,2015,1334911.36,1378016,176,43104.64,3.23
722,a,2014,3114620.74,3023198,304,-91422.74,-2.94
722,a,2015,1751329.84,1668377,176,-82952.84,-4.74
723,d,2014,1933141.17,2209821,303,276679.83,14.31
723,d,2015,1269301.46,1408200,175,138898.54,10.94
724,d,2014,2027382.66,2106598,302,79215.34,3.91
724,d,2015,1211498.26,1236739,175,25240.74,2.08
725,d,2014,1796120.64,1748886,304,-47234.64,-2.63
725,d,2015,997134.12,1014830,176,17695.88,1.77
726,a,2014,3394673.11,3361293,302,-33380.11,-0.98
726,a,2015,1945690.69,1968491,176,22800.31,1.17
727,a,2014,1383803.85,1381063,303,-2740.85,-0.2
727,a,2015,814873.18,814747,175,-126.18,-0.02
728,d,2014,1580838.62,1592013,301,11174.38,0.71
728,d,2015,930549.98,946860,174,16310.02,1.75
729,c,2014,3138940.7,3232423,302,93482.3,2.98
729,c,2015,1896665.9,1943785,175,47119.1,2.48
730,c,2014,2814310.14,2285667,304,-528643.14,-18.78
730,c,2015,1329462.64,1300216,176,-29246.64,-2.2
731,a,2014,2898302.49,2770312,301,-127990.49,-4.42
731,a,2015,1648107.28,1597634,174,-50473.28,-3.06
732,a,2014,1985046.49,2043027,341,57980.51,2.92
732,a,2015,1195464.08,1157064,199,-38400.08,-3.21
733,b,2014,5461251.58,5534903,365,73651.42,1.35
733,b,2015,3253616.53,3230069,212,-23547.53,-0.72
734,a,2014,1962342.77,1778991,302,-183351.77,-9.34
734,a,2015,1052455.96,979520,175,-72935.96,-6.93
735,d,2014,1683080.95,1680509,302,-2571.95,-0.15
735,d,2015,960247.66,988114,175,27866.34,2.9
736,c,2014,771466.48,749021,147,-22445.48,-2.91
736,c,2015,772018.65,819141,147,47122.35,6.1
737,a,2014,1852020.58,1885416,302,33395.42,1.8
737,a,2015,1103635.93,1085958,175,-17677.93,-1.6
738,d,2014,2569173.26,2574081,302,4907.74,0.19
738,d,2015,1495537.72,1564292,175,68754.28,4.6
739,d,2014,1277129.61,1420245,147,143115.39,11.21
739,d,2015,1464072.42,1557497,147,93424.58,6.38
740,d,2014,2075785.46,2134389,303,58603.54,2.82
740,d,2015,1267602.52,1303497,175,35894.48,2.83
741,d,2014,2184153.03,2407231,304,223077.97,10.21
741,d,2015,1407918.55,1448105,176,40186.45,2.85
742,d,2014,2404176.1,2453333,302,49156.9,2.04
742,d,2015,1445476.6,1468748,175,23271.4,1.61
743,a,2014,1149810.67,1179820,302,30009.33,2.61
743,a,2015,685934.04,683029,176,-2905.04,-0.42
744,a,2014,1090698.89,1063095,147,-27603.89,-2.53
744,a,2015,1095811.94,1121708,147,25896.06,2.36
745,a,2014,2321541.29,2285552,302,-35989.29,-1.55
745,a,2015,1338711.78,1313342,176,-25369.78,-1.9
746,d,2014,1672708.47,1898283,303,225574.53,13.49
746,d,2015,1063328.08,1197405,175,134076.92,12.61
747,c,2014,2438934.39,2460902,302,21967.61,0.9
747,c,2015,1407943.31,1429974,175,22030.69,1.56
748,d,2014,1742399.56,1764951,302,22551.44,1.29
748,d,2015,1048973.84,1015919,175,-33054.84,-3.15
749,a,2014,1680144.82,1603977,302,-76167.82,-4.53
749,a,2015,994278.43,810688,175,-183590.43,-18.46
750,d,2014,697815.05,744332,147,46516.95,6.67
750,d,2015,767806.75,784194,147,16387.25,2.13
751,a,2014,1342513.95,1249044,302,-93469.95,-6.96
751,a,2015,756274.38,732412,175,-23862.38,-3.16
752,a,2014,1645355.71,1577072,302,-68283.71,-4.15
752,a,2015,928397.52,919738,175,-8659.52,-0.93
753,d,2014,2792300.28,2567300,302,-225000.28,-8.06
753,d,2015,1514228.04,1511697,175,-2531.04,-0.17
754,c,2014,2784631.94,2322781,303,-461850.94,-16.59
754,c,2015,1331075.24,1304919,176,-26156.24,-1.97
755,d,2014,3169645.75,3213381,303,43735.25,1.38
755,d,2015,1847463.66,1901707,175,54243.34,2.94
756,a,2014,5013368.0,5096164,302,82796.0,1.65
756,a,2015,2935237.41,2958278,175,23040.59,0.78
757,a,2014,1743349.11,1925987,301,182637.89,10.48
757,a,2015,1104763.21,1211294,174,106530.79,9.64
758,a,2014,1477411.82,1477683,300,271.18,0.02
758,a,2015,873740.0,853235,173,-20505.0,-2.35
759,a,2014,2086036.1,2149119,302,63082.9,3.02
759,a,2015,1263267.32,1289534,175,26266.68,2.08
760,a,2014,2280186.18,2292944,297,12757.82,0.56
760,a,2015,1412118.7,1380175,176,-31943.7,-2.26
761,a,2014,2682875.43,2629118,304,-53757.43,-2.0
761,a,2015,1563544.72,1612777,176,49232.28,3.15
762,d,2014,1147394.63,1184801,301,37406.37,3.26
762,d,2015,665375.78,763583,174,98207.22,14.76
763,d,2014,1888151.34,1896577,304,8425.66,0.45
763,d,2015,1087455.62,1074443,176,-13012.62,-1.2
764,a,2014,1002289.77,1107379,302,105089.23,10.48
764,a,2015,636159.25,677561,175,41401.75,6.51
765,a,2014,2555412.02,2598366,301,42953.98,1.68
765,a,2015,1502910.16,1527145,174,24234.84,1.61
766,d,2014,830378.71,896656,147,66277.29,7.98
766,d,2015,923976.05,998614,147,74637.95,8.08
767,a,2014,1876597.28,1844400,304,-32197.28,-1.72
767,a,2015,1069605.7,1057673,176,-11932.7,-1.12
768,a,2014,3964913.99,4004825,304,39911.01,1.01
768,a,2015,2332048.58,2334517,176,2468.42,0.11
769,b,2014,3647731.61,4080130,365,432398.39,11.85
769,b,2015,2365988.28,2576383,212,210394.72,8.89
770,a,2014,2058133.04,2016670,302,-41463.04,-2.01
770,a,2015,1175570.29,1034907,175,-140663.29,-11.97
771,a,2014,961823.82,987816,147,25992.18,2.7
771,a,2015,1018708.46,1010219,147,-8489.46,-0.83
772,d,2014,979031.68,1147063,304,168031.32,17.16
772,d,2015,660068.4,708455,175,48386.6,7.33
773,a,2014,1927636.04,1657732,303,-269904.04,-14.0
773,a,2015,978106.32,936426,175,-41680.32,-4.26
774,a,2014,1715613.12,1669990,304,-45623.12,-2.66
774,a,2015,976999.86,972607,176,-4392.86,-0.45
775,d,2014,1230848.73,1346499,147,115650.27,9.4
775,d,2015,1388178.07,1268443,147,-119735.07,-8.63
776,c,2014,1447917.68,1474789,301,26871.32,1.86
776,c,2015,857739.04,850553,174,-7186.04,-0.84
777,d,2014,1079800.12,1258694,302,178893.88,16.57
777,d,2015,709137.1,801759,174,92621.9,13.06
778,a,2014,899298.29,839787,147,-59511.29,-6.62
778,a,2015,865283.21,860120,147,-5163.21,-0.6
779,a,2014,2163029.88,2202334,302,39304.12,1.82
779,a,2015,1265183.15,1262144,176,-3039.15,-0.24
780,a,2014,2013435.09,1996488,302,-16947.09,-0.84
780,a,2015,1155495.23,1158773,176,3277.77,0.28
781,a,2014,1505931.0,1513782,302,7851.0,0.52
781,a,2015,880927.69,861590,175,-19337.69,-2.2
782,c,2014,1587561.66,1735724,302,148162.34,9.33
782,c,2015,1007247.97,1000698,175,-6549.97,-0.65
783,d,2014,2090159.71,2097114,303,6954.29,0.33
783,d,2015,1210471.15,1241121,176,30649.85,2.53
784,a,2014,2389616.69,2519428,302,129811.31,5.43
784,a,2015,1551342.42,1202596,175,-348746.42,-22.48
785,d,2014,1739642.09,2059564,302,319921.91,18.39
785,d,2015,1192027.75,1327703,175,135675.25,11.38
786,a,2014,1101672.92,1099584,302,-2088.92,-0.19
786,a,2015,654364.5,608405,175,-45959.5,-7.02
787,c,2014,3090571.56,3130151,302,39579.44,1.28
787,c,2015,1794741.86,1851639,176,56897.14,3.17
788,a,2014,5520780.98,5528074,304,7293.02,0.13
788,a,2015,3293146.95,3198239,176,-94907.95,-2.88
789,a,2014,956217.08,1037035,301,80817.92,8.45
789,a,2015,591154.3,658922,174,67767.7,11.46
790,d,2014,2296311.98,2268411,303,-27900.98,-1.22
790,d,2015,1324554.51,1327305,175,2750.49,0.21
791,a,2014,2152106.01,2368919,302,216812.99,10.07
791,a,2015,1376238.94,1519123,175,142884.06,10.38
792,d,2014,2344893.2,2239812,302,-105081.2,-4.48
792,d,2015,1321123.6,1244566,175,-76557.6,-5.79
793,d,2014,1457339.23,1461812,302,4472.77,0.31
793,d,2015,858444.25,890201,175,31756.75,3.7
794,c,2014,904281.42,934998,302,30716.58,3.4
794,c,2015,543515.11,593310,176,49794.89,9.16
795,d,2014,1402492.48,1369714,302,-32778.48,-2.34
795,d,2015,807387.34,819002,175,11614.66,1.44
796,a,2014,2136625.95,2230279,302,93653.05,4.38
796,a,2015,1293739.67,1342834,175,49094.33,3.79
797,a,2014,548752.44,638012,147,89259.56,16.27
797,a,2015,657713.99,753866,147,96152.01,14.62
798,a,2014,2308813.61,2268151,302,-40662.61,-1.76
798,a,2015,1319122.18,1319399,176,276.82,0.02
799,a,2014,2970397.29,3069292,302,98894.71,3.33
799,a,2015,1837849.47,1759614,175,-78235.47,-4.26
800,d,2014,1775281.72,1600363,302,-174918.72,-9.85
800,d,2015,1023194.69,836910,175,-186284.69,-18.21
801,d,2014,1460207.41,1490550,304,30342.59,2.08
801,d,2015,862811.12,891530,176,28718.88,3.33
802,a,2014,2123527.36,2067006,304,-56521.36,-2.66
802,a,2015,1209205.26,1236107,176,26901.74,2.22
803,d,2014,1902212.19,1705017,291,-197195.19,-10.37
803,d,2015,981126.76,1029095,175,47968.24,4.89
804,c,2014,712452.29,737138,147,24685.71,3.46
804,c,2015,759286.04,752404,147,-6882.04,-0.91
805,d,2014,1030488.88,793451,147,-237037.88,-23.0
805,d,2015,817940.2,827430,147,9489.8,1.16
806,d,2014,994766.89,995682,147,915.11,0.09
806,d,2015,1025763.57,1033046,147,7282.43,0.71
807,a,2014,2996680.57,3014001,303,17320.43,0.58
807,a,2015,1798329.07,1749412,175,-48917.07,-2.72
808,a,2014,2202480.82,2219444,302,16963.18,0.77
808,a,2015,1291704.71,1331979,176,40274.29,3.12
809,a,2014,2907975.58,2828943,302,-79032.58,-2.72
809,a,2015,1671930.06,1670609,175,-1321.06,-0.08
810,d,2014,1846487.79,1790548,302,-55939.79,-3.03
810,d,2015,1051384.99,1039637,175,-11747.99,-1.12
811,a,2014,1293971.15,1278332,304,-15639.15,-1.21
811,a,2015,741405.78,706446,176,-34959.78,-4.72
812,d,2014,1978635.81,1926861,302,-51774.81,-2.62
812,d,2015,1140846.59,1120809,176,-20037.59,-1.76
813,a,2014,1766093.89,1758433,301,-7660.89,-0.43
813,a,2015,1036206.7,1038510,174,2303.3,0.22
814,d,2014,2618356.16,2596867,303,-21489.16,-0.82
814,d,2015,1510944.6,1494587,176,-16357.59,-1.08
815,a,2014,1397316.46,1281794,147,-115522.46,-8.27
815,a,2015,1320132.87,934885,147,-385247.87,-29.18
816,c,2014,1682732.58,1506633,302,-176099.58,-10.47
816,c,2015,878649.78,862785,175,-15864.78,-1.81
817,a,2014,7247057.3,6466412,304,-780645.3,-10.77
817,a,2015,3881968.15,3558419,176,-323549.15,-8.33
818,d,2014,1762616.82,1915175,303,152558.18,8.66
818,d,2015,1127201.03,1148447,175,21245.97,1.88
819,a,2014,1886969.36,1902693,304,15723.64,0.83
819,a,2015,1123730.21,1042437,176,-81293.21,-7.23
820,a,2014,1795011.38,1810632,147,15620.62,0.87
820,a,2015,1865256.3,1738052,147,-127204.3,-6.82
821,a,2014,2166580.85,2095289,304,-71291.85,-3.29
821,a,2015,1228132.35,1242072,176,13939.65,1.14
822,a,2014,2453828.78,2374166,304,-79662.78,-3.25
822,a,2015,1362694.88,1312187,176,-50507.88,-3.71
823,a,2014,1723126.93,1811807,304,88680.07,5.15
823,a,2015,1025208.29,1066542,176,41333.71,4.03
824,a,2014,1892679.05,2252320,304,359640.95,19.0
824,a,2015,1300304.05,1272743,176,-27561.05,-2.12
825,a,2014,675143.08,613599,147,-61544.08,-9.12
825,a,2015,632409.9,747861,147,115451.1,18.26
826,a,2014,2679212.03,2684219,301,5006.97,0.19
826,a,2015,1562382.65,1576799,174,14416.35,0.92
827,a,2014,3555498.4,4026669,303,471170.6,13.25
827,a,2015,2330571.07,2514170,176,183598.93,7.88
828,d,2014,1568654.45,1596457,302,27802.55,1.77
828,d,2015,938121.71,934472,175,-3649.71,-0.39
829,c,2014,1860892.56,1799376,303,-61516.56,-3.31
829,c,2015,1049636.29,1020515,175,-29121.29,-2.77
830,a,2014,1828501.61,1914441,302,85939.39,4.7
830,a,2015,1107528.71,1129466,176,21937.29,1.98
831,a,2014,3857626.11,3897381,302,39754.89,1.03
831,a,2015,2329797.64,2248712,175,-81085.64,-3.48
832,d,2014,2051173.66,1957142,303,-94031.66,-4.58
832,d,2015,1150189.22,1170667,175,20477.78,1.78
833,d,2014,1708075.6,1677228,302,-30847.6,-1.81
833,d,2015,1012016.32,961489,175,-50527.32,-4.99
834,a,2014,1846699.01,1755859,304,-90840.01,-4.92
834,a,2015,1023011.89,1053797,176,30785.11,3.01
835,a,2014,1459374.87,1534587,290,75212.13,5.15
835,a,2015,919673.89,975944,175,56270.11,6.12
836,a,2014,1791273.27,1786999,302,-4274.27,-0.24
836,a,2015,1055498.26,1082585,176,27086.74,2.57
837,a,2014,667902.57,1172653,273,504750.43,75.57
837,a,2015,837037.41,721827,175,-115210.41,-13.76
838,d,2014,2298805.44,2480360,303,181554.56,7.9
838,d,2015,1435783.69,1536185,176,100401.31,6.99
839,c,2014,1689705.02,1660454,304,-29251.02,-1.73
839,c,2015,974785.72,720901,176,-253884.72,-26.05
840,a,2014,2334240.19,2241282,304,-92958.19,-3.98
840,a,2015,1319242.45,1232672,176,-86570.45,-6.56
841,a,2014,961499.89,907482,302,-54017.89,-5.62
841,a,2015,534923.41,479062,176,-55861.41,-10.44
842,d,2014,2575886.07,2710309,147,134422.93,5.22
842,d,2015,2793809.23,2913569,147,119759.77,4.29
843,c,2014,3161802.15,2767675,304,-394127.15,-12.47
843,c,2015,1651734.7,1591270,176,-60464.7,-3.66
844,a,2014,1300162.94,1269176,302,-30986.94,-2.38
844,a,2015,764690.38,726118,175,-38572.38,-5.04
845,d,2014,1450919.03,1477825,301,26905.97,1.85
845,d,2015,871889.8,861459,174,-10430.8,-1.2
846,a,2014,2788515.57,2861903,302,73387.43,2.63
846,a,2015,1665101.97,1622010,175,-43091.97,-2.59
847,c,2014,2217178.23,2182520,301,-34658.23,-1.56
847,c,2015,1273199.78,1188359,174,-84840.78,-6.66
848,a,2014,1801202.16,2022520,287,221317.84,12.29
848,a,2015,1166529.26,1203348,174,36818.74,3.16
849,c,2014,2452772.02,2529941,304,77168.98,3.15
849,c,2015,1467365.69,1485183,176,17817.31,1.21
850,d,2014,1784263.05,1894127,295,109863.95,6.16
850,d,2015,1164464.42,1121333,175,-43131.42,-3.7
851,d,2014,738705.18,896563,147,157857.82,21.37
851,d,2015,923955.33,781366,147,-142589.33,-15.43
852,c,2014,1463936.73,1394533,303,-69403.73,-4.74
852,c,2015,809853.17,785402,175,-24451.17,-3.02
853,a,2014,2780387.91,2807687,301,27299.09,0.98
853,a,2015,1641256.96,1671698,174,30441.04,1.85
854,c,2014,2113221.71,1977274,302,-135947.71,-6.43
854,c,2015,1163561.99,1105285,176,-58276.99,-5.01
855,a,2014,1717854.94,1752583,301,34728.06,2.02
855,a,2015,1030156.38,1054367,174,24210.62,2.35
856,a,2014,2280057.54,2118039,304,-162018.54,-7.11
856,a,2015,1246671.19,1269408,176,22736.81,1.82
857,c,2014,2140687.62,2309799,303,169111.38,7.9
857,c,2015,1298461.71,1431320,175,132858.29,10.23
858,a,2014,697034.9,687740,147,-9294.9,-1.33
858,a,2015,708677.08,733002,147,24324.92,3.43
859,c,2014,1067414.26,1103243,147,35828.74,3.36
859,c,2015,1137203.18,1158136,147,20932.82,1.84
860,c,2014,1650069.0,1804709,304,154640.0,9.37
860,c,2015,991753.87,1116749,174,124995.13,12.6
861,c,2014,983966.03,1096418,301,112451.97,11.43
861,c,2015,627345.0,676286,174,48941.0,7.8
862,a,2014,2762503.92,2592002,304,-170501.92,-6.17
862,a,2015,1484569.2,1444810,176,-39759.2,-2.68
863,a,2014,2720653.83,2668879,344,-51774.83,-1.9
863,a,2015,1542172.33,1545932,201,3759.67,0.24
864,a,2014,1316070.18,1274713,301,-41357.18,-3.14
864,a,2015,764202.87,761833,174,-2369.87,-0.31
865,d,2014,2220162.23,2303430,302,83267.77,3.75
865,d,2015,1368575.1,1438695,175,70119.9,5.12
866,d,2014,2044442.47,2133807,303,89364.53,4.37
866,d,2015,1252511.46,1253101,175,589.54,0.05
867,d,2014,1491436.01,1490373,341,-1063.01,-0.07
867,d,2015,832939.37,878456,199,45516.63,5.46
868,d,2014,3018642.8,2830905,303,-187737.8,-6.22
868,d,2015,1685061.44,1722221,175,37159.56,2.21
869,c,2014,1853579.86,1806390,302,-47189.86,-2.55
869,c,2015,1053867.78,1056364,176,2496.22,0.24
870,a,2014,2049408.86,2057689,292,8280.14,0.4
870,a,2015,1258409.99,1227152,176,-31257.99,-2.48
871,d,2014,1762510.65,1956684,303,194173.35,11.02
871,d,2015,1110152.6,1224460,175,114307.4,10.3
872,a,2014,2748667.79,2641383,302,-107284.79,-3.9
872,a,2015,1612881.83,1344199,175,-268682.83,-16.66
873,a,2014,1184684.96,1182076,302,-2608.96,-0.22
873,a,2015,687114.61,659471,176,-27643.61,-4.02
874,a,2014,1357577.15,1414192,304,56614.85,4.17
874,a,2015,821008.83,862558,176,41549.17,5.06
875,d,2014,1621093.65,1505832,302,-115261.65,-7.11
875,d,2015,894412.4,866852,175,-27560.4,-3.08
876,a,2014,2760125.5,2836563,302,76437.5,2.77
876,a,2015,1506499.82,1550092,161,43592.18,2.89
877,a,2014,2027052.56,1993750,312,-33302.56,-1.64
877,a,2015,1129905.32,1131263,180,1357.68,0.12
878,d,2014,2640054.25,2739915,302,99860.75,3.78
878,d,2015,1620732.94,1494620,175,-126112.94,-7.78
879,d,2014,533418.4,546928,147,13509.6,2.53
879,d,2015,563730.76,581519,147,17788.24,3.16
880,a,2014,2207527.02,2303737,301,96209.98,4.36
880,a,2015,1359795.22,1382686,174,22890.78,1.68
881,a,2014,1270466.93,1301905,302,31438.07,2.47
881,a,2015,770751.94,741324,175,-29427.94,-3.82
882,a,2014,2131615.06,1839513,291,-292102.06,-13.7
882,a,2015,1148269.59,1108373,175,-39896.59,-3.47
883,a,2014,1486478.42,1438632,302,-47846.42,-3.22
883,a,2015,847697.85,834932,175,-12765.85,-1.51
884,d,2014,731546.44,815113,147,83566.56,11.42
884,d,2015,840346.35,910644,147,70297.65,8.37
885,a,2014,1421875.86,1764510,301,342634.14,24.1
885,a,2015,973780.79,1092339,174,118558.21,12.18
886,a,2014,1930181.49,1965149,302,34967.51,1.81
886,a,2015,1157183.23,1182576,175,25392.77,2.19
887,d,2014,2065073.51,2034788,293,-30285.51,-1.47
887,d,2015,1248840.6,1208669,175,-40171.6,-3.22
888,d,2014,2293734.77,2498099,304,204364.23,8.91
888,d,2015,1443438.96,1547818,176,104379.04,7.23
889,d,2014,1262901.27,1270100,302,7198.73,0.57
889,d,2015,735829.87,734627,175,-1202.87,-0.16
890,a,2014,806346.4,832578,147,26231.6,3.25
890,a,2015,858870.6,915868,147,56997.4,6.64
891,a,2014,2486624.55,2451865,301,-34759.55,-1.4
891,a,2015,1458686.96,1327412,174,-131274.96,-9.0
892,a,2014,2360507.06,2322249,302,-38258.06,-1.62
892,a,2015,1353886.24,1317100,176,-36786.24,-2.72
893,a,2014,932344.87,937588,147,5243.13,0.56
893,a,2015,966447.72,953006,147,-13441.72,-1.39
894,a,2014,2684887.82,2522314,302,-162573.82,-6.06
894,a,2015,1495614.31,1484423,175,-11191.31,-0.75
895,a,2014,2757888.7,2835981,301,78092.3,2.83
895,a,2015,1671035.24,1731274,174,60238.76,3.6
896,a,2014,2166046.99,2119896,304,-46150.99,-2.13
896,a,2015,1203190.23,1218822,176,15631.77,1.3
897,c,2014,1149312.93,1002221,302,-147091.93,-12.8
897,c,2015,558068.14,604307,175,46238.86,8.29
898,a,2014,2059647.74,1997675,303,-61972.74,-3.01
898,a,2015,1157556.93,1179960,176,22403.07,1.94
899,d,2014,1626863.55,1609530,302,-17333.55,-1.07
899,d,2015,956894.71,922910,176,-33984.71,-3.55
900,a,2014,822830.18,848595,147,25764.82,3.13
900,a,2015,874433.25,928941,147,54507.75,6.23
901,a,2014,2284584.09,2195985,304,-88599.09,-3.88
901,a,2015,1290376.02,1257087,176,-33289.02,-2.58
902,a,2014,736619.13,702990,147,-33629.13,-4.57
902,a,2015,724066.44,697944,147,-26122.44,-3.61
903,d,2014,1694289.77,1748869,147,54579.23,3.22
903,d,2015,1801939.16,1738583,147,-63356.16,-3.52
904,d,2014,961977.34,859740,147,-102237.34,-10.63
904,d,2015,886029.84,879850,147,-6179.84,-0.7
905,a,2014,3197357.19,2349633,302,-847724.19,-26.51
905,a,2015,1491780.85,1197349,175,-294431.85,-19.74
906,a,2014,3545070.4,3250629,303,-294441.4,-8.31
906,a,2015,1959519.49,1848595,175,-110924.49,-5.66
907,a,2014,1783631.28,1957638,302,174006.72,9.76
907,a,2015,1122780.5,1198492,175,75711.5,6.74
908,a,2014,1368483.67,1261352,303,-107131.67,-7.83
908,a,2015,752303.57,719914,175,-32389.57,-4.31
909,a,2014,1515603.87,1556399,147,40795.13,2.69
909,a,2015,1603722.54,1680783,147,77060.46,4.81
910,d,2014,1726356.25,1735908,302,9551.75,0.55
910,d,2015,999309.31,1038948,175,39638.69,3.97
911,a,2014,3053934.17,3052530,304,-1404.17,-0.05
911,a,2015,1756504.38,1735237,176,-21267.38,-1.21
912,c,2014,1798657.32,1763182,304,-35475.32,-1.97
912,c,2015,990783.48,1013366,176,22582.52,2.28
913,a,2014,2836207.45,2635901,301,-200306.45,-7.06
913,a,2015,1556134.07,1513001,174,-43133.07,-2.77
914,c,2014,2942758.15,2926836,304,-15922.15,-0.54
914,c,2015,1680283.28,1672742,176,-7541.28,-0.45
915,d,2014,949001.36,899429,147,-49572.36,-5.22
915,d,2015,926311.04,988271,147,61959.96,6.69
916,a,2014,1630278.08,1628194,301,-2084.08,-0.13
916,a,2015,950592.0,968312,174,17720.0,1.86
917,a,2014,2102912.5,2029156,302,-73756.5,-3.51
917,a,2015,1194708.98,1154378,175,-40330.98,-3.38
918,a,2014,1578669.93,1594787,302,16117.07,1.02
918,a,2015,924356.9,920750,176,-3606.9,-0.39
919,a,2014,823665.65,809193,147,-14472.65,-1.76
919,a,2015,833894.6,820166,147,-13728.6,-1.65
920,a,2014,789180.54,826701,147,37520.46,4.75
920,a,2015,852106.93,987681,147,135574.07,15.91
921,a,2014,3125042.76,2764652,302,-360390.76,-11.53
921,a,2015,1670019.36,1593591,176,-76428.36,-4.58
922,d,2014,2206920.89,2242873,298,35952.11,1.63
922,d,2015,1361591.18,1329737,175,-31854.18,-2.34
923,a,2014,1650721.7,1606192,304,-44529.7,-2.7
923,a,2015,949084.47,959975,176,10890.53,1.15
924,a,2014,1495498.76,1445028,302,-50470.76,-3.37
924,a,2015,852075.48,808265,175,-43810.48,-5.14
925,c,2014,1915373.85,2028784,292,113410.15,5.92
925,c,2015,1235588.76,1206408,174,-29180.76,-2.36
926,d,2014,2141130.77,2247935,302,106804.23,4.99
926,d,2015,1331740.22,1333123,175,1382.78,0.1
927,a,2014,2057426.03,1966070,302,-91356.03,-4.44
927,a,2015,1155603.21,1161946,175,6342.79,0.55
928,d,2014,2377856.52,2486981,302,109124.48,4.59
928,d,2015,1473984.61,1452526,175,-21458.61,-1.46
929,a,2014,1795484.4,1780636,304,-14848.4,-0.83
929,a,2015,1037497.55,1037308,176,-189.55,-0.02
930,a,2014,2310276.43,2129342,302,-180934.43,-7.83
930,a,2015,1250336.97,1200364,175,-49972.97,-4.0
931,a,2014,1228133.39,1229887,338,1753.61,0.14
931,a,2015,713492.29,712634,197,-858.29,-0.12
932,a,2014,1101582.75,1063864,147,-37718.75,-3.42
932,a,2015,1096885.5,1104846,147,7960.5,0.73
933,a,2014,2253361.38,2219907,302,-33454.38,-1.48
933,a,2015,1275559.78,1315089,176,39529.22,3.1
934,a,2014,2069463.19,2070644,302,1180.81,0.06
934,a,2015,1209300.47,1192536,175,-16764.47,-1.39
935,a,2014,1724372.63,1746832,304,22459.37,1.3
935,a,2015,983011.77,1011505,176,28493.23,2.9
936,a,2014,2299919.69,2070564,302,-229355.69,-9.97
936,a,2015,1231493.04,1196392,175,-35101.04,-2.85
937,d,2014,2180182.24,2170787,303,-9395.24,-0.43
937,d,2015,1292231.24,1364096,175,71864.76,5.56
938,a,2014,2923971.8,2868424,304,-55547.8,-1.9
938,a,2015,1696137.34,1670281,176,-25856.34,-1.52
939,d,2014,1832527.74,1825011,302,-7516.74,-0.41
939,d,2015,1073642.55,1054957,175,-18685.55,-1.74
940,d,2014,2143936.87,2235072,302,91135.13,4.25
940,d,2015,1286370.45,1342705,176,56334.55,4.38
941,a,2014,708234.67,737230,147,28995.33,4.09
941,a,2015,759965.27,791393,147,31427.73,4.14
942,d,2014,1798322.97,1857839,303,59516.03,3.31
942,d,2015,1086906.33,1130841,175,43934.67,4.04
943,d,2014,2097330.08,2137534,302,40203.92,1.92
943,d,2015,1244106.11,1259466,175,15359.89,1.23
944,c,2014,2595179.92,2408855,304,-186324.92,-7.18
944,c,2015,1361314.43,1295791,176,-65523.43,-4.81
945,a,2014,1381454.34,1329829,304,-51625.34,-3.74
945,a,2015,760384.47,760387,176,2.53,0.0
946,a,2014,1332217.32,1241339,302,-90878.32,-6.82
946,a,2015,740676.16,741710,175,1033.84,0.14
947,a,2014,2651436.03,2468532,295,-182904.03,-6.9
947,a,2015,1485361.53,1377379,174,-107982.53,-7.27
948,b,2014,2242892.98,2640020,365,397127.02,17.71
948,b,2015,1546240.12,1705670,212,159429.88,10.31
949,a,2014,1668353.53,1632505,304,-35848.53,-2.15
949,a,2015,969088.69,943571,176,-25517.69,-2.63
950,a,2014,1807806.55,1692203,300,-115603.55,-6.39
950,a,2015,1008729.37,999705,174,-9024.37,-0.89
951,d,2014,2280362.11,2402232,302,121869.89,5.34
951,d,2015,1386712.23,1446825,175,60112.77,4.33
952,d,2014,990437.81,950686,147,-39751.81,-4.01
952,d,2015,979079.33,922787,147,-56292.33,-5.75
953,a,2014,1625480.05,1631708,303,6227.95,0.38
953,a,2015,952359.82,955593,176,3233.18,0.34
954,a,2014,2103359.07,2189945,302,86585.93,4.12
954,a,2015,1294608.79,1198209,175,-96399.79,-7.45
955,d,2014,1280069.08,1533123,302,253053.92,19.77
955,d,2015,882565.48,903337,175,20771.52,2.35
956,a,2014,1314040.91,1145231,301,-168809.91,-12.85
956,a,2015,699823.46,571995,174,-127828.46,-18.27
957,d,2014,2388831.65,2411344,304,22512.35,0.94
957,d,2015,1403645.72,1465131,176,61485.28,4.38
958,a,2014,1470893.42,1204163,304,-266730.42,-18.13
958,a,2015,704440.9,696572,176,-7868.9,-1.12
959,a,2014,2195425.55,2121200,304,-74225.55,-3.38
959,a,2015,1245033.36,1278063,176,33029.64,2.65
960,d,2014,2028379.52,2064229,303,35849.48,1.77
960,d,2015,1207186.2,1221603,175,14416.8,1.19
961,d,2014,1995426.68,1990049,302,-5377.68,-0.27
961,d,2015,1163064.36,1156944,175,-6120.36,-0.53
962,c,2014,1885174.45,2016113,289,130938.55,6.95
962,c,2015,1279108.17,1205765,175,-73343.17,-5.73
963,a,2014,3293337.34,3250783,302,-42554.34,-1.29
963,a,2015,1881935.69,1943547,175,61611.31,3.27
964,a,2014,3036325.78,3016398,301,-19927.78,-0.66
964,a,2015,1774480.08,1620180,174,-154300.08,-8.7
965,a,2014,2643241.61,2647581,303,4339.39,0.16
965,a,2015,1524799.78,1418710,175,-106089.78,-6.96
966,a,2014,1463333.89,1474064,302,10730.11,0.73
966,a,2015,868753.81,860152,175,-8601.81,-0.99
967,a,2014,2893874.85,2504650,302,-389224.85,-13.45
967,a,2015,1489582.19,1421137,175,-68445.19,-4.59
968,c,2014,2154234.65,2218261,302,64026.35,2.97
968,c,2015,1310452.28,1302458,176,-7994.28,-0.61
969,a,2014,994639.89,1093164,301,98524.11,9.91
969,a,2015,618069.73,678102,174,60032.27,9.71
970,a,2014,1056922.8,997046,303,-59876.8,-5.67
970,a,2015,606945.29,552481,175,-54464.29,-8.97
971,c,2014,2516196.6,2494976,303,-21220.6,-0.84
971,c,2015,1361737.87,1459512,166,97774.13,7.18
972,a,2014,816501.23,806075,230,-10426.23,-1.28
972,a,2015,426820.93,401243,122,-25577.93,-5.99
973,d,2014,1699097.37,2090033,302,390935.63,23.01
973,d,2015,1150905.39,1281423,175,130517.61,11.34
974,a,2014,1689055.21,1644611,147,-44444.21,-2.63
974,a,2015,1693961.42,1819699,147,125737.58,7.42
975,a,2014,2465379.42,2286099,302,-179280.42,-7.27
975,a,2015,1327247.31,1335696,175,8448.69,0.64
976,a,2014,2118332.71,2151214,302,32881.29,1.55
976,a,2015,1286357.46,1229738,175,-56619.46,-4.4
977,a,2014,747830.5,682977,147,-64853.5,-8.67
977,a,2015,704517.89,685446,147,-19071.89,-2.71
978,c,2014,2106027.99,2256024,302,149996.01,7.12
978,c,2015,1306434.94,1328594,176,22159.06,1.7
979,a,2014,1850730.85,1929769,303,79038.15,4.27
979,a,2015,1126441.25,1175066,176,48624.75,4.32
980,a,2014,2217014.93,2131645,302,-85369.93,-3.85
980,a,2015,1254435.21,1187911,175,-66524.21,-5.3
981,d,2014,2240948.92,2217275,302,-23673.92,-1.06
981,d,2015,1281806.31,1305082,175,23275.69,1.82
982,d,2014,2392817.33,2510026,302,117208.67,4.9
982,d,2015,1482380.21,1455516,176,-26864.21,-1.81
983,a,2014,3623651.08,2844841,295,-778810.08,-21.49
983,a,2015,1826492.14,1510114,175,-316378.14,-17.32
984,c,2014,1806715.7,1842204,301,35488.3,1.96
984,c,2015,1067049.95,1115053,174,48003.05,4.5
985,c,2014,2595067.12,2493476,301,-101591.12,-3.91
985,c,2015,1422297.78,1501555,174,79257.22,5.57
986,a,2014,2181056.97,1719607,294,-461449.97,-21.16
986,a,2015,1099042.56,888298,175,-210744.56,-19.18
987,c,2014,2160158.07,2074031,304,-86127.07,-3.99
987,c,2015,1218925.29,1199692,176,-19233.29,-1.58
988,a,2014,1499237.62,1416224,304,-83013.62,-5.54
988,a,2015,836456.07,812285,176,-24171.07,-2.89
989,a,2014,760461.35,760130,147,-331.35,-0.04
989,a,2015,783968.27,788743,147,4774.73,0.61
990,d,2014,1965429.83,1964194,302,-1235.83,-0.06
990,d,2015,1150776.61,1129523,176,-21253.61,-1.85
991,a,2014,1760442.81,1734657,302,-25785.81,-1.46
991,a,2015,1014672.09,1043514,175,28841.91,2.84
992,a,2014,1824433.27,1714048,302,-110385.27,-6.05
992,a,2015,1040308.82,970479,175,-69829.82,-6.71
993,d,2014,2386513.76,2255577,302,-130936.76,-5.49
993,d,2015,1297508.82,1373343,176,75834.18,5.84
994,a,2014,1354131.13,1344222,302,-9909.13,-0.73
994,a,2015,751756.1,879876,175,128119.9,17.04
995,d,2014,2735347.97,2874755,302,139407.03,5.1
995,d,2015,1661626.17,1699255,176,37628.83,2.26
996,c,2014,1953310.15,1955554,302,2243.85,0.11
996,c,2015,1135138.2,1257918,176,122779.8,10.82
997,d,2014,1652831.68,1534883,303,-117948.68,-7.14
997,d,2015,910118.25,892236,175,-17882.25,-1.96
998,a,2014,1307146.52,1298666,301,-8480.52,-0.65
998,a,2015,771513.96,784180,174,12666.04,1.64
999,d,2014,2847132.82,2786766,302,-60366.82,-2.12
999,d,2015,1612459.81,1616407,176,3947.19,0.24
1000,a,2014,1241519.06,1009129,147,-232390.06,-18.72
1000,a,2015,1040362.55,1092108,147,51745.45,4.97
1001,c,2014,1629328.81,1632283,303,2954.19,0.18
1001,c,2015,939261.12,1027709,176,88447.88,9.42
1002,d,2014,1770711.8,1869379,304,98667.2,5.57
1002,d,2015,1104845.15,1167363,176,62517.85,5.66
1003,a,2014,2414944.65,2164387,302,-250557.65,-10.38
1003,a,2015,1296121.3,1247378,175,-48743.3,-3.76
1004,d,2014,744111.24,721688,147,-22423.24,-3.01
1004,d,2015,743655.69,834134,147,90478.31,12.17
1005,a,2014,1930333.24,1871712,302,-58621.24,-3.04
1005,a,2015,1093075.33,1092158,175,-917.33,-0.08
1006,c,2014,1825233.9,1985411,302,160177.1,8.78
1006,c,2015,1145093.85,1210701,175,65607.15,5.73
1007,c,2014,2089041.29,2175979,304,86937.71,4.16
1007,c,2015,1233514.43,1284011,176,50496.57,4.09
1008,a,2014,1609106.11,1642681,304,33574.89,2.09
1008,a,2015,952305.35,976450,176,24144.65,2.54
1009,a,2014,664788.47,697709,147,32920.53,4.95
1009,a,2015,719290.9,712463,147,-6827.9,-0.95
1010,d,2014,2627292.46,2754604,304,127311.54,4.85
1010,d,2015,1576617.09,1655238,176,78620.91,4.99
1011,a,2014,2380051.65,2576649,302,196597.35,8.26
1011,a,2015,1537128.37,1254205,175,-282923.37,-18.41
1012,d,2014,869889.73,916943,147,47053.27,5.41
1012,d,2015,945071.32,891057,147,-54014.32,-5.72
1013,a,2014,1235368.79,1245338,302,9969.21,0.81
1013,a,2015,741288.55,668486,175,-72802.55,-9.82
1014,a,2014,3758015.27,3875416,302,117400.73,3.12
1014,a,2015,2277741.26,1992460,175,-285281.26,-12.52
1015,d,2014,1817973.51,1856037,302,38063.49,2.09
1015,d,2015,1070980.75,1087604,175,16623.25,1.55
1016,c,2014,1623940.0,1641232,302,17292.0,1.06
1016,c,2015,950533.9,999773,175,49239.1,5.18
1017,c,2014,2212258.31,2093428,289,-118830.31,-5.37
1017,c,2015,1306117.89,1205651,176,-100466.89,-7.69
1018,c,2014,3721879.88,3594086,304,-127793.88,-3.43
1018,c,2015,2029306.45,1987041,174,-42265.45,-2.08
1019,d,2014,1327682.13,1400417,147,72734.87,5.48
1019,d,2015,1444801.7,1312725,147,-132076.7,-9.14
1020,a,2014,2906888.79,2701692,303,-205196.79,-7.06
1020,a,2015,1634538.7,1534365,175,-100173.7,-6.13
1021,a,2014,2578564.9,2582856,290,4291.1,0.17
1021,a,2015,1639514.37,1633805,176,-5709.37,-0.35
1022,a,2014,2158421.48,2287700,302,129278.52,5.99
1022,a,2015,1344370.99,1327201,175,-17169.99,-1.28
1023,c,2014,2030135.39,1815550,302,-214585.39,-10.57
1023,c,2015,1042919.0,1016615,176,-26304.0,-2.52
1024,c,2014,1913446.47,1869854,304,-43592.47,-2.28
1024,c,2015,1085538.01,1084874,176,-664.01,-0.06
1025,a,2014,2332177.7,2198512,301,-133665.7,-5.73
1025,a,2015,1320279.2,1300910,174,-19369.2,-1.47
1026,c,2014,2950186.78,2857908,302,-92278.78,-3.13
1026,c,2015,1661545.83,1682016,175,20470.17,1.23
1027,a,2014,1875353.02,1916820,147,41466.98,2.21
1027,a,2015,1975695.83,1960225,147,-15470.83,-0.78
1028,a,2014,1359179.86,1482177,302,122997.14,9.05
1028,a,2015,866628.76,887859,175,21230.24,2.45
1029,a,2014,1645496.95,1652035,302,6538.05,0.4
1029,a,2015,981177.25,971277,175,-9900.25,-1.01
1030,a,2014,1137639.47,1083579,302,-54060.47,-4.75
1030,a,2015,630721.67,627047,175,-3674.67,-0.58
1031,d,2014,1479002.5,1479575,302,572.5,0.04
1031,d,2015,884353.73,860128,175,-24225.73,-2.74
1032,d,2014,2867986.89,2763828,302,-104158.89,-3.63
1032,d,2015,1600775.0,1618442,175,17667.0,1.1
1033,a,2014,4351351.04,4142633,304,-208718.04,-4.8
1033,a,2015,2431457.43,2507622,176,76164.57,3.13
1034,a,2014,1992089.52,1998590,302,6500.48,0.33
1034,a,2015,1159538.76,1143998,176,-15540.76,-1.34
1035,a,2014,1540932.08,1469612,302,-71320.08,-4.63
1035,a,2015,862190.8,840629,176,-21561.8,-2.5
1036,d,2014,1479038.54,1517026,302,37987.46,2.57
1036,d,2015,873047.52,933107,175,60059.48,6.88
1037,a,2014,2194990.86,2132065,303,-62925.86,-2.87
1037,a,2015,1265762.75,1135424,175,-130338.75,-10.3
1038,d,2014,912915.35,828716,147,-84199.35,-9.22
1038,d,2015,854084.66,848833,147,-5251.66,-0.61
1039,a,2014,2426529.71,2608064,302,181534.29,7.48
1039,a,2015,1510126.32,1444222,175,-65904.32,-4.36
1040,a,2014,2623072.75,2688913,302,65840.25,2.51
1040,a,2015,1588097.2,1544821,175,-43276.2,-2.73
1041,c,2014,936107.15,870973,147,-65134.15,-6.96
1041,c,2015,897394.57,911836,147,14441.43,1.61
1042,a,2014,1258613.2,1269047,302,10433.8,0.83
1042,a,2015,765485.57,729390,175,-36095.57,-4.72
1043,c,2014,2847881.5,2647771,302,-200110.5,-7.03
1043,c,2015,1540900.6,1444255,175,-96645.6,-6.27
1044,c,2014,2059896.77,2021947,301,-37949.77,-1.84
1044,c,2015,1171258.07,1120848,174,-50410.07,-4.3
1045,a,2014,2639731.03,2588424,341,-51307.03,-1.94
1045,a,2015,1460902.56,1483968,198,23065.44,1.58
1046,d,2014,2583397.96,2668276,302,84878.04,3.29
1046,d,2015,1524031.65,1604712,175,80680.35,5.29
1047,a,2014,1496345.24,1462981,301,-33364.24,-2.23
1047,a,2015,876137.82,876899,174,761.18,0.09
1048,d,2014,2019892.22,2125944,304,106051.78,5.25
1048,d,2015,1208322.71,1308453,175,100130.29,8.29
1049,a,2014,585993.25,580079,147,-5914.25,-1.01
1049,a,2015,597867.2,593849,147,-4018.2,-0.67
1050,d,2014,2262101.1,2298617,303,36515.9,1.61
1050,d,2015,1345032.22,1280515,175,-64517.22,-4.8
1051,c,2014,2096823.53,2230883,290,134059.47,6.39
1051,c,2015,1405540.24,1387692,174,-17848.24,-1.27
1052,a,2014,2234446.23,2227355,302,-7091.23,-0.32
1052,a,2015,1307001.59,1270126,175,-36875.59,-2.82
1053,a,2014,2769093.03,2754459,304,-14634.03,-0.53
1053,a,2015,1627212.23,1562798,176,-64414.23,-3.96
1054,a,2014,1824541.76,1861187,304,36645.24,2.01
1054,a,2015,1075933.27,1099971,176,24037.73,2.23
1055,c,2014,2476557.86,2427771,303,-48786.86,-1.97
1055,c,2015,1414477.97,1360960,176,-53517.97,-3.78
1056,d,2014,462881.69,590872,147,127990.31,27.65
1056,d,2015,609263.74,690910,147,81646.26,13.4
1057,d,2014,1995902.64,1966550,304,-29352.64,-1.47
1057,d,2015,1114861.82,1133818,176,18956.18,1.7
1058,a,2014,2218064.06,2211833,302,-6231.06,-0.28
1058,a,2015,1286930.67,1295484,175,8553.33,0.66
1059,c,2014,2562779.09,2566648,304,3868.91,0.15
1059,c,2015,1471259.57,1553477,176,82217.43,5.59
1060,a,2014,2218547.22,2244880,302,26332.78,1.19
1060,a,2015,1325539.52,1313290,175,-12249.52,-0.92
1061,d,2014,2046517.68,2308422,301,261904.32,12.8
1061,d,2015,1333914.47,1436727,174,102812.53,7.71
1062,d,2014,2016598.98,1925781,302,-90817.98,-4.5
1062,d,2015,1130915.63,1109693,175,-21222.63,-1.88
1063,a,2014,1272274.39,1301962,304,29687.61,2.33
1063,a,2015,741116.17,812736,176,71619.83,9.66
1064,a,2014,2838080.46,2879066,302,40985.54,1.44
1064,a,2015,1685723.4,1736537,175,50813.6,3.01
1065,a,2014,594687.46,617806,147,23118.54,3.89
1065,a,2015,636513.21,630971,147,-5542.21,-0.87
1066,a,2014,3429093.72,3408658,302,-20435.72,-0.6
1066,a,2015,2035890.13,1893540,175,-142350.13,-6.99
1067,d,2014,790735.59,850399,147,59663.41,7.55
1067,d,2015,876731.61,911279,147,34547.39,3.94
1068,d,2014,1295754.57,1372018,301,76263.43,5.89
1068,d,2015,796935.01,820121,174,23185.99,2.91
1069,a,2014,1937912.43,1911450,303,-26462.43,-1.37
1069,a,2015,1081233.12,1141130,176,59896.88,5.54
1070,c,2014,2147948.93,2153492,304,5543.07,0.26
1070,c,2015,1240456.38,1279619,176,39162.62,3.16
1071,a,2014,1859033.89,1843597,304,-15436.89,-0.83
1071,a,2015,1083953.57,1078647,176,-5306.57,-0.49
1072,a,2014,2061103.35,2061670,302,566.65,0.03
1072,a,2015,1216462.53,1255320,175,38857.47,3.19
1073,a,2014,2103333.8,2172300,302,68966.2,3.28
1073,a,2015,1260187.18,1457720,175,197532.82,15.67
1074,c,2014,1541426.83,1588828,302,47401.17,3.08
1074,c,2015,918385.19,931767,176,13381.81,1.46
1075,a,2014,3631599.66,3415869,304,-215730.66,-5.94
1075,a,2015,2016562.96,2063814,176,47251.04,2.34
1076,a,2014,1014639.65,1117960,302,103320.35,10.18
1076,a,2015,639441.78,718927,175,79485.22,12.43
1077,a,2014,1369393.99,1365436,302,-3957.99,-0.29
1077,a,2015,801694.45,805353,175,3658.55,0.46
1078,d,2014,1892447.51,2137187,301,244739.49,12.93
1078,d,2015,1239320.59,1314450,174,75129.41,6.06
1079,a,2014,2780060.25,2633961,303,-146099.25,-5.26
1079,a,2015,1570061.39,1455802,175,-114259.39,-7.28
1080,a,2014,1498460.28,1468453,147,-30007.28,-2.0
1080,a,2015,1513268.06,1567099,147,53830.94,3.56
1081,b,2014,1039122.02,1167986,184,128863.98,12.4
1081,b,2015,1383793.67,1176059,212,-207734.67,-15.01
1082,c,2014,2249506.72,2147676,302,-101830.72,-4.53
1082,c,2015,1224569.6,1168872,176,-55697.6,-4.55
1083,d,2014,1416964.58,1619293,303,202328.42,14.28
1083,d,2015,923376.85,1025909,175,102532.15,11.1
1084,a,2014,1975502.9,1902994,304,-72508.9,-3.67
1084,a,2015,1129955.68,1091944,175,-38011.68,-3.36
1085,c,2014,2427893.77,2312074,304,-115819.77,-4.77
1085,c,2015,1365157.7,1266377,176,-98780.7,-7.24
1086,a,2014,2949319.38,2086776,303,-862543.38,-29.25
1086,a,2015,1314488.98,1049830,175,-264658.98,-20.13
1087,d,2014,1915341.5,1899051,304,-16290.5,-0.85
1087,d,2015,1101717.12,1168549,176,66831.88,6.07
1088,a,2014,1513373.99,1568280,302,54906.01,3.63
1088,a,2015,920270.25,926539,175,6268.75,0.68
1089,d,2014,3094806.22,3077618,302,-17188.22,-0.56
1089,d,2015,1822345.55,1837664,175,15318.45,0.84
1090,a,2014,1963914.02,1979540,302,15625.98,0.8
1090,a,2015,1143489.36,1150259,176,6769.64,0.59
1091,a,2014,2514477.36,2547716,304,33238.64,1.32
1091,a,2015,1461935.8,1501734,176,39798.2,2.72
1092,a,2014,1756678.51,1737610,147,-19068.51,-1.09
1092,a,2015,1789590.07,1842321,147,52730.93,2.95
1093,c,2014,2560427.1,2537021,302,-23406.1,-0.91
1093,c,2015,1452271.21,1486527,176,34255.79,2.36
1094,d,2014,659197.29,663863,147,4665.71,0.71
1094,d,2015,684004.02,725011,147,41006.98,6.0
1095,a,2014,1474933.74,1471998,303,-2935.74,-0.2
1095,a,2015,838047.84,837690,176,-357.84,-0.04
1096,a,2014,1492230.58,1732775,302,240544.42,16.12
1096,a,2015,997309.18,1071833,175,74523.82,7.47
1097,b,2014,3429856.74,3587098,365,157241.26,4.58
1097,b,2015,2153966.9,2262357,212,108390.1,5.03
1098,a,2014,1613666.43,1614094,302,427.57,0.03
1098,a,2015,951881.16,923737,176,-28144.16,-2.96
1099,a,2014,2837137.32,2639270,346,-197867.32,-6.97
1099,a,2015,1530071.18,1523175,201,-6896.18,-0.45
1100,a,2014,1690837.19,1573811,292,-117026.19,-6.92
1100,a,2015,973669.37,897798,175,-75871.37,-7.79
1101,d,2014,3026160.64,3070033,304,43872.36,1.45
1101,d,2015,1789836.41,1812499,176,22662.59,1.27
1102,a,2014,1046153.42,1038876,147,-7277.42,-0.7
1102,a,2015,1070471.9,1038150,147,-32321.9,-3.02
1103,d,2014,1373494.43,1565990,303,192495.57,14.02
1103,d,2015,892986.34,1022911,175,129924.66,14.55
1104,d,2014,808299.62,807340,147,-959.62,-0.12
1104,d,2015,832456.54,795684,147,-36772.54,-4.42
1105,c,2014,1204611.64,1461955,302,257343.36,21.36
1105,c,2015,827738.75,926603,175,98864.25,11.94
1106,a,2014,1494395.55,1501109,304,6713.45,0.45
1106,a,2015,858587.65,886655,176,28067.35,3.27
1107,a,2014,932369.18,943160,147,10790.82,1.16
1107,a,2015,972474.77,937342,147,-35132.77,-3.61
1108,a,2014,1731304.48,1765253,302,33948.52,1.96
1108,a,2015,1033286.54,1039207,176,5920.46,0.57
1109,c,2014,725174.6,728567,147,3392.4,0.47
1109,c,2015,750732.05,727036,147,-23696.05,-3.16
1110,c,2014,1342801.34,1380943,304,38141.66,2.84
1110,c,2015,800259.18,865479,175,65219.82,8.15
1111,a,2014,1697510.72,1587030,302,-110480.72,-6.51
1111,a,2015,984415.88,858869,175,-125546.88,-12.75
1112,c,2014,3542313.02,2926635,302,-615678.02,-17.38
1112,c,2015,1812741.78,1614029,175,-198712.78,-10.96
1113,a,2014,2050760.87,2043271,304,-7489.87,-0.37
1113,a,2015,1164859.29,1164107,176,-752.29,-0.06
1114,a,2014,6356065.83,6227969,304,-128096.83,-2.02
1114,a,2015,3629569.17,3809075,176,179505.83,4.95
1115,d,2014,1748790.58,1985458,303,236667.42,13.53
1115,d,2015,1136231.35,1242048,175,105816.65,9.31
