source,year,month,monthname,category,artikel,med_headline_woerter,avg_headline_woerter,med_beschreibung_woerter
ABC News (AU),2003,2,02-Feb,Gesellschaft,45,6.0,6.16,
ABC News (AU),2003,2,02-Feb,Gesundheit,37,7.0,6.78,
ABC News (AU),2003,2,02-Feb,Kriminalität,201,7.0,6.74,
ABC News (AU),2003,2,02-Feb,Politik,84,6.0,6.51,
ABC News (AU),2003,2,02-Feb,Sonstiges,1476,6.0,6.27,
ABC News (AU),2003,2,02-Feb,Sport,47,7.0,6.94,
ABC News (AU),2003,2,02-Feb,Umwelt,98,6.0,6.18,
ABC News (AU),2003,2,02-Feb,Welt,120,7.0,7.12,
ABC News (AU),2003,2,02-Feb,Wirtschaft,72,7.0,6.64,
ABC News (AU),2003,3,03-Mar,Gesellschaft,129,6.0,6.29,
ABC News (AU),2003,3,03-Mar,Gesundheit,179,6.0,6.48,
ABC News (AU),2003,3,03-Mar,Kriminalität,500,7.0,6.59,
ABC News (AU),2003,3,03-Mar,Politik,345,6.0,6.5,
ABC News (AU),2003,3,03-Mar,Sonstiges,4122,6.0,6.29,
ABC News (AU),2003,3,03-Mar,Sport,129,7.0,6.61,
ABC News (AU),2003,3,03-Mar,Umwelt,161,6.0,6.31,
ABC News (AU),2003,3,03-Mar,Welt,656,7.0,6.95,
ABC News (AU),2003,3,03-Mar,Wirtschaft,189,7.0,6.7,
ABC News (AU),2003,4,04-Apr,Gesellschaft,132,6.0,6.17,
ABC News (AU),2003,4,04-Apr,Gesundheit,170,6.5,6.57,
ABC News (AU),2003,4,04-Apr,Kriminalität,456,6.0,6.47,
ABC News (AU),2003,4,04-Apr,Politik,253,6.0,6.36,
ABC News (AU),2003,4,04-Apr,Sonstiges,4252,6.0,6.36,
ABC News (AU),2003,4,04-Apr,Sport,103,7.0,6.8,
ABC News (AU),2003,4,04-Apr,Umwelt,147,6.0,6.24,
ABC News (AU),2003,4,04-Apr,Welt,348,7.0,7.14,
ABC News (AU),2003,4,04-Apr,Wirtschaft,240,6.0,6.62,
ABC News (AU),2003,5,05-May,Gesellschaft,91,6.0,6.27,
ABC News (AU),2003,5,05-May,Gesundheit,193,6.0,6.46,
ABC News (AU),2003,5,05-May,Kriminalität,543,7.0,6.57,
ABC News (AU),2003,5,05-May,Politik,268,6.0,6.49,
ABC News (AU),2003,5,05-May,Sonstiges,4466,6.0,6.2,
ABC News (AU),2003,5,05-May,Sport,141,6.0,6.56,
ABC News (AU),2003,5,05-May,Umwelt,147,6.0,6.27,
ABC News (AU),2003,5,05-May,Welt,178,7.0,6.72,
ABC News (AU),2003,5,05-May,Wirtschaft,372,6.0,6.31,
ABC News (AU),2003,6,06-Jun,Gesellschaft,142,6.0,6.31,
ABC News (AU),2003,6,06-Jun,Gesundheit,168,6.0,6.27,
ABC News (AU),2003,6,06-Jun,Kriminalität,580,7.0,6.49,
ABC News (AU),2003,6,06-Jun,Politik,267,6.0,6.41,
ABC News (AU),2003,6,06-Jun,Sonstiges,4411,6.0,6.27,
ABC News (AU),2003,6,06-Jun,Sport,133,7.0,6.7,
ABC News (AU),2003,6,06-Jun,Umwelt,174,6.0,6.37,
ABC News (AU),2003,6,06-Jun,Welt,209,7.0,6.9,
ABC News (AU),2003,6,06-Jun,Wirtschaft,262,6.0,6.34,
ABC News (AU),2003,7,07-Jul,Gesellschaft,146,6.0,6.03,
ABC News (AU),2003,7,07-Jul,Gesundheit,155,6.0,6.24,
ABC News (AU),2003,7,07-Jul,Kriminalität,554,7.0,6.49,
ABC News (AU),2003,7,07-Jul,Politik,243,6.0,6.59,
ABC News (AU),2003,7,07-Jul,Sonstiges,4552,6.0,6.21,
ABC News (AU),2003,7,07-Jul,Sport,106,6.0,6.39,
ABC News (AU),2003,7,07-Jul,Umwelt,191,6.0,6.33,
ABC News (AU),2003,7,07-Jul,Welt,251,7.0,6.7,
ABC News (AU),2003,7,07-Jul,Wirtschaft,307,6.0,6.49,
ABC News (AU),2003,8,08-Aug,Gesellschaft,134,6.0,6.28,
ABC News (AU),2003,8,08-Aug,Gesundheit,178,6.0,6.5,
ABC News (AU),2003,8,08-Aug,Kriminalität,524,7.0,6.59,
ABC News (AU),2003,8,08-Aug,Politik,250,6.0,6.47,
ABC News (AU),2003,8,08-Aug,Sonstiges,4303,6.0,6.19,
ABC News (AU),2003,8,08-Aug,Sport,102,6.0,6.29,
ABC News (AU),2003,8,08-Aug,Umwelt,164,6.0,6.22,
ABC News (AU),2003,8,08-Aug,Welt,223,7.0,6.71,
ABC News (AU),2003,8,08-Aug,Wirtschaft,250,6.0,6.5,
ABC News (AU),2003,9,09-Sep,Gesellschaft,126,6.0,6.31,
ABC News (AU),2003,9,09-Sep,Gesundheit,180,6.0,6.49,
ABC News (AU),2003,9,09-Sep,Kriminalität,538,7.0,6.61,
ABC News (AU),2003,9,09-Sep,Politik,289,6.0,6.38,
ABC News (AU),2003,9,09-Sep,Sonstiges,3893,6.0,6.36,
ABC News (AU),2003,9,09-Sep,Sport,148,7.0,6.78,
ABC News (AU),2003,9,09-Sep,Umwelt,158,6.0,6.35,
ABC News (AU),2003,9,09-Sep,Welt,236,7.0,6.78,
ABC News (AU),2003,9,09-Sep,Wirtschaft,272,7.0,6.62,
ABC News (AU),2003,10,10-Oct,Gesellschaft,144,6.0,6.49,
ABC News (AU),2003,10,10-Oct,Gesundheit,206,6.0,6.46,
ABC News (AU),2003,10,10-Oct,Kriminalität,605,7.0,6.65,
ABC News (AU),2003,10,10-Oct,Politik,356,7.0,6.53,
ABC News (AU),2003,10,10-Oct,Sonstiges,4337,6.0,6.37,
ABC News (AU),2003,10,10-Oct,Sport,162,7.0,6.69,
ABC News (AU),2003,10,10-Oct,Umwelt,188,6.0,6.49,
ABC News (AU),2003,10,10-Oct,Welt,257,7.0,6.74,
ABC News (AU),2003,10,10-Oct,Wirtschaft,343,7.0,6.64,
ABC News (AU),2003,11,11-Nov,Gesellschaft,112,6.0,6.29,
ABC News (AU),2003,11,11-Nov,Gesundheit,170,6.0,6.36,
ABC News (AU),2003,11,11-Nov,Kriminalität,560,6.0,6.51,
ABC News (AU),2003,11,11-Nov,Politik,289,6.0,6.48,
ABC News (AU),2003,11,11-Nov,Sonstiges,3772,6.0,6.22,
ABC News (AU),2003,11,11-Nov,Sport,111,6.0,6.62,
ABC News (AU),2003,11,11-Nov,Umwelt,171,6.0,6.43,
ABC News (AU),2003,11,11-Nov,Welt,245,7.0,6.69,
ABC News (AU),2003,11,11-Nov,Wirtschaft,281,6.0,6.25,
ABC News (AU),2003,12,12-Dec,Gesellschaft,123,6.0,6.24,
ABC News (AU),2003,12,12-Dec,Gesundheit,165,6.0,6.16,
ABC News (AU),2003,12,12-Dec,Kriminalität,607,6.0,6.33,
ABC News (AU),2003,12,12-Dec,Politik,240,6.0,6.41,
ABC News (AU),2003,12,12-Dec,Sonstiges,3951,6.0,6.15,
ABC News (AU),2003,12,12-Dec,Sport,86,6.0,6.13,
ABC News (AU),2003,12,12-Dec,Umwelt,149,6.0,6.23,
ABC News (AU),2003,12,12-Dec,Welt,216,7.0,6.67,
ABC News (AU),2003,12,12-Dec,Wirtschaft,242,6.0,6.22,
ABC News (AU),2004,1,01-Jan,Gesellschaft,86,6.0,6.37,
ABC News (AU),2004,1,01-Jan,Gesundheit,188,7.0,6.68,
ABC News (AU),2004,1,01-Jan,Kriminalität,511,7.0,6.54,
ABC News (AU),2004,1,01-Jan,Politik,208,7.0,6.67,
ABC News (AU),2004,1,01-Jan,Sonstiges,4003,6.0,6.37,
ABC News (AU),2004,1,01-Jan,Sport,85,6.0,6.46,
ABC News (AU),2004,1,01-Jan,Umwelt,227,6.0,6.35,
ABC News (AU),2004,1,01-Jan,Welt,210,7.0,6.99,
ABC News (AU),2004,1,01-Jan,Wirtschaft,247,7.0,6.55,
ABC News (AU),2004,2,02-Feb,Gesellschaft,121,6.0,6.28,
ABC News (AU),2004,2,02-Feb,Gesundheit,145,6.0,6.33,
ABC News (AU),2004,2,02-Feb,Kriminalität,521,6.0,6.38,
ABC News (AU),2004,2,02-Feb,Politik,297,6.0,6.28,
ABC News (AU),2004,2,02-Feb,Sonstiges,4004,6.0,6.22,
ABC News (AU),2004,2,02-Feb,Sport,106,6.0,6.38,
ABC News (AU),2004,2,02-Feb,Umwelt,170,6.0,6.28,
ABC News (AU),2004,2,02-Feb,Welt,191,6.0,6.53,
ABC News (AU),2004,2,02-Feb,Wirtschaft,266,6.0,6.47,
ABC News (AU),2004,3,03-Mar,Gesellschaft,155,6.0,6.24,
ABC News (AU),2004,3,03-Mar,Gesundheit,199,6.0,6.5,
ABC News (AU),2004,3,03-Mar,Kriminalität,582,7.0,6.54,
ABC News (AU),2004,3,03-Mar,Politik,390,6.0,6.39,
ABC News (AU),2004,3,03-Mar,Sonstiges,4337,6.0,6.23,
ABC News (AU),2004,3,03-Mar,Sport,139,6.0,6.41,
ABC News (AU),2004,3,03-Mar,Umwelt,157,6.0,6.24,
ABC News (AU),2004,3,03-Mar,Welt,261,7.0,6.6,
ABC News (AU),2004,3,03-Mar,Wirtschaft,286,6.0,6.44,
ABC News (AU),2004,4,04-Apr,Gesellschaft,140,6.0,6.22,
ABC News (AU),2004,4,04-Apr,Gesundheit,171,6.0,6.18,
ABC News (AU),2004,4,04-Apr,Kriminalität,575,6.0,6.3,
ABC News (AU),2004,4,04-Apr,Politik,262,6.0,6.11,
ABC News (AU),2004,4,04-Apr,Sonstiges,3993,6.0,6.06,
ABC News (AU),2004,4,04-Apr,Sport,108,6.0,6.43,
ABC News (AU),2004,4,04-Apr,Umwelt,160,6.0,6.06,
ABC News (AU),2004,4,04-Apr,Welt,297,7.0,6.59,
ABC News (AU),2004,4,04-Apr,Wirtschaft,241,6.0,6.2,
ABC News (AU),2004,5,05-May,Gesellschaft,108,6.0,6.3,
ABC News (AU),2004,5,05-May,Gesundheit,163,6.0,6.23,
ABC News (AU),2004,5,05-May,Kriminalität,531,7.0,6.49,
ABC News (AU),2004,5,05-May,Politik,299,6.0,6.45,
ABC News (AU),2004,5,05-May,Sonstiges,3885,6.0,6.21,
ABC News (AU),2004,5,05-May,Sport,112,7.0,6.66,
ABC News (AU),2004,5,05-May,Umwelt,159,6.0,6.22,
ABC News (AU),2004,5,05-May,Welt,261,7.0,6.69,
ABC News (AU),2004,5,05-May,Wirtschaft,359,6.0,6.4,
ABC News (AU),2004,6,06-Jun,Gesellschaft,128,6.0,6.22,
ABC News (AU),2004,6,06-Jun,Gesundheit,174,6.0,6.25,
ABC News (AU),2004,6,06-Jun,Kriminalität,598,6.0,6.43,
ABC News (AU),2004,6,06-Jun,Politik,304,6.0,6.42,
ABC News (AU),2004,6,06-Jun,Sonstiges,4325,6.0,6.11,
ABC News (AU),2004,6,06-Jun,Sport,110,6.0,6.45,
ABC News (AU),2004,6,06-Jun,Umwelt,124,6.0,6.24,
ABC News (AU),2004,6,06-Jun,Welt,250,7.0,6.68,
ABC News (AU),2004,6,06-Jun,Wirtschaft,263,6.0,6.27,
ABC News (AU),2004,7,07-Jul,Gesellschaft,138,6.0,5.99,
ABC News (AU),2004,7,07-Jul,Gesundheit,176,6.0,6.22,
ABC News (AU),2004,7,07-Jul,Kriminalität,545,6.0,6.36,
ABC News (AU),2004,7,07-Jul,Politik,315,6.0,6.24,
ABC News (AU),2004,7,07-Jul,Sonstiges,4144,6.0,6.01,
ABC News (AU),2004,7,07-Jul,Sport,142,6.0,6.1,
ABC News (AU),2004,7,07-Jul,Umwelt,153,6.0,6.09,
ABC News (AU),2004,7,07-Jul,Welt,268,6.0,6.52,
ABC News (AU),2004,7,07-Jul,Wirtschaft,266,6.0,6.22,
ABC News (AU),2004,8,08-Aug,Gesellschaft,125,6.0,6.26,
ABC News (AU),2004,8,08-Aug,Gesundheit,210,6.0,6.2,
ABC News (AU),2004,8,08-Aug,Kriminalität,556,6.0,6.3,
ABC News (AU),2004,8,08-Aug,Politik,321,6.0,6.15,
ABC News (AU),2004,8,08-Aug,Sonstiges,4428,6.0,6.01,
ABC News (AU),2004,8,08-Aug,Sport,168,6.0,6.33,
ABC News (AU),2004,8,08-Aug,Umwelt,161,6.0,6.12,
ABC News (AU),2004,8,08-Aug,Welt,231,7.0,6.57,
ABC News (AU),2004,8,08-Aug,Wirtschaft,247,6.0,6.37,
ABC News (AU),2004,9,09-Sep,Gesellschaft,133,6.0,6.17,
ABC News (AU),2004,9,09-Sep,Gesundheit,192,6.0,6.32,
ABC News (AU),2004,9,09-Sep,Kriminalität,535,6.0,6.34,
ABC News (AU),2004,9,09-Sep,Politik,388,6.0,6.29,
ABC News (AU),2004,9,09-Sep,Sonstiges,3901,6.0,6.08,
ABC News (AU),2004,9,09-Sep,Sport,109,6.0,6.28,
ABC News (AU),2004,9,09-Sep,Umwelt,126,6.0,6.2,
ABC News (AU),2004,9,09-Sep,Welt,232,7.0,6.57,
ABC News (AU),2004,9,09-Sep,Wirtschaft,227,6.0,6.31,
ABC News (AU),2004,10,10-Oct,Gesellschaft,103,6.0,6.36,
ABC News (AU),2004,10,10-Oct,Gesundheit,171,6.0,6.29,
ABC News (AU),2004,10,10-Oct,Kriminalität,501,6.0,6.46,
ABC News (AU),2004,10,10-Oct,Politik,418,6.0,6.28,
ABC News (AU),2004,10,10-Oct,Sonstiges,4133,6.0,6.11,
ABC News (AU),2004,10,10-Oct,Sport,86,6.0,6.37,
ABC News (AU),2004,10,10-Oct,Umwelt,172,6.0,6.13,
ABC News (AU),2004,10,10-Oct,Welt,263,6.0,6.5,
ABC News (AU),2004,10,10-Oct,Wirtschaft,205,6.0,6.2,
ABC News (AU),2004,11,11-Nov,Gesellschaft,141,6.0,6.26,
ABC News (AU),2004,11,11-Nov,Gesundheit,193,6.0,6.27,
ABC News (AU),2004,11,11-Nov,Kriminalität,547,6.0,6.28,
ABC News (AU),2004,11,11-Nov,Politik,319,6.0,6.26,
ABC News (AU),2004,11,11-Nov,Sonstiges,4347,6.0,6.15,
ABC News (AU),2004,11,11-Nov,Sport,80,6.0,6.46,
ABC News (AU),2004,11,11-Nov,Umwelt,149,6.0,6.06,
ABC News (AU),2004,11,11-Nov,Welt,220,6.0,6.53,
ABC News (AU),2004,11,11-Nov,Wirtschaft,224,6.0,6.44,
ABC News (AU),2004,12,12-Dec,Gesellschaft,138,6.0,6.4,
ABC News (AU),2004,12,12-Dec,Gesundheit,149,6.0,6.34,
ABC News (AU),2004,12,12-Dec,Kriminalität,580,6.0,6.36,
ABC News (AU),2004,12,12-Dec,Politik,275,6.0,6.42,
ABC News (AU),2004,12,12-Dec,Sonstiges,3993,6.0,6.21,
ABC News (AU),2004,12,12-Dec,Sport,75,6.0,6.32,
ABC News (AU),2004,12,12-Dec,Umwelt,163,6.0,6.13,
ABC News (AU),2004,12,12-Dec,Welt,194,7.0,6.61,
ABC News (AU),2004,12,12-Dec,Wirtschaft,206,6.0,6.32,
ABC News (AU),2005,1,01-Jan,Gesellschaft,113,6.0,6.17,
ABC News (AU),2005,1,01-Jan,Gesundheit,208,6.0,6.2,
ABC News (AU),2005,1,01-Jan,Kriminalität,552,6.0,6.32,
ABC News (AU),2005,1,01-Jan,Politik,239,6.0,6.37,
ABC News (AU),2005,1,01-Jan,Sonstiges,4319,6.0,6.11,
ABC News (AU),2005,1,01-Jan,Sport,67,7.0,6.42,
ABC News (AU),2005,1,01-Jan,Umwelt,173,6.0,6.25,
ABC News (AU),2005,1,01-Jan,Welt,232,6.0,6.54,
ABC News (AU),2005,1,01-Jan,Wirtschaft,193,6.0,6.32,
ABC News (AU),2005,2,02-Feb,Gesellschaft,115,6.0,6.44,
ABC News (AU),2005,2,02-Feb,Gesundheit,189,6.0,6.39,
ABC News (AU),2005,2,02-Feb,Kriminalität,545,6.0,6.43,
ABC News (AU),2005,2,02-Feb,Politik,279,6.0,6.26,
ABC News (AU),2005,2,02-Feb,Sonstiges,3927,6.0,6.25,
ABC News (AU),2005,2,02-Feb,Sport,92,6.5,6.58,
ABC News (AU),2005,2,02-Feb,Umwelt,170,6.0,6.36,
ABC News (AU),2005,2,02-Feb,Welt,206,7.0,6.86,
ABC News (AU),2005,2,02-Feb,Wirtschaft,218,6.0,6.38,
ABC News (AU),2005,3,03-Mar,Gesellschaft,136,6.0,6.15,
ABC News (AU),2005,3,03-Mar,Gesundheit,191,6.0,6.3,
ABC News (AU),2005,3,03-Mar,Kriminalität,685,7.0,6.5,
ABC News (AU),2005,3,03-Mar,Politik,280,6.0,6.44,
ABC News (AU),2005,3,03-Mar,Sonstiges,4229,6.0,6.17,
ABC News (AU),2005,3,03-Mar,Sport,101,7.0,6.59,
ABC News (AU),2005,3,03-Mar,Umwelt,121,6.0,6.28,
ABC News (AU),2005,3,03-Mar,Welt,201,7.0,6.66,
ABC News (AU),2005,3,03-Mar,Wirtschaft,259,6.0,6.47,
ABC News (AU),2005,4,04-Apr,Gesellschaft,130,6.0,6.21,
ABC News (AU),2005,4,04-Apr,Gesundheit,204,6.0,6.42,
ABC News (AU),2005,4,04-Apr,Kriminalität,546,7.0,6.47,
ABC News (AU),2005,4,04-Apr,Politik,280,6.0,6.38,
ABC News (AU),2005,4,04-Apr,Sonstiges,3969,6.0,6.24,
ABC News (AU),2005,4,04-Apr,Sport,53,6.0,6.51,
ABC News (AU),2005,4,04-Apr,Umwelt,155,6.0,6.33,
ABC News (AU),2005,4,04-Apr,Welt,215,7.0,6.6,
ABC News (AU),2005,4,04-Apr,Wirtschaft,249,6.0,6.4,
ABC News (AU),2005,5,05-May,Gesellschaft,164,6.0,6.38,
ABC News (AU),2005,5,05-May,Gesundheit,232,7.0,6.48,
ABC News (AU),2005,5,05-May,Kriminalität,596,6.0,6.51,
ABC News (AU),2005,5,05-May,Politik,280,6.0,6.4,
ABC News (AU),2005,5,05-May,Sonstiges,4199,6.0,6.27,
ABC News (AU),2005,5,05-May,Sport,78,7.0,6.71,
ABC News (AU),2005,5,05-May,Umwelt,218,6.0,6.22,
ABC News (AU),2005,5,05-May,Welt,176,7.0,6.57,
ABC News (AU),2005,5,05-May,Wirtschaft,372,6.0,6.31,
ABC News (AU),2005,6,06-Jun,Gesellschaft,203,6.0,6.41,
ABC News (AU),2005,6,06-Jun,Gesundheit,212,6.0,6.42,
ABC News (AU),2005,6,06-Jun,Kriminalität,510,7.0,6.56,
ABC News (AU),2005,6,06-Jun,Politik,326,7.0,6.44,
ABC News (AU),2005,6,06-Jun,Sonstiges,4200,6.0,6.27,
ABC News (AU),2005,6,06-Jun,Sport,92,7.0,6.54,
ABC News (AU),2005,6,06-Jun,Umwelt,188,6.0,6.23,
ABC News (AU),2005,6,06-Jun,Welt,222,6.0,6.49,
ABC News (AU),2005,6,06-Jun,Wirtschaft,265,7.0,6.55,
ABC News (AU),2005,7,07-Jul,Gesellschaft,168,6.0,6.27,
ABC News (AU),2005,7,07-Jul,Gesundheit,217,7.0,6.52,
ABC News (AU),2005,7,07-Jul,Kriminalität,568,7.0,6.49,
ABC News (AU),2005,7,07-Jul,Politik,288,6.5,6.53,
ABC News (AU),2005,7,07-Jul,Sonstiges,4192,6.0,6.26,
ABC News (AU),2005,7,07-Jul,Sport,87,7.0,6.63,
ABC News (AU),2005,7,07-Jul,Umwelt,195,6.0,6.45,
ABC News (AU),2005,7,07-Jul,Welt,217,7.0,6.6,
ABC News (AU),2005,7,07-Jul,Wirtschaft,221,7.0,6.51,
ABC News (AU),2005,8,08-Aug,Gesellschaft,164,6.0,6.36,
ABC News (AU),2005,8,08-Aug,Gesundheit,213,6.0,6.45,
ABC News (AU),2005,8,08-Aug,Kriminalität,559,6.0,6.4,
ABC News (AU),2005,8,08-Aug,Politik,319,6.0,6.48,
ABC News (AU),2005,8,08-Aug,Sonstiges,4370,6.0,6.21,
ABC News (AU),2005,8,08-Aug,Sport,67,6.0,6.45,
ABC News (AU),2005,8,08-Aug,Umwelt,173,6.0,6.24,
ABC News (AU),2005,8,08-Aug,Welt,217,7.0,6.54,
ABC News (AU),2005,8,08-Aug,Wirtschaft,289,7.0,6.51,
ABC News (AU),2005,9,09-Sep,Gesellschaft,139,6.0,6.45,
ABC News (AU),2005,9,09-Sep,Gesundheit,210,7.0,6.69,
ABC News (AU),2005,9,09-Sep,Kriminalität,542,7.0,6.56,
ABC News (AU),2005,9,09-Sep,Politik,339,7.0,6.63,
ABC News (AU),2005,9,09-Sep,Sonstiges,4145,6.0,6.29,
ABC News (AU),2005,9,09-Sep,Sport,109,7.0,6.54,
ABC News (AU),2005,9,09-Sep,Umwelt,169,6.0,6.28,
ABC News (AU),2005,9,09-Sep,Welt,227,7.0,6.57,
ABC News (AU),2005,9,09-Sep,Wirtschaft,267,7.0,6.63,
ABC News (AU),2005,10,10-Oct,Gesellschaft,148,6.0,6.35,
ABC News (AU),2005,10,10-Oct,Gesundheit,207,6.0,6.4,
ABC News (AU),2005,10,10-Oct,Kriminalität,508,7.0,6.56,
ABC News (AU),2005,10,10-Oct,Politik,308,6.0,6.5,
ABC News (AU),2005,10,10-Oct,Sonstiges,4196,6.0,6.18,
ABC News (AU),2005,10,10-Oct,Sport,73,7.0,6.62,
ABC News (AU),2005,10,10-Oct,Umwelt,169,6.0,6.38,
ABC News (AU),2005,10,10-Oct,Welt,216,7.0,6.68,
ABC News (AU),2005,10,10-Oct,Wirtschaft,269,6.0,6.45,
ABC News (AU),2005,11,11-Nov,Gesellschaft,143,6.0,6.34,
ABC News (AU),2005,11,11-Nov,Gesundheit,201,7.0,6.68,
ABC News (AU),2005,11,11-Nov,Kriminalität,599,6.0,6.47,
ABC News (AU),2005,11,11-Nov,Politik,306,7.0,6.59,
ABC News (AU),2005,11,11-Nov,Sonstiges,4255,6.0,6.2,
ABC News (AU),2005,11,11-Nov,Sport,82,6.0,6.71,
ABC News (AU),2005,11,11-Nov,Umwelt,158,6.0,6.23,
ABC News (AU),2005,11,11-Nov,Welt,188,7.0,6.69,
ABC News (AU),2005,11,11-Nov,Wirtschaft,244,7.0,6.49,
ABC News (AU),2005,12,12-Dec,Gesellschaft,144,6.0,6.22,
ABC News (AU),2005,12,12-Dec,Gesundheit,183,6.0,6.27,
ABC News (AU),2005,12,12-Dec,Kriminalität,538,6.0,6.39,
ABC News (AU),2005,12,12-Dec,Politik,236,6.0,6.25,
ABC News (AU),2005,12,12-Dec,Sonstiges,4029,6.0,6.06,
ABC News (AU),2005,12,12-Dec,Sport,69,7.0,6.7,
ABC News (AU),2005,12,12-Dec,Umwelt,164,6.0,6.16,
ABC News (AU),2005,12,12-Dec,Welt,187,6.0,6.23,
ABC News (AU),2005,12,12-Dec,Wirtschaft,259,6.0,6.27,
ABC News (AU),2006,1,01-Jan,Gesellschaft,97,6.0,6.27,
ABC News (AU),2006,1,01-Jan,Gesundheit,203,6.0,6.44,
ABC News (AU),2006,1,01-Jan,Kriminalität,580,6.0,6.35,
ABC News (AU),2006,1,01-Jan,Politik,239,6.0,6.28,
ABC News (AU),2006,1,01-Jan,Sonstiges,4194,6.0,6.05,
ABC News (AU),2006,1,01-Jan,Sport,85,7.0,6.49,
ABC News (AU),2006,1,01-Jan,Umwelt,240,6.0,6.13,
ABC News (AU),2006,1,01-Jan,Welt,202,6.0,6.46,
ABC News (AU),2006,1,01-Jan,Wirtschaft,218,6.0,6.27,
ABC News (AU),2006,2,02-Feb,Gesellschaft,96,6.0,6.35,
ABC News (AU),2006,2,02-Feb,Gesundheit,154,7.0,6.5,
ABC News (AU),2006,2,02-Feb,Kriminalität,590,7.0,6.61,
ABC News (AU),2006,2,02-Feb,Politik,325,6.0,6.46,
ABC News (AU),2006,2,02-Feb,Sonstiges,3733,6.0,6.26,
ABC News (AU),2006,2,02-Feb,Sport,105,7.0,6.5,
ABC News (AU),2006,2,02-Feb,Umwelt,147,6.0,6.27,
ABC News (AU),2006,2,02-Feb,Welt,175,7.0,6.65,
ABC News (AU),2006,2,02-Feb,Wirtschaft,243,6.0,6.55,
ABC News (AU),2006,3,03-Mar,Gesellschaft,161,6.0,6.37,
ABC News (AU),2006,3,03-Mar,Gesundheit,191,6.0,6.28,
ABC News (AU),2006,3,03-Mar,Kriminalität,569,6.0,6.43,
ABC News (AU),2006,3,03-Mar,Politik,381,6.0,6.25,
ABC News (AU),2006,3,03-Mar,Sonstiges,4491,6.0,6.08,
ABC News (AU),2006,3,03-Mar,Sport,79,6.0,6.44,
ABC News (AU),2006,3,03-Mar,Umwelt,231,6.0,6.0,
ABC News (AU),2006,3,03-Mar,Welt,184,6.0,6.52,
ABC News (AU),2006,3,03-Mar,Wirtschaft,243,6.0,6.3,
ABC News (AU),2006,4,04-Apr,Gesellschaft,175,6.0,6.34,
ABC News (AU),2006,4,04-Apr,Gesundheit,211,7.0,6.51,
ABC News (AU),2006,4,04-Apr,Kriminalität,518,6.0,6.41,
ABC News (AU),2006,4,04-Apr,Politik,319,6.0,6.3,
ABC News (AU),2006,4,04-Apr,Sonstiges,3997,6.0,6.04,
ABC News (AU),2006,4,04-Apr,Sport,70,7.0,6.66,
ABC News (AU),2006,4,04-Apr,Umwelt,196,6.0,6.12,
ABC News (AU),2006,4,04-Apr,Welt,180,7.0,6.63,
ABC News (AU),2006,4,04-Apr,Wirtschaft,211,6.0,6.52,
ABC News (AU),2006,5,05-May,Gesellschaft,194,6.0,6.25,
ABC News (AU),2006,5,05-May,Gesundheit,190,6.0,6.23,
ABC News (AU),2006,5,05-May,Kriminalität,520,7.0,6.47,
ABC News (AU),2006,5,05-May,Politik,331,6.0,6.29,
ABC News (AU),2006,5,05-May,Sonstiges,4499,6.0,6.08,
ABC News (AU),2006,5,05-May,Sport,87,7.0,6.75,
ABC News (AU),2006,5,05-May,Umwelt,157,6.0,6.22,
ABC News (AU),2006,5,05-May,Welt,198,6.0,6.45,
ABC News (AU),2006,5,05-May,Wirtschaft,367,6.0,6.24,
ABC News (AU),2006,6,06-Jun,Gesellschaft,180,6.0,6.28,
ABC News (AU),2006,6,06-Jun,Gesundheit,176,6.5,6.62,
ABC News (AU),2006,6,06-Jun,Kriminalität,515,6.0,6.46,
ABC News (AU),2006,6,06-Jun,Politik,354,6.0,6.24,
ABC News (AU),2006,6,06-Jun,Sonstiges,4205,6.0,6.1,
ABC News (AU),2006,6,06-Jun,Sport,111,7.0,6.77,
ABC News (AU),2006,6,06-Jun,Umwelt,163,6.0,6.26,
ABC News (AU),2006,6,06-Jun,Welt,180,6.0,6.52,
ABC News (AU),2006,6,06-Jun,Wirtschaft,289,6.0,6.45,
ABC News (AU),2006,7,07-Jul,Gesellschaft,115,6.0,6.36,
ABC News (AU),2006,7,07-Jul,Gesundheit,187,6.0,6.47,
ABC News (AU),2006,7,07-Jul,Kriminalität,524,6.0,6.44,
ABC News (AU),2006,7,07-Jul,Politik,322,6.0,6.41,
ABC News (AU),2006,7,07-Jul,Sonstiges,4363,6.0,6.05,
ABC News (AU),2006,7,07-Jul,Sport,104,6.0,6.4,
ABC News (AU),2006,7,07-Jul,Umwelt,195,6.0,6.23,
ABC News (AU),2006,7,07-Jul,Welt,293,6.0,6.24,
ABC News (AU),2006,7,07-Jul,Wirtschaft,250,6.0,6.4,
ABC News (AU),2006,8,08-Aug,Gesellschaft,146,7.0,6.48,
ABC News (AU),2006,8,08-Aug,Gesundheit,192,6.0,6.28,
ABC News (AU),2006,8,08-Aug,Kriminalität,599,6.0,6.5,
ABC News (AU),2006,8,08-Aug,Politik,331,7.0,6.37,
ABC News (AU),2006,8,08-Aug,Sonstiges,4436,6.0,6.1,
ABC News (AU),2006,8,08-Aug,Sport,82,6.0,6.29,
ABC News (AU),2006,8,08-Aug,Umwelt,191,6.0,6.32,
ABC News (AU),2006,8,08-Aug,Welt,295,6.0,6.41,
ABC News (AU),2006,8,08-Aug,Wirtschaft,279,6.0,6.42,
ABC News (AU),2006,9,09-Sep,Gesellschaft,72,7.0,6.51,
ABC News (AU),2006,9,09-Sep,Gesundheit,93,7.0,6.42,
ABC News (AU),2006,9,09-Sep,Kriminalität,272,7.0,6.5,
ABC News (AU),2006,9,09-Sep,Politik,170,6.0,6.38,
ABC News (AU),2006,9,09-Sep,Sonstiges,2151,6.0,6.15,
ABC News (AU),2006,9,09-Sep,Sport,33,6.0,6.06,
ABC News (AU),2006,9,09-Sep,Umwelt,93,6.0,6.28,
ABC News (AU),2006,9,09-Sep,Welt,138,6.0,6.47,
ABC News (AU),2006,9,09-Sep,Wirtschaft,125,6.0,6.5,
ABC News (AU),2006,10,10-Oct,Gesellschaft,49,7.0,6.53,
ABC News (AU),2006,10,10-Oct,Gesundheit,78,6.5,6.56,
ABC News (AU),2006,10,10-Oct,Kriminalität,224,7.0,6.54,
ABC News (AU),2006,10,10-Oct,Politik,186,7.0,6.67,
ABC News (AU),2006,10,10-Oct,Sonstiges,2008,6.0,6.14,
ABC News (AU),2006,10,10-Oct,Sport,18,7.0,6.56,
ABC News (AU),2006,10,10-Oct,Umwelt,191,6.0,6.34,
ABC News (AU),2006,10,10-Oct,Welt,136,7.0,6.75,
ABC News (AU),2006,10,10-Oct,Wirtschaft,104,6.0,6.55,
ABC News (AU),2006,11,11-Nov,Gesellschaft,132,6.0,6.35,
ABC News (AU),2006,11,11-Nov,Gesundheit,145,7.0,6.5,
ABC News (AU),2006,11,11-Nov,Kriminalität,461,7.0,6.62,
ABC News (AU),2006,11,11-Nov,Politik,345,6.0,6.36,
ABC News (AU),2006,11,11-Nov,Sonstiges,3718,6.0,6.13,
ABC News (AU),2006,11,11-Nov,Sport,47,7.0,6.7,
ABC News (AU),2006,11,11-Nov,Umwelt,228,6.0,6.39,
ABC News (AU),2006,11,11-Nov,Welt,251,6.0,6.46,
ABC News (AU),2006,11,11-Nov,Wirtschaft,234,6.0,6.44,
ABC News (AU),2006,12,12-Dec,Gesellschaft,120,6.0,6.06,
ABC News (AU),2006,12,12-Dec,Gesundheit,139,7.0,6.65,
ABC News (AU),2006,12,12-Dec,Kriminalität,539,7.0,6.54,
ABC News (AU),2006,12,12-Dec,Politik,224,6.0,6.04,
ABC News (AU),2006,12,12-Dec,Sonstiges,3850,6.0,6.05,
ABC News (AU),2006,12,12-Dec,Sport,37,7.0,6.59,
ABC News (AU),2006,12,12-Dec,Umwelt,266,6.0,6.15,
ABC News (AU),2006,12,12-Dec,Welt,194,6.0,6.39,
ABC News (AU),2006,12,12-Dec,Wirtschaft,177,6.0,6.4,
ABC News (AU),2007,1,01-Jan,Gesellschaft,100,6.0,6.12,
ABC News (AU),2007,1,01-Jan,Gesundheit,156,7.0,6.66,
ABC News (AU),2007,1,01-Jan,Kriminalität,676,7.0,6.55,
ABC News (AU),2007,1,01-Jan,Politik,237,6.0,6.26,
ABC News (AU),2007,1,01-Jan,Sonstiges,4394,6.0,6.25,
ABC News (AU),2007,1,01-Jan,Sport,53,7.0,6.64,
ABC News (AU),2007,1,01-Jan,Umwelt,294,6.0,6.31,
ABC News (AU),2007,1,01-Jan,Welt,217,6.0,6.29,
ABC News (AU),2007,1,01-Jan,Wirtschaft,221,7.0,6.57,
ABC News (AU),2007,2,02-Feb,Gesellschaft,95,6.0,6.41,
ABC News (AU),2007,2,02-Feb,Gesundheit,148,7.0,6.61,
ABC News (AU),2007,2,02-Feb,Kriminalität,568,7.0,6.77,
ABC News (AU),2007,2,02-Feb,Politik,331,7.0,6.56,
ABC News (AU),2007,2,02-Feb,Sonstiges,3880,6.0,6.25,
ABC News (AU),2007,2,02-Feb,Sport,81,7.0,6.62,
ABC News (AU),2007,2,02-Feb,Umwelt,249,6.0,6.31,
ABC News (AU),2007,2,02-Feb,Welt,219,7.0,6.86,
ABC News (AU),2007,2,02-Feb,Wirtschaft,240,7.0,6.65,
ABC News (AU),2007,3,03-Mar,Gesellschaft,113,7.0,6.51,
ABC News (AU),2007,3,03-Mar,Gesundheit,145,7.0,6.6,
ABC News (AU),2007,3,03-Mar,Kriminalität,612,7.0,6.69,
ABC News (AU),2007,3,03-Mar,Politik,377,7.0,6.46,
ABC News (AU),2007,3,03-Mar,Sonstiges,4499,6.0,6.23,
ABC News (AU),2007,3,03-Mar,Sport,107,6.0,6.25,
ABC News (AU),2007,3,03-Mar,Umwelt,230,6.0,6.4,
ABC News (AU),2007,3,03-Mar,Welt,171,7.0,6.58,
ABC News (AU),2007,3,03-Mar,Wirtschaft,212,7.0,6.54,
ABC News (AU),2007,4,04-Apr,Gesellschaft,135,6.0,6.4,
ABC News (AU),2007,4,04-Apr,Gesundheit,168,7.0,6.52,
ABC News (AU),2007,4,04-Apr,Kriminalität,564,7.0,6.77,
ABC News (AU),2007,4,04-Apr,Politik,345,7.0,6.36,
ABC News (AU),2007,4,04-Apr,Sonstiges,4137,6.0,6.28,
ABC News (AU),2007,4,04-Apr,Sport,81,6.0,6.37,
ABC News (AU),2007,4,04-Apr,Umwelt,222,6.5,6.35,
ABC News (AU),2007,4,04-Apr,Welt,196,7.0,6.64,
ABC News (AU),2007,4,04-Apr,Wirtschaft,234,7.0,6.72,
ABC News (AU),2007,5,05-May,Gesellschaft,145,6.0,6.28,
ABC News (AU),2007,5,05-May,Gesundheit,183,7.0,6.61,
ABC News (AU),2007,5,05-May,Kriminalität,635,7.0,6.59,
ABC News (AU),2007,5,05-May,Politik,372,6.0,6.4,
ABC News (AU),2007,5,05-May,Sonstiges,4414,6.0,6.12,
ABC News (AU),2007,5,05-May,Sport,78,6.0,6.06,
ABC News (AU),2007,5,05-May,Umwelt,207,7.0,6.51,
ABC News (AU),2007,5,05-May,Welt,178,7.0,6.53,
ABC News (AU),2007,5,05-May,Wirtschaft,397,6.0,6.35,
ABC News (AU),2007,6,06-Jun,Gesellschaft,210,6.0,6.31,
ABC News (AU),2007,6,06-Jun,Gesundheit,161,6.0,6.4,
ABC News (AU),2007,6,06-Jun,Kriminalität,744,7.0,6.53,
ABC News (AU),2007,6,06-Jun,Politik,307,6.0,6.32,
ABC News (AU),2007,6,06-Jun,Sonstiges,4039,6.0,6.08,
ABC News (AU),2007,6,06-Jun,Sport,61,6.0,5.98,
ABC News (AU),2007,6,06-Jun,Umwelt,261,6.0,6.41,
ABC News (AU),2007,6,06-Jun,Welt,189,7.0,6.74,
ABC News (AU),2007,6,06-Jun,Wirtschaft,250,6.0,6.37,
ABC News (AU),2007,7,07-Jul,Gesellschaft,153,6.0,6.3,
ABC News (AU),2007,7,07-Jul,Gesundheit,251,7.0,6.52,
ABC News (AU),2007,7,07-Jul,Kriminalität,709,7.0,6.55,
ABC News (AU),2007,7,07-Jul,Politik,308,6.0,6.26,
ABC News (AU),2007,7,07-Jul,Sonstiges,4507,6.0,6.13,
ABC News (AU),2007,7,07-Jul,Sport,111,7.0,6.23,
ABC News (AU),2007,7,07-Jul,Umwelt,272,6.0,6.43,
ABC News (AU),2007,7,07-Jul,Welt,207,7.0,6.5,
ABC News (AU),2007,7,07-Jul,Wirtschaft,228,6.0,6.31,
ABC News (AU),2007,8,08-Aug,Gesellschaft,154,6.0,6.26,
ABC News (AU),2007,8,08-Aug,Gesundheit,261,6.0,6.43,
ABC News (AU),2007,8,08-Aug,Kriminalität,672,7.0,6.67,
ABC News (AU),2007,8,08-Aug,Politik,390,7.0,6.43,
ABC News (AU),2007,8,08-Aug,Sonstiges,4580,6.0,6.14,
ABC News (AU),2007,8,08-Aug,Sport,114,6.0,6.22,
ABC News (AU),2007,8,08-Aug,Umwelt,249,7.0,6.52,
ABC News (AU),2007,8,08-Aug,Welt,156,7.0,6.56,
ABC News (AU),2007,8,08-Aug,Wirtschaft,264,6.0,6.23,
ABC News (AU),2007,9,09-Sep,Gesellschaft,156,6.0,6.15,
ABC News (AU),2007,9,09-Sep,Gesundheit,204,6.0,6.44,
ABC News (AU),2007,9,09-Sep,Kriminalität,633,7.0,6.56,
ABC News (AU),2007,9,09-Sep,Politik,391,7.0,6.52,
ABC News (AU),2007,9,09-Sep,Sonstiges,4202,6.0,6.2,
ABC News (AU),2007,9,09-Sep,Sport,153,6.0,6.33,
ABC News (AU),2007,9,09-Sep,Umwelt,251,7.0,6.5,
ABC News (AU),2007,9,09-Sep,Welt,218,7.0,6.76,
ABC News (AU),2007,9,09-Sep,Wirtschaft,252,7.0,6.55,
ABC News (AU),2007,10,10-Oct,Gesellschaft,173,6.0,6.25,
ABC News (AU),2007,10,10-Oct,Gesundheit,287,6.0,6.42,
ABC News (AU),2007,10,10-Oct,Kriminalität,650,7.0,6.57,
ABC News (AU),2007,10,10-Oct,Politik,475,6.0,6.35,
ABC News (AU),2007,10,10-Oct,Sonstiges,4547,6.0,6.14,
ABC News (AU),2007,10,10-Oct,Sport,74,6.0,6.49,
ABC News (AU),2007,10,10-Oct,Umwelt,255,6.0,6.39,
ABC News (AU),2007,10,10-Oct,Welt,192,7.0,6.62,
ABC News (AU),2007,10,10-Oct,Wirtschaft,285,6.0,6.31,
ABC News (AU),2007,11,11-Nov,Gesellschaft,135,6.0,6.24,
ABC News (AU),2007,11,11-Nov,Gesundheit,189,7.0,6.46,
ABC News (AU),2007,11,11-Nov,Kriminalität,653,7.0,6.59,
ABC News (AU),2007,11,11-Nov,Politik,434,6.0,6.21,
ABC News (AU),2007,11,11-Nov,Sonstiges,4296,6.0,6.1,
ABC News (AU),2007,11,11-Nov,Sport,54,7.0,6.78,
ABC News (AU),2007,11,11-Nov,Umwelt,245,7.0,6.45,
ABC News (AU),2007,11,11-Nov,Welt,165,7.0,6.65,
ABC News (AU),2007,11,11-Nov,Wirtschaft,215,6.0,6.47,
ABC News (AU),2007,12,12-Dec,Gesellschaft,128,7.0,6.58,
ABC News (AU),2007,12,12-Dec,Gesundheit,173,7.0,6.52,
ABC News (AU),2007,12,12-Dec,Kriminalität,705,7.0,6.59,
ABC News (AU),2007,12,12-Dec,Politik,250,6.0,6.23,
ABC News (AU),2007,12,12-Dec,Sonstiges,4258,6.0,6.2,
ABC News (AU),2007,12,12-Dec,Sport,58,6.0,6.19,
ABC News (AU),2007,12,12-Dec,Umwelt,259,6.0,6.4,
ABC News (AU),2007,12,12-Dec,Welt,220,7.0,6.6,
ABC News (AU),2007,12,12-Dec,Wirtschaft,215,6.0,6.44,
ABC News (AU),2008,1,01-Jan,Gesellschaft,121,6.0,6.19,
ABC News (AU),2008,1,01-Jan,Gesundheit,167,7.0,6.54,
ABC News (AU),2008,1,01-Jan,Kriminalität,698,7.0,6.52,
ABC News (AU),2008,1,01-Jan,Politik,259,6.0,6.34,
ABC News (AU),2008,1,01-Jan,Sonstiges,4650,6.0,6.12,
ABC News (AU),2008,1,01-Jan,Sport,55,7.0,6.35,
ABC News (AU),2008,1,01-Jan,Umwelt,380,6.0,6.24,
ABC News (AU),2008,1,01-Jan,Welt,180,7.0,6.61,
ABC News (AU),2008,1,01-Jan,Wirtschaft,264,6.0,6.41,
ABC News (AU),2008,2,02-Feb,Gesellschaft,139,6.0,6.25,
ABC News (AU),2008,2,02-Feb,Gesundheit,177,7.0,6.44,
ABC News (AU),2008,2,02-Feb,Kriminalität,687,7.0,6.53,
ABC News (AU),2008,2,02-Feb,Politik,351,6.0,6.21,
ABC News (AU),2008,2,02-Feb,Sonstiges,4277,6.0,6.19,
ABC News (AU),2008,2,02-Feb,Sport,77,6.0,6.48,
ABC News (AU),2008,2,02-Feb,Umwelt,254,7.0,6.5,
ABC News (AU),2008,2,02-Feb,Welt,189,7.0,6.52,
ABC News (AU),2008,2,02-Feb,Wirtschaft,275,6.0,6.39,
ABC News (AU),2008,3,03-Mar,Gesellschaft,133,6.0,6.17,
ABC News (AU),2008,3,03-Mar,Gesundheit,168,6.0,6.38,
ABC News (AU),2008,3,03-Mar,Kriminalität,670,6.0,6.43,
ABC News (AU),2008,3,03-Mar,Politik,298,6.0,6.2,
ABC News (AU),2008,3,03-Mar,Sonstiges,4513,6.0,6.11,
ABC News (AU),2008,3,03-Mar,Sport,175,5.0,5.22,
ABC News (AU),2008,3,03-Mar,Umwelt,171,6.0,6.31,
ABC News (AU),2008,3,03-Mar,Welt,237,7.0,6.57,
ABC News (AU),2008,3,03-Mar,Wirtschaft,284,7.0,6.54,
ABC News (AU),2008,4,04-Apr,Gesellschaft,159,6.0,6.16,
ABC News (AU),2008,4,04-Apr,Gesundheit,189,6.0,6.45,
ABC News (AU),2008,4,04-Apr,Kriminalität,701,7.0,6.53,
ABC News (AU),2008,4,04-Apr,Politik,312,7.0,6.34,
ABC News (AU),2008,4,04-Apr,Sonstiges,4492,6.0,6.12,
ABC News (AU),2008,4,04-Apr,Sport,211,5.0,5.63,
ABC News (AU),2008,4,04-Apr,Umwelt,175,6.0,6.49,
ABC News (AU),2008,4,04-Apr,Welt,216,7.0,6.49,
ABC News (AU),2008,4,04-Apr,Wirtschaft,303,6.0,6.34,
ABC News (AU),2008,5,05-May,Gesellschaft,133,6.0,6.39,
ABC News (AU),2008,5,05-May,Gesundheit,184,7.0,6.51,
ABC News (AU),2008,5,05-May,Kriminalität,645,7.0,6.58,
ABC News (AU),2008,5,05-May,Politik,285,7.0,6.57,
ABC News (AU),2008,5,05-May,Sonstiges,4623,6.0,6.19,
ABC News (AU),2008,5,05-May,Sport,161,5.0,5.35,
ABC News (AU),2008,5,05-May,Umwelt,137,7.0,6.47,
ABC News (AU),2008,5,05-May,Welt,200,7.0,6.78,
ABC News (AU),2008,5,05-May,Wirtschaft,446,6.0,6.32,
ABC News (AU),2008,6,06-Jun,Gesellschaft,126,6.0,6.36,
ABC News (AU),2008,6,06-Jun,Gesundheit,159,6.0,6.32,
ABC News (AU),2008,6,06-Jun,Kriminalität,698,6.0,6.43,
ABC News (AU),2008,6,06-Jun,Politik,336,7.0,6.56,
ABC News (AU),2008,6,06-Jun,Sonstiges,4492,6.0,6.29,
ABC News (AU),2008,6,06-Jun,Sport,176,5.0,5.52,
ABC News (AU),2008,6,06-Jun,Umwelt,185,6.0,6.39,
ABC News (AU),2008,6,06-Jun,Welt,213,7.0,6.6,
ABC News (AU),2008,6,06-Jun,Wirtschaft,301,6.0,6.25,
ABC News (AU),2008,7,07-Jul,Gesellschaft,156,6.0,6.19,
ABC News (AU),2008,7,07-Jul,Gesundheit,198,6.0,6.29,
ABC News (AU),2008,7,07-Jul,Kriminalität,741,7.0,6.52,
ABC News (AU),2008,7,07-Jul,Politik,269,6.0,6.35,
ABC News (AU),2008,7,07-Jul,Sonstiges,4608,6.0,6.21,
ABC News (AU),2008,7,07-Jul,Sport,209,6.0,5.78,
ABC News (AU),2008,7,07-Jul,Umwelt,247,7.0,6.39,
ABC News (AU),2008,7,07-Jul,Welt,213,7.0,6.62,
ABC News (AU),2008,7,07-Jul,Wirtschaft,286,6.0,6.29,
ABC News (AU),2008,8,08-Aug,Gesellschaft,165,6.0,6.3,
ABC News (AU),2008,8,08-Aug,Gesundheit,176,6.0,6.4,
ABC News (AU),2008,8,08-Aug,Kriminalität,662,7.0,6.51,
ABC News (AU),2008,8,08-Aug,Politik,295,7.0,6.48,
ABC News (AU),2008,8,08-Aug,Sonstiges,4736,6.0,6.18,
ABC News (AU),2008,8,08-Aug,Sport,273,6.0,5.75,
ABC News (AU),2008,8,08-Aug,Umwelt,163,7.0,6.5,
ABC News (AU),2008,8,08-Aug,Welt,147,7.0,6.84,
ABC News (AU),2008,8,08-Aug,Wirtschaft,259,6.0,6.38,
ABC News (AU),2008,9,09-Sep,Gesellschaft,121,6.0,6.26,
ABC News (AU),2008,9,09-Sep,Gesundheit,204,6.5,6.39,
ABC News (AU),2008,9,09-Sep,Kriminalität,629,6.0,6.43,
ABC News (AU),2008,9,09-Sep,Politik,417,6.0,6.26,
ABC News (AU),2008,9,09-Sep,Sonstiges,4220,6.0,6.12,
ABC News (AU),2008,9,09-Sep,Sport,112,5.0,5.72,
ABC News (AU),2008,9,09-Sep,Umwelt,192,7.0,6.4,
ABC News (AU),2008,9,09-Sep,Welt,142,7.0,6.67,
ABC News (AU),2008,9,09-Sep,Wirtschaft,366,6.0,6.22,
ABC News (AU),2008,10,10-Oct,Gesellschaft,163,6.0,6.1,
ABC News (AU),2008,10,10-Oct,Gesundheit,197,6.0,6.4,
ABC News (AU),2008,10,10-Oct,Kriminalität,749,6.0,6.44,
ABC News (AU),2008,10,10-Oct,Politik,311,6.0,6.52,
ABC News (AU),2008,10,10-Oct,Sonstiges,4611,6.0,6.15,
ABC News (AU),2008,10,10-Oct,Sport,84,6.0,6.24,
ABC News (AU),2008,10,10-Oct,Umwelt,218,6.0,6.31,
ABC News (AU),2008,10,10-Oct,Welt,169,6.0,6.42,
ABC News (AU),2008,10,10-Oct,Wirtschaft,472,6.0,6.28,
ABC News (AU),2008,11,11-Nov,Gesellschaft,149,6.0,6.3,
ABC News (AU),2008,11,11-Nov,Gesundheit,160,6.0,6.37,
ABC News (AU),2008,11,11-Nov,Kriminalität,626,6.0,6.51,
ABC News (AU),2008,11,11-Nov,Politik,272,6.0,6.46,
ABC News (AU),2008,11,11-Nov,Sonstiges,4419,6.0,6.18,
ABC News (AU),2008,11,11-Nov,Sport,59,6.0,6.15,
ABC News (AU),2008,11,11-Nov,Umwelt,204,6.0,6.35,
ABC News (AU),2008,11,11-Nov,Welt,142,6.0,6.56,
ABC News (AU),2008,11,11-Nov,Wirtschaft,350,6.0,6.45,
ABC News (AU),2008,12,12-Dec,Gesellschaft,120,6.0,6.38,
ABC News (AU),2008,12,12-Dec,Gesundheit,157,7.0,6.55,
ABC News (AU),2008,12,12-Dec,Kriminalität,735,7.0,6.55,
ABC News (AU),2008,12,12-Dec,Politik,267,7.0,6.61,
ABC News (AU),2008,12,12-Dec,Sonstiges,4251,6.0,6.3,
ABC News (AU),2008,12,12-Dec,Sport,61,6.0,6.07,
ABC News (AU),2008,12,12-Dec,Umwelt,195,6.0,6.33,
ABC News (AU),2008,12,12-Dec,Welt,183,7.0,6.76,
ABC News (AU),2008,12,12-Dec,Wirtschaft,354,6.5,6.51,
ABC News (AU),2009,1,01-Jan,Gesellschaft,100,6.5,6.28,
ABC News (AU),2009,1,01-Jan,Gesundheit,168,6.0,6.43,
ABC News (AU),2009,1,01-Jan,Kriminalität,675,7.0,6.66,
ABC News (AU),2009,1,01-Jan,Politik,218,7.0,6.72,
ABC News (AU),2009,1,01-Jan,Sonstiges,4465,6.0,6.29,
ABC News (AU),2009,1,01-Jan,Sport,53,6.0,6.43,
ABC News (AU),2009,1,01-Jan,Umwelt,254,7.0,6.54,
ABC News (AU),2009,1,01-Jan,Welt,288,7.0,6.58,
ABC News (AU),2009,1,01-Jan,Wirtschaft,335,7.0,6.63,
ABC News (AU),2009,2,02-Feb,Gesellschaft,115,6.0,6.43,
ABC News (AU),2009,2,02-Feb,Gesundheit,162,7.0,6.49,
ABC News (AU),2009,2,02-Feb,Kriminalität,578,7.0,6.55,
ABC News (AU),2009,2,02-Feb,Politik,255,7.0,6.58,
ABC News (AU),2009,2,02-Feb,Sonstiges,4003,6.0,6.21,
ABC News (AU),2009,2,02-Feb,Sport,59,6.0,5.88,
ABC News (AU),2009,2,02-Feb,Umwelt,477,6.0,6.33,
ABC News (AU),2009,2,02-Feb,Welt,125,7.0,6.58,
ABC News (AU),2009,2,02-Feb,Wirtschaft,378,6.0,6.42,
ABC News (AU),2009,3,03-Mar,Gesellschaft,123,6.0,6.17,
ABC News (AU),2009,3,03-Mar,Gesundheit,174,6.0,6.32,
ABC News (AU),2009,3,03-Mar,Kriminalität,727,7.0,6.55,
ABC News (AU),2009,3,03-Mar,Politik,317,7.0,6.51,
ABC News (AU),2009,3,03-Mar,Sonstiges,4366,6.0,6.26,
ABC News (AU),2009,3,03-Mar,Sport,127,6.0,5.59,
ABC News (AU),2009,3,03-Mar,Umwelt,251,7.0,6.45,
ABC News (AU),2009,3,03-Mar,Welt,161,7.0,6.68,
ABC News (AU),2009,3,03-Mar,Wirtschaft,390,7.0,6.53,
ABC News (AU),2009,4,04-Apr,Gesellschaft,119,6.0,6.08,
ABC News (AU),2009,4,04-Apr,Gesundheit,179,6.0,6.39,
ABC News (AU),2009,4,04-Apr,Kriminalität,633,7.0,6.53,
ABC News (AU),2009,4,04-Apr,Politik,220,6.0,6.36,
ABC News (AU),2009,4,04-Apr,Sonstiges,4294,6.0,6.19,
ABC News (AU),2009,4,04-Apr,Sport,107,5.0,5.38,
ABC News (AU),2009,4,04-Apr,Umwelt,199,6.0,6.36,
ABC News (AU),2009,4,04-Apr,Welt,160,7.0,6.64,
ABC News (AU),2009,4,04-Apr,Wirtschaft,398,7.0,6.58,
ABC News (AU),2009,5,05-May,Gesellschaft,112,6.0,6.12,
ABC News (AU),2009,5,05-May,Gesundheit,156,6.0,6.28,
ABC News (AU),2009,5,05-May,Kriminalität,584,6.0,6.43,
ABC News (AU),2009,5,05-May,Politik,214,6.0,6.39,
ABC News (AU),2009,5,05-May,Sonstiges,4389,6.0,6.02,
ABC News (AU),2009,5,05-May,Sport,162,5.0,5.29,
ABC News (AU),2009,5,05-May,Umwelt,218,6.0,6.02,
ABC News (AU),2009,5,05-May,Welt,103,6.0,6.5,
ABC News (AU),2009,5,05-May,Wirtschaft,427,6.0,6.12,
ABC News (AU),2009,6,06-Jun,Gesellschaft,120,6.0,5.98,
ABC News (AU),2009,6,06-Jun,Gesundheit,171,6.0,6.11,
ABC News (AU),2009,6,06-Jun,Kriminalität,616,6.0,6.2,
ABC News (AU),2009,6,06-Jun,Politik,273,6.0,6.16,
ABC News (AU),2009,6,06-Jun,Sonstiges,4205,6.0,5.99,
ABC News (AU),2009,6,06-Jun,Sport,195,5.0,5.17,
ABC News (AU),2009,6,06-Jun,Umwelt,123,6.0,6.19,
ABC News (AU),2009,6,06-Jun,Welt,109,6.0,6.19,
ABC News (AU),2009,6,06-Jun,Wirtschaft,348,6.0,6.19,
ABC News (AU),2009,7,07-Jul,Gesellschaft,153,6.0,5.83,
ABC News (AU),2009,7,07-Jul,Gesundheit,164,6.0,6.26,
ABC News (AU),2009,7,07-Jul,Kriminalität,597,6.0,6.2,
ABC News (AU),2009,7,07-Jul,Politik,204,6.0,6.32,
ABC News (AU),2009,7,07-Jul,Sonstiges,4912,6.0,5.72,
ABC News (AU),2009,7,07-Jul,Sport,99,6.0,5.84,
ABC News (AU),2009,7,07-Jul,Umwelt,218,6.0,5.67,
ABC News (AU),2009,7,07-Jul,Welt,151,6.0,6.31,
ABC News (AU),2009,7,07-Jul,Wirtschaft,297,6.0,5.99,
ABC News (AU),2009,8,08-Aug,Gesellschaft,103,6.0,5.89,
ABC News (AU),2009,8,08-Aug,Gesundheit,183,6.0,6.11,
ABC News (AU),2009,8,08-Aug,Kriminalität,598,6.0,6.12,
ABC News (AU),2009,8,08-Aug,Politik,226,6.0,6.42,
ABC News (AU),2009,8,08-Aug,Sonstiges,4777,6.0,5.68,
ABC News (AU),2009,8,08-Aug,Sport,57,6.0,5.88,
ABC News (AU),2009,8,08-Aug,Umwelt,204,6.0,5.75,
ABC News (AU),2009,8,08-Aug,Welt,125,6.0,6.06,
ABC News (AU),2009,8,08-Aug,Wirtschaft,270,6.0,6.11,
ABC News (AU),2009,9,09-Sep,Gesellschaft,111,6.0,5.97,
ABC News (AU),2009,9,09-Sep,Gesundheit,195,6.0,6.17,
ABC News (AU),2009,9,09-Sep,Kriminalität,587,6.0,6.23,
ABC News (AU),2009,9,09-Sep,Politik,205,6.0,6.09,
ABC News (AU),2009,9,09-Sep,Sonstiges,4603,6.0,5.69,
ABC News (AU),2009,9,09-Sep,Sport,91,6.0,5.98,
ABC News (AU),2009,9,09-Sep,Umwelt,166,6.0,6.17,
ABC News (AU),2009,9,09-Sep,Welt,130,6.0,6.26,
ABC News (AU),2009,9,09-Sep,Wirtschaft,221,6.0,6.15,
ABC News (AU),2009,10,10-Oct,Gesellschaft,116,6.0,5.86,
ABC News (AU),2009,10,10-Oct,Gesundheit,172,6.0,5.87,
ABC News (AU),2009,10,10-Oct,Kriminalität,575,6.0,6.18,
ABC News (AU),2009,10,10-Oct,Politik,172,6.0,6.19,
ABC News (AU),2009,10,10-Oct,Sonstiges,4704,6.0,5.69,
ABC News (AU),2009,10,10-Oct,Sport,66,6.0,6.15,
ABC News (AU),2009,10,10-Oct,Umwelt,189,6.0,5.99,
ABC News (AU),2009,10,10-Oct,Welt,101,6.0,6.03,
ABC News (AU),2009,10,10-Oct,Wirtschaft,254,6.0,6.08,
ABC News (AU),2009,11,11-Nov,Gesellschaft,99,6.0,5.95,
ABC News (AU),2009,11,11-Nov,Gesundheit,158,6.0,5.97,
ABC News (AU),2009,11,11-Nov,Kriminalität,504,6.0,6.0,
ABC News (AU),2009,11,11-Nov,Politik,199,6.0,5.98,
ABC News (AU),2009,11,11-Nov,Sonstiges,4579,6.0,5.6,
ABC News (AU),2009,11,11-Nov,Sport,56,6.0,5.93,
ABC News (AU),2009,11,11-Nov,Umwelt,207,6.0,5.88,
ABC News (AU),2009,11,11-Nov,Welt,96,6.0,5.76,
ABC News (AU),2009,11,11-Nov,Wirtschaft,209,6.0,5.97,
ABC News (AU),2009,12,12-Dec,Gesellschaft,96,6.0,6.15,
ABC News (AU),2009,12,12-Dec,Gesundheit,122,6.0,6.09,
ABC News (AU),2009,12,12-Dec,Kriminalität,588,6.0,6.08,
ABC News (AU),2009,12,12-Dec,Politik,167,6.0,6.14,
ABC News (AU),2009,12,12-Dec,Sonstiges,4613,6.0,5.64,
ABC News (AU),2009,12,12-Dec,Sport,44,6.0,6.14,
ABC News (AU),2009,12,12-Dec,Umwelt,254,6.0,5.76,
ABC News (AU),2009,12,12-Dec,Welt,84,6.0,5.94,
ABC News (AU),2009,12,12-Dec,Wirtschaft,195,6.0,6.14,
ABC News (AU),2010,1,01-Jan,Gesellschaft,87,6.0,6.11,
ABC News (AU),2010,1,01-Jan,Gesundheit,152,6.0,6.01,
ABC News (AU),2010,1,01-Jan,Kriminalität,576,6.0,6.18,
ABC News (AU),2010,1,01-Jan,Politik,171,6.0,6.18,
ABC News (AU),2010,1,01-Jan,Sonstiges,4594,6.0,5.68,
ABC News (AU),2010,1,01-Jan,Sport,60,6.0,6.13,
ABC News (AU),2010,1,01-Jan,Umwelt,197,6.0,5.88,
ABC News (AU),2010,1,01-Jan,Welt,118,6.0,6.06,
ABC News (AU),2010,1,01-Jan,Wirtschaft,183,6.0,6.18,
ABC News (AU),2010,2,02-Feb,Gesellschaft,96,6.0,5.99,
ABC News (AU),2010,2,02-Feb,Gesundheit,156,6.0,6.22,
ABC News (AU),2010,2,02-Feb,Kriminalität,563,6.0,6.12,
ABC News (AU),2010,2,02-Feb,Politik,222,6.0,6.08,
ABC News (AU),2010,2,02-Feb,Sonstiges,4298,6.0,5.67,
ABC News (AU),2010,2,02-Feb,Sport,76,6.0,5.8,
ABC News (AU),2010,2,02-Feb,Umwelt,184,6.0,5.91,
ABC News (AU),2010,2,02-Feb,Welt,96,6.0,6.2,
ABC News (AU),2010,2,02-Feb,Wirtschaft,199,6.0,6.17,
ABC News (AU),2010,3,03-Mar,Gesellschaft,109,6.0,6.06,
ABC News (AU),2010,3,03-Mar,Gesundheit,225,6.0,6.08,
ABC News (AU),2010,3,03-Mar,Kriminalität,691,6.0,6.27,
ABC News (AU),2010,3,03-Mar,Politik,251,6.0,6.3,
ABC News (AU),2010,3,03-Mar,Sonstiges,4739,6.0,5.58,
ABC News (AU),2010,3,03-Mar,Sport,73,6.0,5.96,
ABC News (AU),2010,3,03-Mar,Umwelt,249,6.0,5.86,
ABC News (AU),2010,3,03-Mar,Welt,94,6.0,5.88,
ABC News (AU),2010,3,03-Mar,Wirtschaft,206,6.0,6.2,
ABC News (AU),2010,4,04-Apr,Gesellschaft,92,6.0,5.92,
ABC News (AU),2010,4,04-Apr,Gesundheit,244,6.0,6.41,
ABC News (AU),2010,4,04-Apr,Kriminalität,549,6.0,6.28,
ABC News (AU),2010,4,04-Apr,Politik,263,6.0,6.19,
ABC News (AU),2010,4,04-Apr,Sonstiges,4380,6.0,5.66,
ABC News (AU),2010,4,04-Apr,Sport,55,6.0,5.87,
ABC News (AU),2010,4,04-Apr,Umwelt,149,6.0,5.8,
ABC News (AU),2010,4,04-Apr,Welt,75,6.0,5.89,
ABC News (AU),2010,4,04-Apr,Wirtschaft,223,6.0,6.22,
ABC News (AU),2010,5,05-May,Gesellschaft,99,6.0,5.93,
ABC News (AU),2010,5,05-May,Gesundheit,173,6.0,6.24,
ABC News (AU),2010,5,05-May,Kriminalität,565,6.0,6.29,
ABC News (AU),2010,5,05-May,Politik,264,6.0,6.27,
ABC News (AU),2010,5,05-May,Sonstiges,4364,6.0,5.73,
ABC News (AU),2010,5,05-May,Sport,86,6.0,6.09,
ABC News (AU),2010,5,05-May,Umwelt,145,6.0,6.07,
ABC News (AU),2010,5,05-May,Welt,71,6.0,6.27,
ABC News (AU),2010,5,05-May,Wirtschaft,477,6.0,6.26,
ABC News (AU),2010,6,06-Jun,Gesellschaft,115,6.0,6.13,
ABC News (AU),2010,6,06-Jun,Gesundheit,158,6.0,6.18,
ABC News (AU),2010,6,06-Jun,Kriminalität,566,6.0,6.38,
ABC News (AU),2010,6,06-Jun,Politik,260,6.0,6.39,
ABC News (AU),2010,6,06-Jun,Sonstiges,4419,6.0,5.77,
ABC News (AU),2010,6,06-Jun,Sport,113,6.0,6.24,
ABC News (AU),2010,6,06-Jun,Umwelt,139,6.0,6.19,
ABC News (AU),2010,6,06-Jun,Welt,148,6.0,6.35,
ABC News (AU),2010,6,06-Jun,Wirtschaft,352,6.0,6.26,
ABC News (AU),2010,7,07-Jul,Gesellschaft,92,6.0,5.99,
ABC News (AU),2010,7,07-Jul,Gesundheit,156,6.0,6.06,
ABC News (AU),2010,7,07-Jul,Kriminalität,609,6.0,6.25,
ABC News (AU),2010,7,07-Jul,Politik,360,6.0,6.18,
ABC News (AU),2010,7,07-Jul,Sonstiges,4587,6.0,5.72,
ABC News (AU),2010,7,07-Jul,Sport,96,6.0,6.06,
ABC News (AU),2010,7,07-Jul,Umwelt,151,6.0,6.16,
ABC News (AU),2010,7,07-Jul,Welt,125,6.0,6.45,
ABC News (AU),2010,7,07-Jul,Wirtschaft,251,6.0,6.28,
ABC News (AU),2010,8,08-Aug,Gesellschaft,108,6.0,6.17,
ABC News (AU),2010,8,08-Aug,Gesundheit,171,6.0,6.18,
ABC News (AU),2010,8,08-Aug,Kriminalität,564,6.0,6.43,
ABC News (AU),2010,8,08-Aug,Politik,379,6.0,6.17,
ABC News (AU),2010,8,08-Aug,Sonstiges,4657,6.0,5.72,
ABC News (AU),2010,8,08-Aug,Sport,78,6.0,5.87,
ABC News (AU),2010,8,08-Aug,Umwelt,166,6.0,6.22,
ABC News (AU),2010,8,08-Aug,Welt,119,6.0,6.45,
ABC News (AU),2010,8,08-Aug,Wirtschaft,231,6.0,6.11,
ABC News (AU),2010,9,09-Sep,Gesellschaft,119,6.0,5.97,
ABC News (AU),2010,9,09-Sep,Gesundheit,178,6.0,6.26,
ABC News (AU),2010,9,09-Sep,Kriminalität,592,6.0,6.4,
ABC News (AU),2010,9,09-Sep,Politik,249,6.0,6.32,
ABC News (AU),2010,9,09-Sep,Sonstiges,4418,6.0,5.81,
ABC News (AU),2010,9,09-Sep,Sport,103,6.0,6.09,
ABC News (AU),2010,9,09-Sep,Umwelt,205,6.0,5.87,
ABC News (AU),2010,9,09-Sep,Welt,99,6.0,6.41,
ABC News (AU),2010,9,09-Sep,Wirtschaft,208,6.0,6.24,
ABC News (AU),2010,10,10-Oct,Gesellschaft,105,6.0,6.1,
ABC News (AU),2010,10,10-Oct,Gesundheit,153,6.0,6.29,
ABC News (AU),2010,10,10-Oct,Kriminalität,603,6.0,6.3,
ABC News (AU),2010,10,10-Oct,Politik,225,6.0,6.37,
ABC News (AU),2010,10,10-Oct,Sonstiges,4535,6.0,5.87,
ABC News (AU),2010,10,10-Oct,Sport,90,5.0,5.6,
ABC News (AU),2010,10,10-Oct,Umwelt,205,6.0,6.1,
ABC News (AU),2010,10,10-Oct,Welt,138,6.0,6.22,
ABC News (AU),2010,10,10-Oct,Wirtschaft,211,6.0,6.33,
ABC News (AU),2010,11,11-Nov,Gesellschaft,111,6.0,6.31,
ABC News (AU),2010,11,11-Nov,Gesundheit,147,7.0,6.44,
ABC News (AU),2010,11,11-Nov,Kriminalität,606,6.0,6.44,
ABC News (AU),2010,11,11-Nov,Politik,271,6.0,6.31,
ABC News (AU),2010,11,11-Nov,Sonstiges,4591,6.0,5.89,
ABC News (AU),2010,11,11-Nov,Sport,60,6.0,5.87,
ABC News (AU),2010,11,11-Nov,Umwelt,152,6.0,6.2,
ABC News (AU),2010,11,11-Nov,Welt,118,7.0,6.59,
ABC News (AU),2010,11,11-Nov,Wirtschaft,243,7.0,6.5,
ABC News (AU),2010,12,12-Dec,Gesellschaft,93,6.0,6.26,
ABC News (AU),2010,12,12-Dec,Gesundheit,131,6.0,6.27,
ABC News (AU),2010,12,12-Dec,Kriminalität,593,6.0,6.36,
ABC News (AU),2010,12,12-Dec,Politik,203,6.0,6.31,
ABC News (AU),2010,12,12-Dec,Sonstiges,4325,6.0,5.85,
ABC News (AU),2010,12,12-Dec,Sport,68,6.0,6.1,
ABC News (AU),2010,12,12-Dec,Umwelt,361,6.0,6.12,
ABC News (AU),2010,12,12-Dec,Welt,107,7.0,6.58,
ABC News (AU),2010,12,12-Dec,Wirtschaft,206,6.0,6.24,
ABC News (AU),2011,1,01-Jan,Gesellschaft,104,6.0,5.91,
ABC News (AU),2011,1,01-Jan,Gesundheit,109,6.0,6.3,
ABC News (AU),2011,1,01-Jan,Kriminalität,484,6.0,6.21,
ABC News (AU),2011,1,01-Jan,Politik,185,6.0,6.55,
ABC News (AU),2011,1,01-Jan,Sonstiges,4043,6.0,5.77,
ABC News (AU),2011,1,01-Jan,Sport,50,6.0,5.98,
ABC News (AU),2011,1,01-Jan,Umwelt,902,6.0,6.23,
ABC News (AU),2011,1,01-Jan,Welt,71,6.0,6.03,
ABC News (AU),2011,1,01-Jan,Wirtschaft,162,6.0,6.07,
ABC News (AU),2011,2,02-Feb,Gesellschaft,140,6.0,6.13,
ABC News (AU),2011,2,02-Feb,Gesundheit,172,7.0,6.47,
ABC News (AU),2011,2,02-Feb,Kriminalität,647,6.0,6.4,
ABC News (AU),2011,2,02-Feb,Politik,253,6.0,6.46,
ABC News (AU),2011,2,02-Feb,Sonstiges,4684,6.0,5.89,
ABC News (AU),2011,2,02-Feb,Sport,87,6.0,6.09,
ABC News (AU),2011,2,02-Feb,Umwelt,384,6.0,6.22,
ABC News (AU),2011,2,02-Feb,Welt,99,6.0,6.2,
ABC News (AU),2011,2,02-Feb,Wirtschaft,204,7.0,6.58,
ABC News (AU),2011,3,03-Mar,Gesellschaft,137,6.0,6.07,
ABC News (AU),2011,3,03-Mar,Gesundheit,136,6.0,6.21,
ABC News (AU),2011,3,03-Mar,Kriminalität,559,6.0,6.4,
ABC News (AU),2011,3,03-Mar,Politik,287,6.0,6.39,
ABC News (AU),2011,3,03-Mar,Sonstiges,4769,6.0,5.8,
ABC News (AU),2011,3,03-Mar,Sport,76,6.0,5.96,
ABC News (AU),2011,3,03-Mar,Umwelt,268,6.0,6.09,
ABC News (AU),2011,3,03-Mar,Welt,106,6.5,6.44,
ABC News (AU),2011,3,03-Mar,Wirtschaft,253,6.0,6.53,
ABC News (AU),2011,4,04-Apr,Gesellschaft,151,6.0,6.11,
ABC News (AU),2011,4,04-Apr,Gesundheit,132,6.0,6.09,
ABC News (AU),2011,4,04-Apr,Kriminalität,597,6.0,6.31,
ABC News (AU),2011,4,04-Apr,Politik,202,6.0,6.36,
ABC News (AU),2011,4,04-Apr,Sonstiges,4610,6.0,5.73,
ABC News (AU),2011,4,04-Apr,Sport,65,6.0,5.86,
ABC News (AU),2011,4,04-Apr,Umwelt,204,6.0,6.38,
ABC News (AU),2011,4,04-Apr,Welt,152,6.0,6.35,
ABC News (AU),2011,4,04-Apr,Wirtschaft,247,6.0,6.39,
ABC News (AU),2011,5,05-May,Gesellschaft,152,6.0,6.07,
ABC News (AU),2011,5,05-May,Gesundheit,155,6.0,6.29,
ABC News (AU),2011,5,05-May,Kriminalität,572,6.0,6.36,
ABC News (AU),2011,5,05-May,Politik,238,6.0,6.42,
ABC News (AU),2011,5,05-May,Sonstiges,4524,6.0,5.77,
ABC News (AU),2011,5,05-May,Sport,78,6.0,6.04,
ABC News (AU),2011,5,05-May,Umwelt,195,6.0,6.44,
ABC News (AU),2011,5,05-May,Welt,113,6.0,6.38,
ABC News (AU),2011,5,05-May,Wirtschaft,355,6.0,6.22,
ABC News (AU),2011,6,06-Jun,Gesellschaft,159,6.0,6.04,
ABC News (AU),2011,6,06-Jun,Gesundheit,163,6.0,6.26,
ABC News (AU),2011,6,06-Jun,Kriminalität,589,6.0,6.33,
ABC News (AU),2011,6,06-Jun,Politik,256,6.0,6.45,
ABC News (AU),2011,6,06-Jun,Sonstiges,4632,6.0,5.82,
ABC News (AU),2011,6,06-Jun,Sport,88,6.0,6.07,
ABC News (AU),2011,6,06-Jun,Umwelt,241,6.0,6.24,
ABC News (AU),2011,6,06-Jun,Welt,106,7.0,6.42,
ABC News (AU),2011,6,06-Jun,Wirtschaft,337,6.0,6.5,
ABC News (AU),2011,7,07-Jul,Gesellschaft,118,6.0,5.81,
ABC News (AU),2011,7,07-Jul,Gesundheit,144,6.0,5.88,
ABC News (AU),2011,7,07-Jul,Kriminalität,482,6.0,5.98,
ABC News (AU),2011,7,07-Jul,Politik,177,6.0,6.25,
ABC News (AU),2011,7,07-Jul,Sonstiges,4174,5.0,5.39,
ABC News (AU),2011,7,07-Jul,Sport,78,5.0,5.0,
ABC News (AU),2011,7,07-Jul,Umwelt,199,6.0,5.55,
ABC News (AU),2011,7,07-Jul,Welt,108,6.0,6.04,
ABC News (AU),2011,7,07-Jul,Wirtschaft,369,6.0,6.21,
ABC News (AU),2011,8,08-Aug,Gesellschaft,123,6.0,5.74,
ABC News (AU),2011,8,08-Aug,Gesundheit,144,6.0,5.73,
ABC News (AU),2011,8,08-Aug,Kriminalität,578,6.0,5.54,
ABC News (AU),2011,8,08-Aug,Politik,199,6.0,5.94,
ABC News (AU),2011,8,08-Aug,Sonstiges,4768,5.0,5.24,
ABC News (AU),2011,8,08-Aug,Sport,82,5.0,5.52,
ABC News (AU),2011,8,08-Aug,Umwelt,240,6.0,5.44,
ABC News (AU),2011,8,08-Aug,Welt,92,6.0,6.41,
ABC News (AU),2011,8,08-Aug,Wirtschaft,326,6.0,5.73,
ABC News (AU),2011,9,09-Sep,Gesellschaft,102,6.0,5.74,
ABC News (AU),2011,9,09-Sep,Gesundheit,123,5.0,5.69,
ABC News (AU),2011,9,09-Sep,Kriminalität,493,6.0,5.7,
ABC News (AU),2011,9,09-Sep,Politik,221,6.0,6.23,
ABC News (AU),2011,9,09-Sep,Sonstiges,4429,5.0,5.36,
ABC News (AU),2011,9,09-Sep,Sport,99,6.0,5.62,
ABC News (AU),2011,9,09-Sep,Umwelt,220,6.0,5.38,
ABC News (AU),2011,9,09-Sep,Welt,121,6.0,5.92,
ABC News (AU),2011,9,09-Sep,Wirtschaft,321,6.0,5.75,
ABC News (AU),2011,10,10-Oct,Gesellschaft,147,6.0,5.66,
ABC News (AU),2011,10,10-Oct,Gesundheit,155,6.0,5.66,
ABC News (AU),2011,10,10-Oct,Kriminalität,539,6.0,5.57,
ABC News (AU),2011,10,10-Oct,Politik,207,6.0,6.26,
ABC News (AU),2011,10,10-Oct,Sonstiges,4794,5.0,5.29,
ABC News (AU),2011,10,10-Oct,Sport,108,6.0,5.88,
ABC News (AU),2011,10,10-Oct,Umwelt,246,6.0,5.35,
ABC News (AU),2011,10,10-Oct,Welt,151,6.0,6.01,
ABC News (AU),2011,10,10-Oct,Wirtschaft,315,6.0,5.59,
ABC News (AU),2011,11,11-Nov,Gesellschaft,111,6.0,5.95,
ABC News (AU),2011,11,11-Nov,Gesundheit,158,6.0,5.97,
ABC News (AU),2011,11,11-Nov,Kriminalität,595,6.0,5.94,
ABC News (AU),2011,11,11-Nov,Politik,338,6.0,6.18,
ABC News (AU),2011,11,11-Nov,Sonstiges,5437,6.0,5.5,
ABC News (AU),2011,11,11-Nov,Sport,67,6.0,6.07,
ABC News (AU),2011,11,11-Nov,Umwelt,271,6.0,5.59,
ABC News (AU),2011,11,11-Nov,Welt,173,6.0,6.04,
ABC News (AU),2011,11,11-Nov,Wirtschaft,366,6.0,5.73,
ABC News (AU),2011,12,12-Dec,Gesellschaft,115,6.0,6.09,
ABC News (AU),2011,12,12-Dec,Gesundheit,117,6.0,5.83,
ABC News (AU),2011,12,12-Dec,Kriminalität,545,6.0,5.97,
ABC News (AU),2011,12,12-Dec,Politik,222,6.0,6.33,
ABC News (AU),2011,12,12-Dec,Sonstiges,4695,6.0,5.55,
ABC News (AU),2011,12,12-Dec,Sport,63,5.0,5.76,
ABC News (AU),2011,12,12-Dec,Umwelt,252,6.0,5.53,
ABC News (AU),2011,12,12-Dec,Welt,117,6.0,5.99,
ABC News (AU),2011,12,12-Dec,Wirtschaft,260,6.0,5.4,
ABC News (AU),2012,1,01-Jan,Gesellschaft,96,6.0,5.8,
ABC News (AU),2012,1,01-Jan,Gesundheit,118,6.0,5.91,
ABC News (AU),2012,1,01-Jan,Kriminalität,469,6.0,5.87,
ABC News (AU),2012,1,01-Jan,Politik,153,6.0,6.18,
ABC News (AU),2012,1,01-Jan,Sonstiges,4622,6.0,5.55,
ABC News (AU),2012,1,01-Jan,Sport,74,6.0,5.95,
ABC News (AU),2012,1,01-Jan,Umwelt,289,6.0,5.32,
ABC News (AU),2012,1,01-Jan,Welt,135,6.0,5.99,
ABC News (AU),2012,1,01-Jan,Wirtschaft,293,6.0,5.57,
ABC News (AU),2012,2,02-Feb,Gesellschaft,92,6.0,5.83,
ABC News (AU),2012,2,02-Feb,Gesundheit,110,6.0,5.94,
ABC News (AU),2012,2,02-Feb,Kriminalität,526,6.0,6.08,
ABC News (AU),2012,2,02-Feb,Politik,261,6.0,6.21,
ABC News (AU),2012,2,02-Feb,Sonstiges,4822,6.0,5.5,
ABC News (AU),2012,2,02-Feb,Sport,96,6.0,5.99,
ABC News (AU),2012,2,02-Feb,Umwelt,357,6.0,5.66,
ABC News (AU),2012,2,02-Feb,Welt,150,6.0,6.15,
ABC News (AU),2012,2,02-Feb,Wirtschaft,425,6.0,5.67,
ABC News (AU),2012,3,03-Mar,Gesellschaft,104,6.0,5.87,
ABC News (AU),2012,3,03-Mar,Gesundheit,146,6.0,5.72,
ABC News (AU),2012,3,03-Mar,Kriminalität,589,6.0,6.01,
ABC News (AU),2012,3,03-Mar,Politik,319,6.0,6.2,
ABC News (AU),2012,3,03-Mar,Sonstiges,5842,6.0,5.41,
ABC News (AU),2012,3,03-Mar,Sport,116,6.0,5.61,
ABC News (AU),2012,3,03-Mar,Umwelt,402,6.0,5.52,
ABC News (AU),2012,3,03-Mar,Welt,152,6.0,6.22,
ABC News (AU),2012,3,03-Mar,Wirtschaft,402,6.0,5.72,
ABC News (AU),2012,4,04-Apr,Gesellschaft,106,6.0,6.12,
ABC News (AU),2012,4,04-Apr,Gesundheit,124,6.0,6.01,
ABC News (AU),2012,4,04-Apr,Kriminalität,624,6.0,6.13,
ABC News (AU),2012,4,04-Apr,Politik,277,6.0,6.31,
ABC News (AU),2012,4,04-Apr,Sonstiges,5251,6.0,5.48,
ABC News (AU),2012,4,04-Apr,Sport,105,6.0,5.84,
ABC News (AU),2012,4,04-Apr,Umwelt,214,6.0,5.37,
ABC News (AU),2012,4,04-Apr,Welt,161,6.0,6.2,
ABC News (AU),2012,4,04-Apr,Wirtschaft,377,6.0,5.77,
ABC News (AU),2012,5,05-May,Gesellschaft,123,6.0,6.15,
ABC News (AU),2012,5,05-May,Gesundheit,212,6.0,6.19,
ABC News (AU),2012,5,05-May,Kriminalität,662,6.0,6.14,
ABC News (AU),2012,5,05-May,Politik,342,6.0,6.31,
ABC News (AU),2012,5,05-May,Sonstiges,5631,6.0,5.51,
ABC News (AU),2012,5,05-May,Sport,104,6.0,5.72,
ABC News (AU),2012,5,05-May,Umwelt,216,6.0,5.5,
ABC News (AU),2012,5,05-May,Welt,171,6.0,6.1,
ABC News (AU),2012,5,05-May,Wirtschaft,623,6.0,5.72,
ABC News (AU),2012,6,06-Jun,Gesellschaft,88,6.0,5.43,
ABC News (AU),2012,6,06-Jun,Gesundheit,105,6.0,5.91,
ABC News (AU),2012,6,06-Jun,Kriminalität,465,6.0,6.01,
ABC News (AU),2012,6,06-Jun,Politik,218,6.0,6.16,
ABC News (AU),2012,6,06-Jun,Sonstiges,4351,5.0,5.35,
ABC News (AU),2012,6,06-Jun,Sport,85,6.0,5.49,
ABC News (AU),2012,6,06-Jun,Umwelt,150,5.0,4.82,
ABC News (AU),2012,6,06-Jun,Welt,133,6.0,5.91,
ABC News (AU),2012,6,06-Jun,Wirtschaft,374,6.0,5.64,
ABC News (AU),2012,7,07-Jul,Gesellschaft,123,6.0,5.74,
ABC News (AU),2012,7,07-Jul,Gesundheit,142,6.0,5.89,
ABC News (AU),2012,7,07-Jul,Kriminalität,594,6.0,6.12,
ABC News (AU),2012,7,07-Jul,Politik,249,6.0,6.16,
ABC News (AU),2012,7,07-Jul,Sonstiges,4781,5.0,5.31,
ABC News (AU),2012,7,07-Jul,Sport,154,6.0,5.67,
ABC News (AU),2012,7,07-Jul,Umwelt,204,5.0,4.94,
ABC News (AU),2012,7,07-Jul,Welt,151,6.0,6.03,
ABC News (AU),2012,7,07-Jul,Wirtschaft,412,6.0,5.52,
ABC News (AU),2012,8,08-Aug,Gesellschaft,171,6.0,5.96,
ABC News (AU),2012,8,08-Aug,Gesundheit,181,6.0,5.96,
ABC News (AU),2012,8,08-Aug,Kriminalität,754,6.0,6.21,
ABC News (AU),2012,8,08-Aug,Politik,396,6.0,6.26,
ABC News (AU),2012,8,08-Aug,Sonstiges,6269,6.0,5.55,
ABC News (AU),2012,8,08-Aug,Sport,185,6.0,5.98,
ABC News (AU),2012,8,08-Aug,Umwelt,284,6.0,5.25,
ABC News (AU),2012,8,08-Aug,Welt,208,6.0,6.25,
ABC News (AU),2012,8,08-Aug,Wirtschaft,475,6.0,5.55,
ABC News (AU),2012,9,09-Sep,Gesellschaft,184,6.0,6.18,
ABC News (AU),2012,9,09-Sep,Gesundheit,133,6.0,5.97,
ABC News (AU),2012,9,09-Sep,Kriminalität,577,6.0,6.35,
ABC News (AU),2012,9,09-Sep,Politik,369,6.0,6.37,
ABC News (AU),2012,9,09-Sep,Sonstiges,5009,6.0,5.61,
ABC News (AU),2012,9,09-Sep,Sport,118,6.0,6.03,
ABC News (AU),2012,9,09-Sep,Umwelt,210,6.0,4.98,
ABC News (AU),2012,9,09-Sep,Welt,205,6.0,6.14,
ABC News (AU),2012,9,09-Sep,Wirtschaft,436,6.0,5.68,
ABC News (AU),2012,10,10-Oct,Gesellschaft,156,6.0,6.06,
ABC News (AU),2012,10,10-Oct,Gesundheit,195,6.0,6.19,
ABC News (AU),2012,10,10-Oct,Kriminalität,676,6.0,6.2,
ABC News (AU),2012,10,10-Oct,Politik,428,6.0,6.38,
ABC News (AU),2012,10,10-Oct,Sonstiges,6050,6.0,5.71,
ABC News (AU),2012,10,10-Oct,Sport,72,6.0,6.32,
ABC News (AU),2012,10,10-Oct,Umwelt,241,6.0,5.27,
ABC News (AU),2012,10,10-Oct,Welt,198,6.0,6.32,
ABC News (AU),2012,10,10-Oct,Wirtschaft,506,6.0,5.84,
ABC News (AU),2012,11,11-Nov,Gesellschaft,161,6.0,5.99,
ABC News (AU),2012,11,11-Nov,Gesundheit,175,6.0,6.17,
ABC News (AU),2012,11,11-Nov,Kriminalität,622,6.0,6.37,
ABC News (AU),2012,11,11-Nov,Politik,434,6.0,6.42,
ABC News (AU),2012,11,11-Nov,Sonstiges,5862,6.0,5.77,
ABC News (AU),2012,11,11-Nov,Sport,89,6.0,6.24,
ABC News (AU),2012,11,11-Nov,Umwelt,262,6.0,5.32,
ABC News (AU),2012,11,11-Nov,Welt,219,6.0,6.58,
ABC News (AU),2012,11,11-Nov,Wirtschaft,462,6.0,5.99,
ABC News (AU),2012,12,12-Dec,Gesellschaft,112,7.0,6.39,
ABC News (AU),2012,12,12-Dec,Gesundheit,181,7.0,6.33,
ABC News (AU),2012,12,12-Dec,Kriminalität,594,6.0,6.33,
ABC News (AU),2012,12,12-Dec,Politik,210,7.0,6.76,
ABC News (AU),2012,12,12-Dec,Sonstiges,4897,6.0,5.75,
ABC News (AU),2012,12,12-Dec,Sport,75,6.0,6.11,
ABC News (AU),2012,12,12-Dec,Umwelt,233,6.0,5.34,
ABC News (AU),2012,12,12-Dec,Welt,136,7.0,6.38,
ABC News (AU),2012,12,12-Dec,Wirtschaft,336,6.0,6.02,
ABC News (AU),2013,1,01-Jan,Gesellschaft,100,6.0,6.12,
ABC News (AU),2013,1,01-Jan,Gesundheit,150,7.0,6.36,
ABC News (AU),2013,1,01-Jan,Kriminalität,466,6.0,6.34,
ABC News (AU),2013,1,01-Jan,Politik,261,6.0,6.39,
ABC News (AU),2013,1,01-Jan,Sonstiges,5142,6.0,5.79,
ABC News (AU),2013,1,01-Jan,Sport,47,6.0,6.3,
ABC News (AU),2013,1,01-Jan,Umwelt,552,6.0,5.49,
ABC News (AU),2013,1,01-Jan,Welt,145,6.0,6.33,
ABC News (AU),2013,1,01-Jan,Wirtschaft,344,6.0,5.9,
ABC News (AU),2013,2,02-Feb,Gesellschaft,101,6.0,6.38,
ABC News (AU),2013,2,02-Feb,Gesundheit,160,7.0,6.62,
ABC News (AU),2013,2,02-Feb,Kriminalität,592,7.0,6.5,
ABC News (AU),2013,2,02-Feb,Politik,333,7.0,6.53,
ABC News (AU),2013,2,02-Feb,Sonstiges,5208,6.0,5.93,
ABC News (AU),2013,2,02-Feb,Sport,110,6.0,6.42,
ABC News (AU),2013,2,02-Feb,Umwelt,440,6.0,5.7,
ABC News (AU),2013,2,02-Feb,Welt,162,6.0,6.23,
ABC News (AU),2013,2,02-Feb,Wirtschaft,443,6.0,6.05,
ABC News (AU),2013,3,03-Mar,Gesellschaft,97,6.0,6.16,
ABC News (AU),2013,3,03-Mar,Gesundheit,170,7.0,6.5,
ABC News (AU),2013,3,03-Mar,Kriminalität,665,7.0,6.58,
ABC News (AU),2013,3,03-Mar,Politik,419,7.0,6.45,
ABC News (AU),2013,3,03-Mar,Sonstiges,5601,6.0,5.88,
ABC News (AU),2013,3,03-Mar,Sport,110,6.0,5.82,
ABC News (AU),2013,3,03-Mar,Umwelt,332,6.0,5.7,
ABC News (AU),2013,3,03-Mar,Welt,192,7.0,6.52,
ABC News (AU),2013,3,03-Mar,Wirtschaft,432,6.0,6.22,
ABC News (AU),2013,4,04-Apr,Gesellschaft,142,7.0,6.51,
ABC News (AU),2013,4,04-Apr,Gesundheit,194,6.0,6.26,
ABC News (AU),2013,4,04-Apr,Kriminalität,666,7.0,6.6,
ABC News (AU),2013,4,04-Apr,Politik,336,7.0,6.59,
ABC News (AU),2013,4,04-Apr,Sonstiges,5798,6.0,5.82,
ABC News (AU),2013,4,04-Apr,Sport,97,6.0,5.97,
ABC News (AU),2013,4,04-Apr,Umwelt,283,6.0,5.49,
ABC News (AU),2013,4,04-Apr,Welt,154,6.0,6.04,
ABC News (AU),2013,4,04-Apr,Wirtschaft,498,6.0,6.04,
ABC News (AU),2013,5,05-May,Gesellschaft,141,7.0,6.37,
ABC News (AU),2013,5,05-May,Gesundheit,203,6.0,6.16,
ABC News (AU),2013,5,05-May,Kriminalität,690,7.0,6.72,
ABC News (AU),2013,5,05-May,Politik,391,7.0,6.75,
ABC News (AU),2013,5,05-May,Sonstiges,5994,6.0,5.72,
ABC News (AU),2013,5,05-May,Sport,91,6.0,6.73,
ABC News (AU),2013,5,05-May,Umwelt,288,6.0,5.57,
ABC News (AU),2013,5,05-May,Welt,163,7.0,6.31,
ABC News (AU),2013,5,05-May,Wirtschaft,596,6.0,6.14,
ABC News (AU),2013,6,06-Jun,Gesellschaft,154,7.0,6.58,
ABC News (AU),2013,6,06-Jun,Gesundheit,189,7.0,6.96,
ABC News (AU),2013,6,06-Jun,Kriminalität,602,7.0,7.14,
ABC News (AU),2013,6,06-Jun,Politik,368,7.0,6.88,
ABC News (AU),2013,6,06-Jun,Sonstiges,5195,6.0,5.93,
ABC News (AU),2013,6,06-Jun,Sport,142,8.0,7.83,
ABC News (AU),2013,6,06-Jun,Umwelt,243,6.0,5.96,
ABC News (AU),2013,6,06-Jun,Welt,151,6.0,6.31,
ABC News (AU),2013,6,06-Jun,Wirtschaft,475,6.0,6.29,
ABC News (AU),2013,7,07-Jul,Gesellschaft,185,7.0,6.71,
ABC News (AU),2013,7,07-Jul,Gesundheit,188,7.0,6.95,
ABC News (AU),2013,7,07-Jul,Kriminalität,688,7.0,7.39,
ABC News (AU),2013,7,07-Jul,Politik,383,7.0,7.23,
ABC News (AU),2013,7,07-Jul,Sonstiges,5804,6.0,6.12,
ABC News (AU),2013,7,07-Jul,Sport,162,8.0,7.83,
ABC News (AU),2013,7,07-Jul,Umwelt,220,7.0,6.46,
ABC News (AU),2013,7,07-Jul,Welt,170,7.0,6.59,
ABC News (AU),2013,7,07-Jul,Wirtschaft,399,7.0,6.6,
ABC News (AU),2013,8,08-Aug,Gesellschaft,142,7.0,7.13,
ABC News (AU),2013,8,08-Aug,Gesundheit,163,7.0,7.07,
ABC News (AU),2013,8,08-Aug,Kriminalität,717,8.0,7.47,
ABC News (AU),2013,8,08-Aug,Politik,665,7.0,6.92,
ABC News (AU),2013,8,08-Aug,Sonstiges,5652,6.0,6.02,
ABC News (AU),2013,8,08-Aug,Sport,138,7.0,7.13,
ABC News (AU),2013,8,08-Aug,Umwelt,227,7.0,6.53,
ABC News (AU),2013,8,08-Aug,Welt,209,7.0,6.81,
ABC News (AU),2013,8,08-Aug,Wirtschaft,413,7.0,6.54,
ABC News (AU),2013,9,09-Sep,Gesellschaft,114,7.0,7.04,
ABC News (AU),2013,9,09-Sep,Gesundheit,117,7.0,6.84,
ABC News (AU),2013,9,09-Sep,Kriminalität,617,7.0,7.41,
ABC News (AU),2013,9,09-Sep,Politik,589,7.0,7.07,
ABC News (AU),2013,9,09-Sep,Sonstiges,4957,6.0,6.16,
ABC News (AU),2013,9,09-Sep,Sport,186,8.0,7.94,
ABC News (AU),2013,9,09-Sep,Umwelt,232,6.0,6.25,
ABC News (AU),2013,9,09-Sep,Welt,200,8.0,7.14,
ABC News (AU),2013,9,09-Sep,Wirtschaft,303,7.0,6.54,
ABC News (AU),2013,10,10-Oct,Gesellschaft,131,7.0,6.85,
ABC News (AU),2013,10,10-Oct,Gesundheit,146,7.0,6.88,
ABC News (AU),2013,10,10-Oct,Kriminalität,621,7.0,7.35,
ABC News (AU),2013,10,10-Oct,Politik,391,7.0,7.36,
ABC News (AU),2013,10,10-Oct,Sonstiges,5543,6.0,6.24,
ABC News (AU),2013,10,10-Oct,Sport,191,8.0,7.68,
ABC News (AU),2013,10,10-Oct,Umwelt,357,6.0,6.24,
ABC News (AU),2013,10,10-Oct,Welt,188,7.0,6.87,
ABC News (AU),2013,10,10-Oct,Wirtschaft,343,7.0,6.96,
ABC News (AU),2013,11,11-Nov,Gesellschaft,153,7.0,6.86,
ABC News (AU),2013,11,11-Nov,Gesundheit,176,7.0,6.88,
ABC News (AU),2013,11,11-Nov,Kriminalität,671,8.0,7.6,
ABC News (AU),2013,11,11-Nov,Politik,347,7.0,7.42,
ABC News (AU),2013,11,11-Nov,Sonstiges,5161,6.0,6.21,
ABC News (AU),2013,11,11-Nov,Sport,133,7.0,7.67,
ABC News (AU),2013,11,11-Nov,Umwelt,267,7.0,6.4,
ABC News (AU),2013,11,11-Nov,Welt,181,7.0,6.88,
ABC News (AU),2013,11,11-Nov,Wirtschaft,286,7.0,6.78,
ABC News (AU),2013,12,12-Dec,Gesellschaft,111,7.0,6.81,
ABC News (AU),2013,12,12-Dec,Gesundheit,129,7.0,6.63,
ABC News (AU),2013,12,12-Dec,Kriminalität,537,8.0,7.53,
ABC News (AU),2013,12,12-Dec,Politik,236,8.0,7.42,
ABC News (AU),2013,12,12-Dec,Sonstiges,4110,6.0,6.19,
ABC News (AU),2013,12,12-Dec,Sport,101,8.0,7.5,
ABC News (AU),2013,12,12-Dec,Umwelt,137,7.0,6.53,
ABC News (AU),2013,12,12-Dec,Welt,181,7.0,6.7,
ABC News (AU),2013,12,12-Dec,Wirtschaft,242,7.0,6.83,
ABC News (AU),2014,1,01-Jan,Gesellschaft,140,7.0,6.85,
ABC News (AU),2014,1,01-Jan,Gesundheit,107,7.0,6.98,
ABC News (AU),2014,1,01-Jan,Kriminalität,565,8.0,7.61,
ABC News (AU),2014,1,01-Jan,Politik,277,8.0,7.68,
ABC News (AU),2014,1,01-Jan,Sonstiges,4513,6.0,6.25,
ABC News (AU),2014,1,01-Jan,Sport,96,8.0,7.52,
ABC News (AU),2014,1,01-Jan,Umwelt,258,7.0,6.47,
ABC News (AU),2014,1,01-Jan,Welt,160,7.0,6.78,
ABC News (AU),2014,1,01-Jan,Wirtschaft,227,7.0,7.16,
ABC News (AU),2014,2,02-Feb,Gesellschaft,125,7.0,7.05,
ABC News (AU),2014,2,02-Feb,Gesundheit,148,7.0,6.55,
ABC News (AU),2014,2,02-Feb,Kriminalität,615,8.0,7.56,
ABC News (AU),2014,2,02-Feb,Politik,394,8.0,7.42,
ABC News (AU),2014,2,02-Feb,Sonstiges,4613,6.0,6.24,
ABC News (AU),2014,2,02-Feb,Sport,154,8.0,7.95,
ABC News (AU),2014,2,02-Feb,Umwelt,350,6.0,5.96,
ABC News (AU),2014,2,02-Feb,Welt,137,8.0,7.04,
ABC News (AU),2014,2,02-Feb,Wirtschaft,322,8.0,7.42,
ABC News (AU),2014,3,03-Mar,Gesellschaft,125,7.0,6.85,
ABC News (AU),2014,3,03-Mar,Gesundheit,139,7.0,6.94,
ABC News (AU),2014,3,03-Mar,Kriminalität,518,8.0,7.83,
ABC News (AU),2014,3,03-Mar,Politik,423,8.0,7.38,
ABC News (AU),2014,3,03-Mar,Sonstiges,4912,6.0,6.17,
ABC News (AU),2014,3,03-Mar,Sport,154,8.0,7.48,
ABC News (AU),2014,3,03-Mar,Umwelt,233,7.0,6.49,
ABC News (AU),2014,3,03-Mar,Welt,210,7.0,7.03,
ABC News (AU),2014,3,03-Mar,Wirtschaft,349,7.0,6.94,
ABC News (AU),2014,4,04-Apr,Gesellschaft,105,7.0,6.69,
ABC News (AU),2014,4,04-Apr,Gesundheit,118,7.0,6.77,
ABC News (AU),2014,4,04-Apr,Kriminalität,515,8.0,7.69,
ABC News (AU),2014,4,04-Apr,Politik,316,8.0,7.69,
ABC News (AU),2014,4,04-Apr,Sonstiges,4818,6.0,6.28,
ABC News (AU),2014,4,04-Apr,Sport,161,8.0,7.68,
ABC News (AU),2014,4,04-Apr,Umwelt,174,7.0,6.56,
ABC News (AU),2014,4,04-Apr,Welt,165,7.0,7.04,
ABC News (AU),2014,4,04-Apr,Wirtschaft,422,7.0,7.15,
ABC News (AU),2014,5,05-May,Gesellschaft,144,7.0,6.85,
ABC News (AU),2014,5,05-May,Gesundheit,188,8.0,7.45,
ABC News (AU),2014,5,05-May,Kriminalität,571,8.0,7.63,
ABC News (AU),2014,5,05-May,Politik,409,8.0,7.51,
ABC News (AU),2014,5,05-May,Sonstiges,4877,6.0,6.19,
ABC News (AU),2014,5,05-May,Sport,256,7.0,6.96,
ABC News (AU),2014,5,05-May,Umwelt,221,7.0,6.33,
ABC News (AU),2014,5,05-May,Welt,156,7.0,6.54,
ABC News (AU),2014,5,05-May,Wirtschaft,631,7.0,7.11,
ABC News (AU),2014,6,06-Jun,Gesellschaft,134,7.0,7.19,
ABC News (AU),2014,6,06-Jun,Gesundheit,154,7.0,7.12,
ABC News (AU),2014,6,06-Jun,Kriminalität,494,8.0,7.71,
ABC News (AU),2014,6,06-Jun,Politik,362,8.0,7.5,
ABC News (AU),2014,6,06-Jun,Sonstiges,4817,6.0,6.21,
ABC News (AU),2014,6,06-Jun,Sport,284,7.0,7.44,
ABC News (AU),2014,6,06-Jun,Umwelt,203,7.0,6.6,
ABC News (AU),2014,6,06-Jun,Welt,213,7.0,6.88,
ABC News (AU),2014,6,06-Jun,Wirtschaft,415,7.0,7.22,
ABC News (AU),2014,7,07-Jul,Gesellschaft,139,7.0,6.99,
ABC News (AU),2014,7,07-Jul,Gesundheit,178,7.0,6.92,
ABC News (AU),2014,7,07-Jul,Kriminalität,504,8.0,7.72,
ABC News (AU),2014,7,07-Jul,Politik,398,7.0,7.46,
ABC News (AU),2014,7,07-Jul,Sonstiges,5141,7.0,6.41,
ABC News (AU),2014,7,07-Jul,Sport,251,7.0,7.36,
ABC News (AU),2014,7,07-Jul,Umwelt,170,7.0,6.76,
ABC News (AU),2014,7,07-Jul,Welt,262,7.0,7.12,
ABC News (AU),2014,7,07-Jul,Wirtschaft,420,7.0,7.17,
ABC News (AU),2014,8,08-Aug,Gesellschaft,118,7.0,7.31,
ABC News (AU),2014,8,08-Aug,Gesundheit,142,8.0,7.82,
ABC News (AU),2014,8,08-Aug,Kriminalität,466,8.0,7.79,
ABC News (AU),2014,8,08-Aug,Politik,274,8.0,7.78,
ABC News (AU),2014,8,08-Aug,Sonstiges,4593,7.0,6.48,
ABC News (AU),2014,8,08-Aug,Sport,183,7.0,6.97,
ABC News (AU),2014,8,08-Aug,Umwelt,185,7.0,6.79,
ABC News (AU),2014,8,08-Aug,Welt,255,7.0,7.27,
ABC News (AU),2014,8,08-Aug,Wirtschaft,346,8.0,7.42,
ABC News (AU),2014,9,09-Sep,Gesellschaft,138,7.0,7.19,
ABC News (AU),2014,9,09-Sep,Gesundheit,140,8.0,7.58,
ABC News (AU),2014,9,09-Sep,Kriminalität,514,8.0,8.08,
ABC News (AU),2014,9,09-Sep,Politik,382,8.0,7.89,
ABC News (AU),2014,9,09-Sep,Sonstiges,4339,7.0,6.69,
ABC News (AU),2014,9,09-Sep,Sport,231,8.0,7.77,
ABC News (AU),2014,9,09-Sep,Umwelt,178,7.0,6.92,
ABC News (AU),2014,9,09-Sep,Welt,238,7.0,7.09,
ABC News (AU),2014,9,09-Sep,Wirtschaft,321,8.0,7.64,
ABC News (AU),2014,10,10-Oct,Gesellschaft,161,8.0,7.75,
ABC News (AU),2014,10,10-Oct,Gesundheit,286,8.0,7.47,
ABC News (AU),2014,10,10-Oct,Kriminalität,583,8.0,8.04,
ABC News (AU),2014,10,10-Oct,Politik,391,8.0,7.92,
ABC News (AU),2014,10,10-Oct,Sonstiges,4881,7.0,6.82,
ABC News (AU),2014,10,10-Oct,Sport,141,8.0,7.99,
ABC News (AU),2014,10,10-Oct,Umwelt,203,7.0,7.11,
ABC News (AU),2014,10,10-Oct,Welt,230,8.0,7.61,
ABC News (AU),2014,10,10-Oct,Wirtschaft,334,8.0,7.53,
ABC News (AU),2014,11,11-Nov,Gesellschaft,157,8.0,7.61,
ABC News (AU),2014,11,11-Nov,Gesundheit,140,8.0,7.51,
ABC News (AU),2014,11,11-Nov,Kriminalität,522,8.0,8.07,
ABC News (AU),2014,11,11-Nov,Politik,356,8.0,7.93,
ABC News (AU),2014,11,11-Nov,Sonstiges,4430,7.0,6.82,
ABC News (AU),2014,11,11-Nov,Sport,109,8.0,8.13,
ABC News (AU),2014,11,11-Nov,Umwelt,230,8.0,7.42,
ABC News (AU),2014,11,11-Nov,Welt,234,8.0,7.63,
ABC News (AU),2014,11,11-Nov,Wirtschaft,375,8.0,7.73,
ABC News (AU),2014,12,12-Dec,Gesellschaft,113,8.0,7.83,
ABC News (AU),2014,12,12-Dec,Gesundheit,113,8.0,7.57,
ABC News (AU),2014,12,12-Dec,Kriminalität,507,8.0,8.15,
ABC News (AU),2014,12,12-Dec,Politik,310,8.0,7.86,
ABC News (AU),2014,12,12-Dec,Sonstiges,3935,7.0,7.0,
ABC News (AU),2014,12,12-Dec,Sport,88,9.0,9.08,
ABC News (AU),2014,12,12-Dec,Umwelt,198,7.0,7.26,
ABC News (AU),2014,12,12-Dec,Welt,141,8.0,7.43,
ABC News (AU),2014,12,12-Dec,Wirtschaft,270,8.0,7.67,
ABC News (AU),2015,1,01-Jan,Gesellschaft,57,8.0,7.49,
ABC News (AU),2015,1,01-Jan,Gesundheit,57,9.0,8.32,
ABC News (AU),2015,1,01-Jan,Kriminalität,287,8.0,8.23,
ABC News (AU),2015,1,01-Jan,Politik,239,8.0,7.63,
ABC News (AU),2015,1,01-Jan,Sonstiges,2314,7.0,7.07,
ABC News (AU),2015,1,01-Jan,Sport,51,8.0,8.53,
ABC News (AU),2015,1,01-Jan,Umwelt,94,7.0,7.04,
ABC News (AU),2015,1,01-Jan,Welt,111,8.0,7.22,
ABC News (AU),2015,1,01-Jan,Wirtschaft,127,8.0,7.76,
ABC News (AU),2015,2,02-Feb,Gesellschaft,119,8.0,7.92,
ABC News (AU),2015,2,02-Feb,Gesundheit,142,8.0,7.45,
ABC News (AU),2015,2,02-Feb,Kriminalität,483,8.0,8.22,
ABC News (AU),2015,2,02-Feb,Politik,420,8.0,7.89,
ABC News (AU),2015,2,02-Feb,Sonstiges,4054,7.0,7.11,
ABC News (AU),2015,2,02-Feb,Sport,215,8.0,8.07,
ABC News (AU),2015,2,02-Feb,Umwelt,192,7.0,7.3,
ABC News (AU),2015,2,02-Feb,Welt,188,8.0,7.22,
ABC News (AU),2015,2,02-Feb,Wirtschaft,264,8.0,7.67,
ABC News (AU),2015,3,03-Mar,Gesellschaft,179,8.0,7.73,
ABC News (AU),2015,3,03-Mar,Gesundheit,193,8.0,7.6,
ABC News (AU),2015,3,03-Mar,Kriminalität,579,8.0,8.26,
ABC News (AU),2015,3,03-Mar,Politik,502,8.0,7.77,
ABC News (AU),2015,3,03-Mar,Sonstiges,4567,7.0,7.11,
ABC News (AU),2015,3,03-Mar,Sport,275,8.0,7.85,
ABC News (AU),2015,3,03-Mar,Umwelt,221,7.0,7.12,
ABC News (AU),2015,3,03-Mar,Welt,205,8.0,7.64,
ABC News (AU),2015,3,03-Mar,Wirtschaft,290,8.0,7.67,
ABC News (AU),2015,4,04-Apr,Gesellschaft,134,8.0,7.82,
ABC News (AU),2015,4,04-Apr,Gesundheit,170,8.0,7.71,
ABC News (AU),2015,4,04-Apr,Kriminalität,552,9.0,8.36,
ABC News (AU),2015,4,04-Apr,Politik,300,8.0,8.0,
ABC News (AU),2015,4,04-Apr,Sonstiges,4321,7.0,7.14,
ABC News (AU),2015,4,04-Apr,Sport,203,8.0,7.97,
ABC News (AU),2015,4,04-Apr,Umwelt,193,8.0,7.49,
ABC News (AU),2015,4,04-Apr,Welt,205,8.0,7.45,
ABC News (AU),2015,4,04-Apr,Wirtschaft,344,8.0,7.71,
ABC News (AU),2015,5,05-May,Gesellschaft,147,8.0,7.84,
ABC News (AU),2015,5,05-May,Gesundheit,152,8.0,7.96,
ABC News (AU),2015,5,05-May,Kriminalität,544,9.0,8.39,
ABC News (AU),2015,5,05-May,Politik,398,8.0,8.16,
ABC News (AU),2015,5,05-May,Sonstiges,4353,8.0,7.36,
ABC News (AU),2015,5,05-May,Sport,234,8.0,8.05,
ABC News (AU),2015,5,05-May,Umwelt,228,8.0,7.31,
ABC News (AU),2015,5,05-May,Welt,163,8.0,7.22,
ABC News (AU),2015,5,05-May,Wirtschaft,542,8.0,7.42,
ABC News (AU),2015,6,06-Jun,Gesellschaft,160,8.0,7.83,
ABC News (AU),2015,6,06-Jun,Gesundheit,161,8.0,8.21,
ABC News (AU),2015,6,06-Jun,Kriminalität,552,8.0,8.3,
ABC News (AU),2015,6,06-Jun,Politik,378,8.0,8.16,
ABC News (AU),2015,6,06-Jun,Sonstiges,4462,8.0,7.4,
ABC News (AU),2015,6,06-Jun,Sport,252,8.0,7.79,
ABC News (AU),2015,6,06-Jun,Umwelt,193,8.0,7.41,
ABC News (AU),2015,6,06-Jun,Welt,198,8.0,7.61,
ABC News (AU),2015,6,06-Jun,Wirtschaft,394,8.0,7.65,
ABC News (AU),2015,7,07-Jul,Gesellschaft,190,8.0,7.95,
ABC News (AU),2015,7,07-Jul,Gesundheit,166,8.0,7.86,
ABC News (AU),2015,7,07-Jul,Kriminalität,641,9.0,8.48,
ABC News (AU),2015,7,07-Jul,Politik,356,8.0,8.24,
ABC News (AU),2015,7,07-Jul,Sonstiges,4822,8.0,7.36,
ABC News (AU),2015,7,07-Jul,Sport,214,8.0,7.99,
ABC News (AU),2015,7,07-Jul,Umwelt,183,8.0,7.52,
ABC News (AU),2015,7,07-Jul,Welt,187,8.0,7.5,
ABC News (AU),2015,7,07-Jul,Wirtschaft,406,8.0,7.65,
ABC News (AU),2015,8,08-Aug,Gesellschaft,148,8.0,7.87,
ABC News (AU),2015,8,08-Aug,Gesundheit,139,8.0,8.08,
ABC News (AU),2015,8,08-Aug,Kriminalität,547,9.0,8.39,
ABC News (AU),2015,8,08-Aug,Politik,355,8.0,8.02,
ABC News (AU),2015,8,08-Aug,Sonstiges,4462,8.0,7.43,
ABC News (AU),2015,8,08-Aug,Sport,227,9.0,8.15,
ABC News (AU),2015,8,08-Aug,Umwelt,215,8.0,7.44,
ABC News (AU),2015,8,08-Aug,Welt,213,8.0,7.53,
ABC News (AU),2015,8,08-Aug,Wirtschaft,374,8.0,7.64,
ABC News (AU),2015,9,09-Sep,Gesellschaft,212,8.0,7.87,
ABC News (AU),2015,9,09-Sep,Gesundheit,171,8.0,7.94,
ABC News (AU),2015,9,09-Sep,Kriminalität,567,9.0,8.42,
ABC News (AU),2015,9,09-Sep,Politik,400,8.0,8.06,
ABC News (AU),2015,9,09-Sep,Sonstiges,4348,8.0,7.44,
ABC News (AU),2015,9,09-Sep,Sport,318,8.0,8.02,
ABC News (AU),2015,9,09-Sep,Umwelt,220,8.0,7.51,
ABC News (AU),2015,9,09-Sep,Welt,213,8.0,7.66,
ABC News (AU),2015,9,09-Sep,Wirtschaft,316,7.5,7.5,
ABC News (AU),2015,10,10-Oct,Gesellschaft,195,8.0,7.75,
ABC News (AU),2015,10,10-Oct,Gesundheit,222,8.0,7.87,
ABC News (AU),2015,10,10-Oct,Kriminalität,634,9.0,8.43,
ABC News (AU),2015,10,10-Oct,Politik,439,8.0,8.03,
ABC News (AU),2015,10,10-Oct,Sonstiges,4623,8.0,7.51,
ABC News (AU),2015,10,10-Oct,Sport,291,9.0,9.0,
ABC News (AU),2015,10,10-Oct,Umwelt,306,8.0,7.82,
ABC News (AU),2015,10,10-Oct,Welt,219,8.0,7.76,
ABC News (AU),2015,10,10-Oct,Wirtschaft,360,8.0,7.72,
ABC News (AU),2015,11,11-Nov,Gesellschaft,179,8.0,7.78,
ABC News (AU),2015,11,11-Nov,Gesundheit,142,8.0,7.87,
ABC News (AU),2015,11,11-Nov,Kriminalität,577,8.0,8.43,
ABC News (AU),2015,11,11-Nov,Politik,342,8.0,7.94,
ABC News (AU),2015,11,11-Nov,Sonstiges,4536,8.0,7.54,
ABC News (AU),2015,11,11-Nov,Sport,160,8.0,8.23,
ABC News (AU),2015,11,11-Nov,Umwelt,321,8.0,7.59,
ABC News (AU),2015,11,11-Nov,Welt,214,8.0,7.71,
ABC News (AU),2015,11,11-Nov,Wirtschaft,314,8.0,7.86,
ABC News (AU),2015,12,12-Dec,Gesellschaft,141,8.0,8.09,
ABC News (AU),2015,12,12-Dec,Gesundheit,121,8.0,8.08,
ABC News (AU),2015,12,12-Dec,Kriminalität,577,9.0,8.42,
ABC News (AU),2015,12,12-Dec,Politik,276,8.0,8.0,
ABC News (AU),2015,12,12-Dec,Sonstiges,4289,8.0,7.55,
ABC News (AU),2015,12,12-Dec,Sport,115,8.0,8.33,
ABC News (AU),2015,12,12-Dec,Umwelt,298,8.0,7.72,
ABC News (AU),2015,12,12-Dec,Welt,159,8.0,7.69,
ABC News (AU),2015,12,12-Dec,Wirtschaft,272,8.0,7.97,
ABC News (AU),2016,1,01-Jan,Gesellschaft,108,8.0,8.08,
ABC News (AU),2016,1,01-Jan,Gesundheit,111,8.0,8.13,
ABC News (AU),2016,1,01-Jan,Kriminalität,380,9.0,8.47,
ABC News (AU),2016,1,01-Jan,Politik,227,8.0,8.08,
ABC News (AU),2016,1,01-Jan,Sonstiges,3510,8.0,7.66,
ABC News (AU),2016,1,01-Jan,Sport,128,8.0,8.33,
ABC News (AU),2016,1,01-Jan,Umwelt,264,8.0,7.7,
ABC News (AU),2016,1,01-Jan,Welt,175,8.0,7.58,
ABC News (AU),2016,1,01-Jan,Wirtschaft,199,8.0,7.87,
ABC News (AU),2016,2,02-Feb,Gesellschaft,133,8.0,7.98,
ABC News (AU),2016,2,02-Feb,Gesundheit,178,8.0,8.28,
ABC News (AU),2016,2,02-Feb,Kriminalität,480,8.0,8.4,
ABC News (AU),2016,2,02-Feb,Politik,307,8.0,8.06,
ABC News (AU),2016,2,02-Feb,Sonstiges,3456,8.0,7.56,
ABC News (AU),2016,2,02-Feb,Sport,117,9.0,8.69,
ABC News (AU),2016,2,02-Feb,Umwelt,183,8.0,7.83,
ABC News (AU),2016,2,02-Feb,Welt,179,8.0,7.28,
ABC News (AU),2016,2,02-Feb,Wirtschaft,299,7.0,7.46,
ABC News (AU),2016,3,03-Mar,Gesellschaft,139,8.0,7.81,
ABC News (AU),2016,3,03-Mar,Gesundheit,153,8.0,7.88,
ABC News (AU),2016,3,03-Mar,Kriminalität,507,9.0,8.47,
ABC News (AU),2016,3,03-Mar,Politik,350,8.0,7.96,
ABC News (AU),2016,3,03-Mar,Sonstiges,3410,8.0,7.59,
ABC News (AU),2016,3,03-Mar,Sport,185,8.0,8.3,
ABC News (AU),2016,3,03-Mar,Umwelt,182,8.0,7.78,
ABC News (AU),2016,3,03-Mar,Welt,201,8.0,7.38,
ABC News (AU),2016,3,03-Mar,Wirtschaft,297,8.0,7.86,
ABC News (AU),2016,4,04-Apr,Gesellschaft,131,8.0,8.09,
ABC News (AU),2016,4,04-Apr,Gesundheit,169,8.0,7.89,
ABC News (AU),2016,4,04-Apr,Kriminalität,480,9.0,8.59,
ABC News (AU),2016,4,04-Apr,Politik,292,8.0,8.06,
ABC News (AU),2016,4,04-Apr,Sonstiges,3365,8.0,7.55,
ABC News (AU),2016,4,04-Apr,Sport,180,8.0,8.24,
ABC News (AU),2016,4,04-Apr,Umwelt,174,8.0,7.93,
ABC News (AU),2016,4,04-Apr,Welt,159,8.0,7.5,
ABC News (AU),2016,4,04-Apr,Wirtschaft,327,8.0,7.62,
ABC News (AU),2016,5,05-May,Gesellschaft,186,8.0,7.76,
ABC News (AU),2016,5,05-May,Gesundheit,139,8.0,7.99,
ABC News (AU),2016,5,05-May,Kriminalität,443,8.0,8.27,
ABC News (AU),2016,5,05-May,Politik,503,8.0,7.99,
ABC News (AU),2016,5,05-May,Sonstiges,3392,8.0,7.53,
ABC News (AU),2016,5,05-May,Sport,169,9.0,8.38,
ABC News (AU),2016,5,05-May,Umwelt,147,8.0,7.81,
ABC News (AU),2016,5,05-May,Welt,146,8.0,7.32,
ABC News (AU),2016,5,05-May,Wirtschaft,416,8.0,7.55,
ABC News (AU),2016,6,06-Jun,Gesellschaft,153,8.0,7.98,
ABC News (AU),2016,6,06-Jun,Gesundheit,127,8.0,7.94,
ABC News (AU),2016,6,06-Jun,Kriminalität,515,8.0,8.17,
ABC News (AU),2016,6,06-Jun,Politik,545,8.0,7.88,
ABC News (AU),2016,6,06-Jun,Sonstiges,3286,8.0,7.52,
ABC News (AU),2016,6,06-Jun,Sport,159,8.0,8.23,
ABC News (AU),2016,6,06-Jun,Umwelt,222,8.0,7.71,
ABC News (AU),2016,6,06-Jun,Welt,131,8.0,7.31,
ABC News (AU),2016,6,06-Jun,Wirtschaft,281,8.0,7.5,
ABC News (AU),2016,7,07-Jul,Gesellschaft,183,8.0,8.0,
ABC News (AU),2016,7,07-Jul,Gesundheit,129,9.0,8.15,
ABC News (AU),2016,7,07-Jul,Kriminalität,511,9.0,8.4,
ABC News (AU),2016,7,07-Jul,Politik,510,8.0,8.1,
ABC News (AU),2016,7,07-Jul,Sonstiges,3119,8.0,7.6,
ABC News (AU),2016,7,07-Jul,Sport,181,9.0,8.6,
ABC News (AU),2016,7,07-Jul,Umwelt,177,8.0,7.94,
ABC News (AU),2016,7,07-Jul,Welt,169,8.0,7.43,
ABC News (AU),2016,7,07-Jul,Wirtschaft,254,8.0,7.59,
ABC News (AU),2016,8,08-Aug,Gesellschaft,158,8.0,8.06,
ABC News (AU),2016,8,08-Aug,Gesundheit,139,8.0,8.06,
ABC News (AU),2016,8,08-Aug,Kriminalität,552,8.0,8.43,
ABC News (AU),2016,8,08-Aug,Politik,321,8.0,8.14,
ABC News (AU),2016,8,08-Aug,Sonstiges,3424,8.0,7.6,
ABC News (AU),2016,8,08-Aug,Sport,255,8.0,8.28,
ABC News (AU),2016,8,08-Aug,Umwelt,167,8.0,7.68,
ABC News (AU),2016,8,08-Aug,Welt,177,8.0,7.55,
ABC News (AU),2016,8,08-Aug,Wirtschaft,300,7.0,7.42,
ABC News (AU),2016,9,09-Sep,Gesellschaft,154,8.0,7.9,
ABC News (AU),2016,9,09-Sep,Gesundheit,128,8.0,7.91,
ABC News (AU),2016,9,09-Sep,Kriminalität,465,9.0,8.45,
ABC News (AU),2016,9,09-Sep,Politik,302,8.0,7.94,
ABC News (AU),2016,9,09-Sep,Sonstiges,3191,8.0,7.55,
ABC News (AU),2016,9,09-Sep,Sport,162,9.0,8.48,
ABC News (AU),2016,9,09-Sep,Umwelt,244,8.0,7.84,
ABC News (AU),2016,9,09-Sep,Welt,181,8.0,7.54,
ABC News (AU),2016,9,09-Sep,Wirtschaft,258,7.0,7.45,
ABC News (AU),2016,10,10-Oct,Gesellschaft,148,8.0,7.78,
ABC News (AU),2016,10,10-Oct,Gesundheit,109,8.0,8.01,
ABC News (AU),2016,10,10-Oct,Kriminalität,381,9.0,8.52,
ABC News (AU),2016,10,10-Oct,Politik,307,8.0,8.13,
ABC News (AU),2016,10,10-Oct,Sonstiges,3078,8.0,7.61,
ABC News (AU),2016,10,10-Oct,Sport,110,9.0,8.65,
ABC News (AU),2016,10,10-Oct,Umwelt,199,8.0,8.04,
ABC News (AU),2016,10,10-Oct,Welt,179,8.0,7.65,
ABC News (AU),2016,10,10-Oct,Wirtschaft,284,8.0,7.89,
ABC News (AU),2016,11,11-Nov,Gesellschaft,148,8.0,7.67,
ABC News (AU),2016,11,11-Nov,Gesundheit,123,8.0,7.93,
ABC News (AU),2016,11,11-Nov,Kriminalität,454,9.0,8.51,
ABC News (AU),2016,11,11-Nov,Politik,419,8.0,8.13,
ABC News (AU),2016,11,11-Nov,Sonstiges,3047,8.0,7.63,
ABC News (AU),2016,11,11-Nov,Sport,109,9.0,8.63,
ABC News (AU),2016,11,11-Nov,Umwelt,142,8.0,7.7,
ABC News (AU),2016,11,11-Nov,Welt,182,8.0,7.56,
ABC News (AU),2016,11,11-Nov,Wirtschaft,268,8.0,7.86,
ABC News (AU),2016,12,12-Dec,Gesellschaft,110,8.0,7.99,
ABC News (AU),2016,12,12-Dec,Gesundheit,119,8.0,8.06,
ABC News (AU),2016,12,12-Dec,Kriminalität,388,9.0,8.5,
ABC News (AU),2016,12,12-Dec,Politik,227,8.0,8.2,
ABC News (AU),2016,12,12-Dec,Sonstiges,2585,8.0,7.79,
ABC News (AU),2016,12,12-Dec,Sport,73,9.0,8.47,
ABC News (AU),2016,12,12-Dec,Umwelt,165,8.0,8.02,
ABC News (AU),2016,12,12-Dec,Welt,135,8.0,7.75,
ABC News (AU),2016,12,12-Dec,Wirtschaft,179,8.0,7.97,
ABC News (AU),2017,1,01-Jan,Gesellschaft,117,8.0,7.73,
ABC News (AU),2017,1,01-Jan,Gesundheit,83,8.0,8.1,
ABC News (AU),2017,1,01-Jan,Kriminalität,317,9.0,8.54,
ABC News (AU),2017,1,01-Jan,Politik,222,8.0,8.18,
ABC News (AU),2017,1,01-Jan,Sonstiges,2424,8.0,7.86,
ABC News (AU),2017,1,01-Jan,Sport,87,8.0,8.25,
ABC News (AU),2017,1,01-Jan,Umwelt,140,8.0,7.94,
ABC News (AU),2017,1,01-Jan,Welt,146,8.0,7.48,
ABC News (AU),2017,1,01-Jan,Wirtschaft,154,8.0,7.9,
ABC News (AU),2017,2,02-Feb,Gesellschaft,140,8.0,7.95,
ABC News (AU),2017,2,02-Feb,Gesundheit,106,8.0,8.12,
ABC News (AU),2017,2,02-Feb,Kriminalität,315,9.0,8.66,
ABC News (AU),2017,2,02-Feb,Politik,262,8.0,8.29,
ABC News (AU),2017,2,02-Feb,Sonstiges,2444,8.0,7.68,
ABC News (AU),2017,2,02-Feb,Sport,94,9.0,8.34,
ABC News (AU),2017,2,02-Feb,Umwelt,145,8.0,7.62,
ABC News (AU),2017,2,02-Feb,Welt,165,8.0,7.78,
ABC News (AU),2017,2,02-Feb,Wirtschaft,185,8.0,7.68,
ABC News (AU),2017,3,03-Mar,Gesellschaft,103,8.0,8.01,
ABC News (AU),2017,3,03-Mar,Gesundheit,136,8.0,8.07,
ABC News (AU),2017,3,03-Mar,Kriminalität,343,8.0,8.4,
ABC News (AU),2017,3,03-Mar,Politik,323,8.0,8.37,
ABC News (AU),2017,3,03-Mar,Sonstiges,2963,8.0,7.75,
ABC News (AU),2017,3,03-Mar,Sport,147,8.0,8.11,
ABC News (AU),2017,3,03-Mar,Umwelt,163,8.0,7.93,
ABC News (AU),2017,3,03-Mar,Welt,184,8.0,7.61,
ABC News (AU),2017,3,03-Mar,Wirtschaft,225,8.0,7.73,
ABC News (AU),2017,4,04-Apr,Gesellschaft,94,8.0,7.77,
ABC News (AU),2017,4,04-Apr,Gesundheit,107,8.0,7.99,
ABC News (AU),2017,4,04-Apr,Kriminalität,297,9.0,8.57,
ABC News (AU),2017,4,04-Apr,Politik,180,8.0,7.89,
ABC News (AU),2017,4,04-Apr,Sonstiges,2227,8.0,7.81,
ABC News (AU),2017,4,04-Apr,Sport,113,8.0,7.88,
ABC News (AU),2017,4,04-Apr,Umwelt,153,8.0,8.02,
ABC News (AU),2017,4,04-Apr,Welt,157,8.0,7.95,
ABC News (AU),2017,4,04-Apr,Wirtschaft,189,8.0,7.94,
ABC News (AU),2017,5,05-May,Gesellschaft,116,8.0,8.11,
ABC News (AU),2017,5,05-May,Gesundheit,103,8.0,7.97,
ABC News (AU),2017,5,05-May,Kriminalität,344,8.0,8.33,
ABC News (AU),2017,5,05-May,Politik,232,8.0,7.98,
ABC News (AU),2017,5,05-May,Sonstiges,2609,8.0,7.75,
ABC News (AU),2017,5,05-May,Sport,137,8.0,8.43,
ABC News (AU),2017,5,05-May,Umwelt,102,8.0,8.25,
ABC News (AU),2017,5,05-May,Welt,178,8.0,7.84,
ABC News (AU),2017,5,05-May,Wirtschaft,366,8.0,7.77,
ABC News (AU),2017,6,06-Jun,Gesellschaft,100,8.0,8.01,
ABC News (AU),2017,6,06-Jun,Gesundheit,88,8.0,7.95,
ABC News (AU),2017,6,06-Jun,Kriminalität,349,8.0,8.34,
ABC News (AU),2017,6,06-Jun,Politik,234,8.0,8.03,
ABC News (AU),2017,6,06-Jun,Sonstiges,2547,8.0,7.69,
ABC News (AU),2017,6,06-Jun,Sport,122,8.0,8.03,
ABC News (AU),2017,6,06-Jun,Umwelt,124,8.0,8.05,
ABC News (AU),2017,6,06-Jun,Welt,113,8.0,7.27,
ABC News (AU),2017,6,06-Jun,Wirtschaft,241,8.0,7.57,
ABC News (AU),2017,7,07-Jul,Gesellschaft,130,8.0,7.89,
ABC News (AU),2017,7,07-Jul,Gesundheit,106,8.0,7.92,
ABC News (AU),2017,7,07-Jul,Kriminalität,351,8.0,8.34,
ABC News (AU),2017,7,07-Jul,Politik,217,8.0,8.07,
ABC News (AU),2017,7,07-Jul,Sonstiges,2766,8.0,7.71,
ABC News (AU),2017,7,07-Jul,Sport,150,8.0,8.49,
ABC News (AU),2017,7,07-Jul,Umwelt,85,8.0,7.96,
ABC News (AU),2017,7,07-Jul,Welt,120,8.0,8.38,
ABC News (AU),2017,7,07-Jul,Wirtschaft,200,8.0,7.28,
ABC News (AU),2017,8,08-Aug,Gesellschaft,122,8.0,8.03,
ABC News (AU),2017,8,08-Aug,Gesundheit,121,8.0,8.0,
ABC News (AU),2017,8,08-Aug,Kriminalität,375,8.0,8.24,
ABC News (AU),2017,8,08-Aug,Politik,231,8.0,8.02,
ABC News (AU),2017,8,08-Aug,Sonstiges,2912,8.0,7.68,
ABC News (AU),2017,8,08-Aug,Sport,156,8.0,8.13,
ABC News (AU),2017,8,08-Aug,Umwelt,118,8.0,7.81,
ABC News (AU),2017,8,08-Aug,Welt,138,9.0,8.42,
ABC News (AU),2017,8,08-Aug,Wirtschaft,196,7.0,7.37,
ABC News (AU),2017,9,09-Sep,Gesellschaft,109,8.0,7.91,
ABC News (AU),2017,9,09-Sep,Gesundheit,101,8.0,8.18,
ABC News (AU),2017,9,09-Sep,Kriminalität,282,8.0,8.07,
ABC News (AU),2017,9,09-Sep,Politik,253,8.0,7.98,
ABC News (AU),2017,9,09-Sep,Sonstiges,2710,8.0,7.7,
ABC News (AU),2017,9,09-Sep,Sport,171,9.0,8.51,
ABC News (AU),2017,9,09-Sep,Umwelt,127,8.0,8.12,
ABC News (AU),2017,9,09-Sep,Welt,147,9.0,8.43,
ABC News (AU),2017,9,09-Sep,Wirtschaft,180,8.0,7.66,
ABC News (AU),2017,10,10-Oct,Gesellschaft,116,8.0,7.66,
ABC News (AU),2017,10,10-Oct,Gesundheit,91,8.0,8.23,
ABC News (AU),2017,10,10-Oct,Kriminalität,409,8.0,8.43,
ABC News (AU),2017,10,10-Oct,Politik,261,8.0,8.09,
ABC News (AU),2017,10,10-Oct,Sonstiges,2688,8.0,7.65,
ABC News (AU),2017,10,10-Oct,Sport,80,9.0,8.52,
ABC News (AU),2017,10,10-Oct,Umwelt,90,8.0,7.8,
ABC News (AU),2017,10,10-Oct,Welt,123,8.0,8.33,
ABC News (AU),2017,10,10-Oct,Wirtschaft,195,8.0,7.66,
ABC News (AU),2017,11,11-Nov,Gesellschaft,128,8.0,8.24,
ABC News (AU),2017,11,11-Nov,Gesundheit,77,8.0,8.05,
ABC News (AU),2017,11,11-Nov,Kriminalität,328,9.0,8.46,
ABC News (AU),2017,11,11-Nov,Politik,339,8.0,7.93,
ABC News (AU),2017,11,11-Nov,Sonstiges,2572,8.0,7.74,
ABC News (AU),2017,11,11-Nov,Sport,92,9.0,8.84,
ABC News (AU),2017,11,11-Nov,Umwelt,82,8.0,7.96,
ABC News (AU),2017,11,11-Nov,Welt,106,9.0,8.35,
ABC News (AU),2017,11,11-Nov,Wirtschaft,197,8.0,7.68,
ABC News (AU),2017,12,12-Dec,Gesellschaft,95,8.0,7.85,
ABC News (AU),2017,12,12-Dec,Gesundheit,78,8.0,8.13,
ABC News (AU),2017,12,12-Dec,Kriminalität,308,8.0,8.23,
ABC News (AU),2017,12,12-Dec,Politik,171,8.0,8.12,
ABC News (AU),2017,12,12-Dec,Sonstiges,2185,8.0,7.75,
ABC News (AU),2017,12,12-Dec,Sport,57,8.0,8.25,
ABC News (AU),2017,12,12-Dec,Umwelt,85,8.0,7.4,
ABC News (AU),2017,12,12-Dec,Welt,103,8.0,8.13,
ABC News (AU),2017,12,12-Dec,Wirtschaft,126,8.0,8.0,
ABC News (AU),2018,1,01-Jan,Gesellschaft,72,8.0,8.08,
ABC News (AU),2018,1,01-Jan,Gesundheit,64,8.0,8.34,
ABC News (AU),2018,1,01-Jan,Kriminalität,246,8.0,8.09,
ABC News (AU),2018,1,01-Jan,Politik,156,8.0,8.03,
ABC News (AU),2018,1,01-Jan,Sonstiges,2106,8.0,7.91,
ABC News (AU),2018,1,01-Jan,Sport,58,8.0,8.12,
ABC News (AU),2018,1,01-Jan,Umwelt,110,8.0,7.76,
ABC News (AU),2018,1,01-Jan,Welt,87,8.0,8.13,
ABC News (AU),2018,1,01-Jan,Wirtschaft,115,8.0,7.89,
ABC News (AU),2018,2,02-Feb,Gesellschaft,75,8.0,8.24,
ABC News (AU),2018,2,02-Feb,Gesundheit,69,8.0,8.07,
ABC News (AU),2018,2,02-Feb,Kriminalität,339,8.0,8.33,
ABC News (AU),2018,2,02-Feb,Politik,247,8.0,7.85,
ABC News (AU),2018,2,02-Feb,Sonstiges,2197,8.0,7.73,
ABC News (AU),2018,2,02-Feb,Sport,105,9.0,8.59,
ABC News (AU),2018,2,02-Feb,Umwelt,97,8.0,7.84,
ABC News (AU),2018,2,02-Feb,Welt,114,8.0,8.31,
ABC News (AU),2018,2,02-Feb,Wirtschaft,173,8.0,7.5,
ABC News (AU),2018,3,03-Mar,Gesellschaft,98,8.0,8.1,
ABC News (AU),2018,3,03-Mar,Gesundheit,82,8.0,8.12,
ABC News (AU),2018,3,03-Mar,Kriminalität,294,9.0,8.36,
ABC News (AU),2018,3,03-Mar,Politik,272,8.0,7.95,
ABC News (AU),2018,3,03-Mar,Sonstiges,2452,8.0,7.73,
ABC News (AU),2018,3,03-Mar,Sport,146,8.0,7.4,
ABC News (AU),2018,3,03-Mar,Umwelt,166,8.0,7.66,
ABC News (AU),2018,3,03-Mar,Welt,110,8.0,8.17,
ABC News (AU),2018,3,03-Mar,Wirtschaft,228,8.0,7.56,
ABC News (AU),2018,4,04-Apr,Gesellschaft,93,8.0,7.76,
ABC News (AU),2018,4,04-Apr,Gesundheit,74,8.0,7.88,
ABC News (AU),2018,4,04-Apr,Kriminalität,272,8.0,8.28,
ABC News (AU),2018,4,04-Apr,Politik,129,8.0,8.21,
ABC News (AU),2018,4,04-Apr,Sonstiges,2356,8.0,7.7,
ABC News (AU),2018,4,04-Apr,Sport,86,8.0,7.73,
ABC News (AU),2018,4,04-Apr,Umwelt,94,8.0,7.76,
ABC News (AU),2018,4,04-Apr,Welt,120,8.0,8.03,
ABC News (AU),2018,4,04-Apr,Wirtschaft,208,8.0,7.41,
ABC News (AU),2018,5,05-May,Gesellschaft,85,8.0,8.22,
ABC News (AU),2018,5,05-May,Gesundheit,77,8.0,8.31,
ABC News (AU),2018,5,05-May,Kriminalität,345,8.0,8.18,
ABC News (AU),2018,5,05-May,Politik,217,8.0,8.22,
ABC News (AU),2018,5,05-May,Sonstiges,2271,8.0,7.75,
ABC News (AU),2018,5,05-May,Sport,109,8.0,8.0,
ABC News (AU),2018,5,05-May,Umwelt,112,8.0,7.85,
ABC News (AU),2018,5,05-May,Welt,114,8.0,8.12,
ABC News (AU),2018,5,05-May,Wirtschaft,289,8.0,7.56,
ABC News (AU),2018,6,06-Jun,Gesellschaft,91,8.0,8.09,
ABC News (AU),2018,6,06-Jun,Gesundheit,64,8.0,8.11,
ABC News (AU),2018,6,06-Jun,Kriminalität,286,8.0,8.25,
ABC News (AU),2018,6,06-Jun,Politik,169,8.0,8.17,
ABC News (AU),2018,6,06-Jun,Sonstiges,2248,8.0,7.8,
ABC News (AU),2018,6,06-Jun,Sport,236,8.0,8.18,
ABC News (AU),2018,6,06-Jun,Umwelt,77,9.0,8.57,
ABC News (AU),2018,6,06-Jun,Welt,126,9.0,8.61,
ABC News (AU),2018,6,06-Jun,Wirtschaft,247,8.0,7.75,
ABC News (AU),2018,7,07-Jul,Gesellschaft,101,8.0,7.92,
ABC News (AU),2018,7,07-Jul,Gesundheit,130,8.0,8.19,
ABC News (AU),2018,7,07-Jul,Kriminalität,360,8.0,8.32,
ABC News (AU),2018,7,07-Jul,Politik,170,8.0,8.06,
ABC News (AU),2018,7,07-Jul,Sonstiges,2205,8.0,7.64,
ABC News (AU),2018,7,07-Jul,Sport,189,8.0,8.54,
ABC News (AU),2018,7,07-Jul,Umwelt,85,8.0,7.88,
ABC News (AU),2018,7,07-Jul,Welt,86,8.0,8.19,
ABC News (AU),2018,7,07-Jul,Wirtschaft,171,7.0,7.6,
ABC News (AU),2018,8,08-Aug,Gesellschaft,84,8.0,7.73,
ABC News (AU),2018,8,08-Aug,Gesundheit,80,8.0,7.91,
ABC News (AU),2018,8,08-Aug,Kriminalität,286,8.0,8.23,
ABC News (AU),2018,8,08-Aug,Politik,203,8.0,8.06,
ABC News (AU),2018,8,08-Aug,Sonstiges,2222,8.0,7.43,
ABC News (AU),2018,8,08-Aug,Sport,105,8.0,8.0,
ABC News (AU),2018,8,08-Aug,Umwelt,163,8.0,7.79,
ABC News (AU),2018,8,08-Aug,Welt,80,8.0,7.8,
ABC News (AU),2018,8,08-Aug,Wirtschaft,165,7.0,7.53,
ABC News (AU),2018,9,09-Sep,Gesellschaft,85,7.0,7.38,
ABC News (AU),2018,9,09-Sep,Gesundheit,83,8.0,7.72,
ABC News (AU),2018,9,09-Sep,Kriminalität,270,8.0,8.3,
ABC News (AU),2018,9,09-Sep,Politik,163,8.0,8.12,
ABC News (AU),2018,9,09-Sep,Sonstiges,1971,8.0,7.45,
ABC News (AU),2018,9,09-Sep,Sport,106,9.0,8.69,
ABC News (AU),2018,9,09-Sep,Umwelt,102,8.0,7.83,
ABC News (AU),2018,9,09-Sep,Welt,72,8.0,8.35,
ABC News (AU),2018,9,09-Sep,Wirtschaft,154,7.0,7.27,
ABC News (AU),2018,10,10-Oct,Gesellschaft,95,8.0,7.68,
ABC News (AU),2018,10,10-Oct,Gesundheit,105,8.0,7.82,
ABC News (AU),2018,10,10-Oct,Kriminalität,260,8.0,8.08,
ABC News (AU),2018,10,10-Oct,Politik,208,8.0,7.92,
ABC News (AU),2018,10,10-Oct,Sonstiges,2141,8.0,7.49,
ABC News (AU),2018,10,10-Oct,Sport,84,8.0,8.25,
ABC News (AU),2018,10,10-Oct,Umwelt,107,8.0,7.79,
ABC News (AU),2018,10,10-Oct,Welt,98,8.0,7.85,
ABC News (AU),2018,10,10-Oct,Wirtschaft,175,7.0,7.35,
ABC News (AU),2018,11,11-Nov,Gesellschaft,91,8.0,7.77,
ABC News (AU),2018,11,11-Nov,Gesundheit,82,8.0,7.78,
ABC News (AU),2018,11,11-Nov,Kriminalität,327,8.0,8.25,
ABC News (AU),2018,11,11-Nov,Politik,227,8.0,7.8,
ABC News (AU),2018,11,11-Nov,Sonstiges,2156,8.0,7.58,
ABC News (AU),2018,11,11-Nov,Sport,67,9.0,8.48,
ABC News (AU),2018,11,11-Nov,Umwelt,141,8.0,7.56,
ABC News (AU),2018,11,11-Nov,Welt,103,8.0,8.17,
ABC News (AU),2018,11,11-Nov,Wirtschaft,169,8.0,7.72,
ABC News (AU),2018,12,12-Dec,Gesellschaft,93,8.0,8.33,
ABC News (AU),2018,12,12-Dec,Gesundheit,58,8.0,7.67,
ABC News (AU),2018,12,12-Dec,Kriminalität,283,8.0,8.3,
ABC News (AU),2018,12,12-Dec,Politik,165,8.0,8.1,
ABC News (AU),2018,12,12-Dec,Sonstiges,1750,8.0,7.65,
ABC News (AU),2018,12,12-Dec,Sport,34,9.0,8.41,
ABC News (AU),2018,12,12-Dec,Umwelt,124,8.0,7.52,
ABC News (AU),2018,12,12-Dec,Welt,71,8.0,8.31,
ABC News (AU),2018,12,12-Dec,Wirtschaft,124,8.0,7.84,
ABC News (AU),2019,1,01-Jan,Gesellschaft,72,8.0,7.93,
ABC News (AU),2019,1,01-Jan,Gesundheit,55,8.0,8.11,
ABC News (AU),2019,1,01-Jan,Kriminalität,222,8.0,8.23,
ABC News (AU),2019,1,01-Jan,Politik,171,8.0,7.89,
ABC News (AU),2019,1,01-Jan,Sonstiges,1791,8.0,7.87,
ABC News (AU),2019,1,01-Jan,Sport,43,8.0,8.3,
ABC News (AU),2019,1,01-Jan,Umwelt,103,8.0,7.6,
ABC News (AU),2019,1,01-Jan,Welt,49,8.0,7.59,
ABC News (AU),2019,1,01-Jan,Wirtschaft,101,8.0,8.19,
ABC News (AU),2019,2,02-Feb,Gesellschaft,71,8.0,7.8,
ABC News (AU),2019,2,02-Feb,Gesundheit,68,8.0,7.94,
ABC News (AU),2019,2,02-Feb,Kriminalität,289,8.0,8.33,
ABC News (AU),2019,2,02-Feb,Politik,180,8.0,7.79,
ABC News (AU),2019,2,02-Feb,Sonstiges,1749,8.0,7.56,
ABC News (AU),2019,2,02-Feb,Sport,55,8.0,8.49,
ABC News (AU),2019,2,02-Feb,Umwelt,193,7.0,7.38,
ABC News (AU),2019,2,02-Feb,Welt,70,8.5,8.4,
ABC News (AU),2019,2,02-Feb,Wirtschaft,163,8.0,7.67,
ABC News (AU),2019,3,03-Mar,Gesellschaft,75,8.0,7.87,
ABC News (AU),2019,3,03-Mar,Gesundheit,78,8.0,7.99,
ABC News (AU),2019,3,03-Mar,Kriminalität,311,8.0,8.13,
ABC News (AU),2019,3,03-Mar,Politik,229,8.0,8.02,
ABC News (AU),2019,3,03-Mar,Sonstiges,1860,8.0,7.63,
ABC News (AU),2019,3,03-Mar,Sport,94,8.0,8.43,
ABC News (AU),2019,3,03-Mar,Umwelt,122,8.0,7.72,
ABC News (AU),2019,3,03-Mar,Welt,100,8.0,8.03,
ABC News (AU),2019,3,03-Mar,Wirtschaft,136,7.0,7.21,
ABC News (AU),2019,4,04-Apr,Gesellschaft,86,8.0,8.28,
ABC News (AU),2019,4,04-Apr,Gesundheit,69,8.0,8.19,
ABC News (AU),2019,4,04-Apr,Kriminalität,267,8.0,8.27,
ABC News (AU),2019,4,04-Apr,Politik,251,8.0,7.8,
ABC News (AU),2019,4,04-Apr,Sonstiges,1708,8.0,7.61,
ABC News (AU),2019,4,04-Apr,Sport,84,8.0,8.23,
ABC News (AU),2019,4,04-Apr,Umwelt,85,8.0,8.12,
ABC News (AU),2019,4,04-Apr,Welt,66,8.0,8.21,
ABC News (AU),2019,4,04-Apr,Wirtschaft,157,8.0,7.66,
ABC News (AU),2019,5,05-May,Gesellschaft,75,8.0,7.99,
ABC News (AU),2019,5,05-May,Gesundheit,61,8.0,8.2,
ABC News (AU),2019,5,05-May,Kriminalität,272,9.0,8.59,
ABC News (AU),2019,5,05-May,Politik,465,8.0,7.93,
ABC News (AU),2019,5,05-May,Sonstiges,1872,8.0,7.53,
ABC News (AU),2019,5,05-May,Sport,120,8.0,8.19,
ABC News (AU),2019,5,05-May,Umwelt,77,8.0,7.81,
ABC News (AU),2019,5,05-May,Welt,73,8.0,8.11,
ABC News (AU),2019,5,05-May,Wirtschaft,150,8.0,7.99,
ABC News (AU),2019,6,06-Jun,Gesellschaft,91,8.0,7.8,
ABC News (AU),2019,6,06-Jun,Gesundheit,67,8.0,7.96,
ABC News (AU),2019,6,06-Jun,Kriminalität,303,8.0,8.16,
ABC News (AU),2019,6,06-Jun,Politik,110,8.0,8.0,
ABC News (AU),2019,6,06-Jun,Sonstiges,1696,8.0,7.78,
ABC News (AU),2019,6,06-Jun,Sport,134,9.0,8.66,
ABC News (AU),2019,6,06-Jun,Umwelt,86,8.0,8.03,
ABC News (AU),2019,6,06-Jun,Welt,80,8.0,8.38,
ABC News (AU),2019,6,06-Jun,Wirtschaft,160,8.0,7.51,
ABC News (AU),2019,7,07-Jul,Gesellschaft,110,8.0,8.16,
ABC News (AU),2019,7,07-Jul,Gesundheit,92,8.0,8.22,
ABC News (AU),2019,7,07-Jul,Kriminalität,291,8.0,8.37,
ABC News (AU),2019,7,07-Jul,Politik,105,8.0,7.88,
ABC News (AU),2019,7,07-Jul,Sonstiges,1858,8.0,7.8,
ABC News (AU),2019,7,07-Jul,Sport,119,8.0,8.55,
ABC News (AU),2019,7,07-Jul,Umwelt,95,8.0,7.82,
ABC News (AU),2019,7,07-Jul,Welt,78,8.0,7.92,
ABC News (AU),2019,7,07-Jul,Wirtschaft,161,8.0,8.02,
ABC News (AU),2019,8,08-Aug,Gesellschaft,134,8.0,7.85,
ABC News (AU),2019,8,08-Aug,Gesundheit,67,8.0,7.88,
ABC News (AU),2019,8,08-Aug,Kriminalität,378,9.0,8.4,
ABC News (AU),2019,8,08-Aug,Politik,133,8.0,8.15,
ABC News (AU),2019,8,08-Aug,Sonstiges,1840,8.0,7.62,
ABC News (AU),2019,8,08-Aug,Sport,78,8.0,8.29,
ABC News (AU),2019,8,08-Aug,Umwelt,137,8.0,7.74,
ABC News (AU),2019,8,08-Aug,Welt,52,8.0,8.29,
ABC News (AU),2019,8,08-Aug,Wirtschaft,134,8.0,7.91,
ABC News (AU),2019,9,09-Sep,Gesellschaft,107,8.0,8.07,
ABC News (AU),2019,9,09-Sep,Gesundheit,64,8.0,7.8,
ABC News (AU),2019,9,09-Sep,Kriminalität,263,8.0,8.22,
ABC News (AU),2019,9,09-Sep,Politik,120,8.0,7.97,
ABC News (AU),2019,9,09-Sep,Sonstiges,1753,8.0,7.52,
ABC News (AU),2019,9,09-Sep,Sport,141,9.0,8.69,
ABC News (AU),2019,9,09-Sep,Umwelt,176,8.0,7.89,
ABC News (AU),2019,9,09-Sep,Welt,64,8.0,8.08,
ABC News (AU),2019,9,09-Sep,Wirtschaft,140,8.0,7.93,
ABC News (AU),2019,10,10-Oct,Gesellschaft,110,8.0,7.88,
ABC News (AU),2019,10,10-Oct,Gesundheit,68,9.0,8.51,
ABC News (AU),2019,10,10-Oct,Kriminalität,335,8.0,8.21,
ABC News (AU),2019,10,10-Oct,Politik,147,8.0,7.91,
ABC News (AU),2019,10,10-Oct,Sonstiges,1850,8.0,7.58,
ABC News (AU),2019,10,10-Oct,Sport,80,8.5,8.45,
ABC News (AU),2019,10,10-Oct,Umwelt,177,8.0,7.94,
ABC News (AU),2019,10,10-Oct,Welt,79,8.0,8.06,
ABC News (AU),2019,10,10-Oct,Wirtschaft,170,8.0,7.86,
ABC News (AU),2019,11,11-Nov,Gesellschaft,101,8.0,8.1,
ABC News (AU),2019,11,11-Nov,Gesundheit,52,8.0,8.0,
ABC News (AU),2019,11,11-Nov,Kriminalität,288,8.0,8.29,
ABC News (AU),2019,11,11-Nov,Politik,158,8.0,8.29,
ABC News (AU),2019,11,11-Nov,Sonstiges,1679,8.0,7.61,
ABC News (AU),2019,11,11-Nov,Sport,62,9.0,9.19,
ABC News (AU),2019,11,11-Nov,Umwelt,232,8.0,7.69,
ABC News (AU),2019,11,11-Nov,Welt,62,8.0,8.52,
ABC News (AU),2019,11,11-Nov,Wirtschaft,134,8.0,7.9,
ABC News (AU),2019,12,12-Dec,Gesellschaft,62,8.0,7.84,
ABC News (AU),2019,12,12-Dec,Gesundheit,48,8.0,7.96,
ABC News (AU),2019,12,12-Dec,Kriminalität,212,9.0,8.6,
ABC News (AU),2019,12,12-Dec,Politik,121,8.0,8.2,
ABC News (AU),2019,12,12-Dec,Sonstiges,1607,8.0,7.8,
ABC News (AU),2019,12,12-Dec,Sport,50,9.0,8.82,
ABC News (AU),2019,12,12-Dec,Umwelt,243,8.0,7.83,
ABC News (AU),2019,12,12-Dec,Welt,50,8.0,8.22,
ABC News (AU),2019,12,12-Dec,Wirtschaft,78,8.0,8.35,
ABC News (AU),2020,1,01-Jan,Gesellschaft,62,8.0,8.29,
ABC News (AU),2020,1,01-Jan,Gesundheit,56,8.0,8.23,
ABC News (AU),2020,1,01-Jan,Kriminalität,174,8.0,8.27,
ABC News (AU),2020,1,01-Jan,Politik,110,8.0,8.02,
ABC News (AU),2020,1,01-Jan,Sonstiges,1469,8.0,7.99,
ABC News (AU),2020,1,01-Jan,Sport,51,9.0,8.75,
ABC News (AU),2020,1,01-Jan,Umwelt,402,8.0,7.86,
ABC News (AU),2020,1,01-Jan,Welt,72,8.0,8.24,
ABC News (AU),2020,1,01-Jan,Wirtschaft,51,9.0,8.45,
ABC News (AU),2020,2,02-Feb,Gesellschaft,67,8.0,7.9,
ABC News (AU),2020,2,02-Feb,Gesundheit,82,8.0,8.35,
ABC News (AU),2020,2,02-Feb,Kriminalität,249,8.0,8.44,
ABC News (AU),2020,2,02-Feb,Politik,141,8.0,8.09,
ABC News (AU),2020,2,02-Feb,Sonstiges,1689,8.0,7.77,
ABC News (AU),2020,2,02-Feb,Sport,67,9.0,8.82,
ABC News (AU),2020,2,02-Feb,Umwelt,278,8.0,8.0,
ABC News (AU),2020,2,02-Feb,Welt,86,8.0,7.95,
ABC News (AU),2020,2,02-Feb,Wirtschaft,111,7.0,7.41,
ABC News (AU),2020,3,03-Mar,Gesellschaft,71,8.0,7.83,
ABC News (AU),2020,3,03-Mar,Gesundheit,327,8.0,7.9,
ABC News (AU),2020,3,03-Mar,Kriminalität,161,9.0,8.4,
ABC News (AU),2020,3,03-Mar,Politik,178,8.0,7.51,
ABC News (AU),2020,3,03-Mar,Sonstiges,1780,8.0,7.51,
ABC News (AU),2020,3,03-Mar,Sport,108,9.0,8.59,
ABC News (AU),2020,3,03-Mar,Umwelt,85,8.0,7.64,
ABC News (AU),2020,3,03-Mar,Welt,67,8.0,7.67,
ABC News (AU),2020,3,03-Mar,Wirtschaft,182,7.0,7.51,
ABC News (AU),2020,4,04-Apr,Gesellschaft,88,8.0,7.74,
ABC News (AU),2020,4,04-Apr,Gesundheit,427,8.0,8.09,
ABC News (AU),2020,4,04-Apr,Kriminalität,178,8.0,8.43,
ABC News (AU),2020,4,04-Apr,Politik,153,8.0,7.67,
ABC News (AU),2020,4,04-Apr,Sonstiges,1842,8.0,7.6,
ABC News (AU),2020,4,04-Apr,Sport,52,8.0,8.27,
ABC News (AU),2020,4,04-Apr,Umwelt,76,8.0,7.86,
ABC News (AU),2020,4,04-Apr,Welt,72,8.0,8.19,
ABC News (AU),2020,4,04-Apr,Wirtschaft,142,7.0,7.39,
ABC News (AU),2020,5,05-May,Gesellschaft,116,8.0,7.67,
ABC News (AU),2020,5,05-May,Gesundheit,419,8.0,7.93,
ABC News (AU),2020,5,05-May,Kriminalität,288,8.0,8.18,
ABC News (AU),2020,5,05-May,Politik,177,8.0,7.67,
ABC News (AU),2020,5,05-May,Sonstiges,2137,8.0,7.53,
ABC News (AU),2020,5,05-May,Sport,95,8.0,8.61,
ABC News (AU),2020,5,05-May,Umwelt,136,8.0,8.18,
ABC News (AU),2020,5,05-May,Welt,77,8.0,7.91,
ABC News (AU),2020,5,05-May,Wirtschaft,220,8.0,7.74,
ABC News (AU),2020,6,06-Jun,Gesellschaft,232,8.0,7.85,
ABC News (AU),2020,6,06-Jun,Gesundheit,267,8.0,7.75,
ABC News (AU),2020,6,06-Jun,Kriminalität,417,8.0,8.29,
ABC News (AU),2020,6,06-Jun,Politik,214,8.0,8.06,
ABC News (AU),2020,6,06-Jun,Sonstiges,2109,8.0,7.66,
ABC News (AU),2020,6,06-Jun,Sport,165,9.0,8.65,
ABC News (AU),2020,6,06-Jun,Umwelt,126,8.0,7.68,
ABC News (AU),2020,6,06-Jun,Welt,96,8.0,8.15,
ABC News (AU),2020,6,06-Jun,Wirtschaft,183,8.0,7.87,
ABC News (AU),2020,7,07-Jul,Gesellschaft,100,8.0,8.13,
ABC News (AU),2020,7,07-Jul,Gesundheit,431,8.0,8.17,
ABC News (AU),2020,7,07-Jul,Kriminalität,287,9.0,8.42,
ABC News (AU),2020,7,07-Jul,Politik,191,8.0,7.89,
ABC News (AU),2020,7,07-Jul,Sonstiges,2203,8.0,7.75,
ABC News (AU),2020,7,07-Jul,Sport,163,9.0,8.82,
ABC News (AU),2020,7,07-Jul,Umwelt,124,8.0,7.98,
ABC News (AU),2020,7,07-Jul,Welt,71,8.0,8.31,
ABC News (AU),2020,7,07-Jul,Wirtschaft,173,8.0,7.84,
ABC News (AU),2020,8,08-Aug,Gesellschaft,121,8.0,7.79,
ABC News (AU),2020,8,08-Aug,Gesundheit,467,8.0,8.21,
ABC News (AU),2020,8,08-Aug,Kriminalität,319,8.0,8.38,
ABC News (AU),2020,8,08-Aug,Politik,278,8.0,7.97,
ABC News (AU),2020,8,08-Aug,Sonstiges,2052,8.0,7.76,
ABC News (AU),2020,8,08-Aug,Sport,155,9.0,8.94,
ABC News (AU),2020,8,08-Aug,Umwelt,142,8.0,7.92,
ABC News (AU),2020,8,08-Aug,Welt,82,8.0,8.17,
ABC News (AU),2020,8,08-Aug,Wirtschaft,152,8.0,7.85,
ABC News (AU),2020,9,09-Sep,Gesellschaft,85,8.0,7.76,
ABC News (AU),2020,9,09-Sep,Gesundheit,410,8.0,8.46,
ABC News (AU),2020,9,09-Sep,Kriminalität,362,8.0,8.43,
ABC News (AU),2020,9,09-Sep,Politik,253,8.0,8.11,
ABC News (AU),2020,9,09-Sep,Sonstiges,2010,8.0,7.85,
ABC News (AU),2020,9,09-Sep,Sport,175,9.0,8.9,
ABC News (AU),2020,9,09-Sep,Umwelt,103,8.0,7.69,
ABC News (AU),2020,9,09-Sep,Welt,94,8.0,7.84,
ABC News (AU),2020,9,09-Sep,Wirtschaft,165,8.0,8.06,
ABC News (AU),2020,10,10-Oct,Gesellschaft,97,8.0,7.95,
ABC News (AU),2020,10,10-Oct,Gesundheit,359,9.0,8.37,
ABC News (AU),2020,10,10-Oct,Kriminalität,317,9.0,8.49,
ABC News (AU),2020,10,10-Oct,Politik,356,8.0,8.2,
ABC News (AU),2020,10,10-Oct,Sonstiges,1912,8.0,7.86,
ABC News (AU),2020,10,10-Oct,Sport,151,9.0,8.75,
ABC News (AU),2020,10,10-Oct,Umwelt,143,8.0,7.78,
ABC News (AU),2020,10,10-Oct,Welt,71,8.0,8.46,
ABC News (AU),2020,10,10-Oct,Wirtschaft,231,8.0,7.87,
ABC News (AU),2020,11,11-Nov,Gesellschaft,86,8.0,7.74,
ABC News (AU),2020,11,11-Nov,Gesundheit,360,8.0,8.38,
ABC News (AU),2020,11,11-Nov,Kriminalität,306,9.0,8.55,
ABC News (AU),2020,11,11-Nov,Politik,406,8.0,8.36,
ABC News (AU),2020,11,11-Nov,Sonstiges,1942,8.0,7.85,
ABC News (AU),2020,11,11-Nov,Sport,61,8.0,8.41,
ABC News (AU),2020,11,11-Nov,Umwelt,127,8.0,7.85,
ABC News (AU),2020,11,11-Nov,Welt,116,8.0,7.94,
ABC News (AU),2020,11,11-Nov,Wirtschaft,182,8.0,7.98,
ABC News (AU),2020,12,12-Dec,Gesellschaft,69,8.0,8.33,
ABC News (AU),2020,12,12-Dec,Gesundheit,450,9.0,8.54,
ABC News (AU),2020,12,12-Dec,Kriminalität,301,9.0,8.62,
ABC News (AU),2020,12,12-Dec,Politik,182,8.0,8.34,
ABC News (AU),2020,12,12-Dec,Sonstiges,1694,8.0,7.93,
ABC News (AU),2020,12,12-Dec,Sport,72,9.0,8.86,
ABC News (AU),2020,12,12-Dec,Umwelt,180,8.0,7.87,
ABC News (AU),2020,12,12-Dec,Welt,83,8.0,8.23,
ABC News (AU),2020,12,12-Dec,Wirtschaft,138,8.0,8.12,
ABC News (AU),2021,1,01-Jan,Gesellschaft,91,8.0,8.14,
ABC News (AU),2021,1,01-Jan,Gesundheit,468,9.0,8.54,
ABC News (AU),2021,1,01-Jan,Kriminalität,270,9.0,8.55,
ABC News (AU),2021,1,01-Jan,Politik,204,8.0,8.25,
ABC News (AU),2021,1,01-Jan,Sonstiges,1656,8.0,8.12,
ABC News (AU),2021,1,01-Jan,Sport,75,8.0,8.25,
ABC News (AU),2021,1,01-Jan,Umwelt,140,8.0,8.03,
ABC News (AU),2021,1,01-Jan,Welt,81,9.0,8.52,
ABC News (AU),2021,1,01-Jan,Wirtschaft,86,8.0,8.38,
ABC News (AU),2021,2,02-Feb,Gesellschaft,90,8.0,8.04,
ABC News (AU),2021,2,02-Feb,Gesundheit,471,8.0,8.37,
ABC News (AU),2021,2,02-Feb,Kriminalität,340,9.0,8.5,
ABC News (AU),2021,2,02-Feb,Politik,220,8.0,8.25,
ABC News (AU),2021,2,02-Feb,Sonstiges,1788,8.0,7.97,
ABC News (AU),2021,2,02-Feb,Sport,93,9.0,8.63,
ABC News (AU),2021,2,02-Feb,Umwelt,155,8.0,8.07,
ABC News (AU),2021,2,02-Feb,Welt,88,8.0,8.47,
ABC News (AU),2021,2,02-Feb,Wirtschaft,136,8.0,7.99,
ABC News (AU),2021,3,03-Mar,Gesellschaft,95,8.0,8.13,
ABC News (AU),2021,3,03-Mar,Gesundheit,265,8.0,8.08,
ABC News (AU),2021,3,03-Mar,Kriminalität,206,8.5,8.42,
ABC News (AU),2021,3,03-Mar,Politik,232,8.0,8.15,
ABC News (AU),2021,3,03-Mar,Sonstiges,1415,8.0,7.88,
ABC News (AU),2021,3,03-Mar,Sport,63,9.0,8.94,
ABC News (AU),2021,3,03-Mar,Umwelt,127,8.0,8.03,
ABC News (AU),2021,3,03-Mar,Welt,67,8.0,7.81,
ABC News (AU),2021,3,03-Mar,Wirtschaft,102,8.0,7.8,
ABC News (AU),2021,4,04-Apr,Gesellschaft,25,8.0,8.44,
ABC News (AU),2021,4,04-Apr,Gesundheit,97,8.0,8.25,
ABC News (AU),2021,4,04-Apr,Kriminalität,49,8.0,8.14,
ABC News (AU),2021,4,04-Apr,Politik,74,7.5,7.46,
ABC News (AU),2021,4,04-Apr,Sonstiges,481,8.0,7.42,
ABC News (AU),2021,4,04-Apr,Sport,15,8.0,8.13,
ABC News (AU),2021,4,04-Apr,Umwelt,31,7.0,7.0,
ABC News (AU),2021,4,04-Apr,Welt,28,8.0,7.96,
ABC News (AU),2021,4,04-Apr,Wirtschaft,23,8.0,8.17,
ABC News (AU),2021,5,05-May,Gesellschaft,26,7.5,7.73,
ABC News (AU),2021,5,05-May,Gesundheit,113,8.0,8.24,
ABC News (AU),2021,5,05-May,Kriminalität,51,8.0,7.43,
ABC News (AU),2021,5,05-May,Politik,81,8.0,7.94,
ABC News (AU),2021,5,05-May,Sonstiges,503,8.0,7.5,
ABC News (AU),2021,5,05-May,Sport,22,8.0,7.91,
ABC News (AU),2021,5,05-May,Umwelt,22,7.5,7.41,
ABC News (AU),2021,5,05-May,Welt,50,8.0,8.1,
ABC News (AU),2021,5,05-May,Wirtschaft,65,7.0,7.37,
ABC News (AU),2021,6,06-Jun,Gesellschaft,31,8.0,7.77,
ABC News (AU),2021,6,06-Jun,Gesundheit,130,8.0,8.34,
ABC News (AU),2021,6,06-Jun,Kriminalität,51,8.0,7.9,
ABC News (AU),2021,6,06-Jun,Politik,73,8.0,7.9,
ABC News (AU),2021,6,06-Jun,Sonstiges,597,8.0,7.37,
ABC News (AU),2021,6,06-Jun,Sport,18,8.0,8.0,
ABC News (AU),2021,6,06-Jun,Umwelt,32,7.5,7.28,
ABC News (AU),2021,6,06-Jun,Welt,32,8.0,8.09,
ABC News (AU),2021,6,06-Jun,Wirtschaft,26,8.0,8.19,
ABC News (AU),2021,7,07-Jul,Gesellschaft,29,7.0,7.21,
ABC News (AU),2021,7,07-Jul,Gesundheit,213,8.0,8.13,
ABC News (AU),2021,7,07-Jul,Kriminalität,44,8.0,7.84,
ABC News (AU),2021,7,07-Jul,Politik,56,7.0,7.25,
ABC News (AU),2021,7,07-Jul,Sonstiges,548,8.0,7.37,
ABC News (AU),2021,7,07-Jul,Sport,20,8.0,8.2,
ABC News (AU),2021,7,07-Jul,Umwelt,23,8.0,7.65,
ABC News (AU),2021,7,07-Jul,Welt,29,8.0,7.59,
ABC News (AU),2021,7,07-Jul,Wirtschaft,23,8.0,8.0,
ABC News (AU),2021,8,08-Aug,Gesellschaft,31,7.0,7.48,
ABC News (AU),2021,8,08-Aug,Gesundheit,236,8.0,8.15,
ABC News (AU),2021,8,08-Aug,Kriminalität,22,7.0,6.95,
ABC News (AU),2021,8,08-Aug,Politik,54,8.0,7.72,
ABC News (AU),2021,8,08-Aug,Sonstiges,623,7.0,7.24,
ABC News (AU),2021,8,08-Aug,Sport,11,8.0,8.09,
ABC News (AU),2021,8,08-Aug,Umwelt,18,7.5,7.44,
ABC News (AU),2021,8,08-Aug,Welt,48,7.0,7.35,
ABC News (AU),2021,8,08-Aug,Wirtschaft,27,8.0,8.19,
ABC News (AU),2021,9,09-Sep,Gesellschaft,47,7.0,7.68,
ABC News (AU),2021,9,09-Sep,Gesundheit,190,8.0,8.12,
ABC News (AU),2021,9,09-Sep,Kriminalität,56,8.0,7.7,
ABC News (AU),2021,9,09-Sep,Politik,60,8.0,7.98,
ABC News (AU),2021,9,09-Sep,Sonstiges,595,8.0,7.45,
ABC News (AU),2021,9,09-Sep,Sport,16,8.5,8.06,
ABC News (AU),2021,9,09-Sep,Umwelt,17,8.0,8.0,
ABC News (AU),2021,9,09-Sep,Welt,30,8.0,7.83,
ABC News (AU),2021,9,09-Sep,Wirtschaft,40,8.0,7.48,
ABC News (AU),2021,10,10-Oct,Gesellschaft,23,8.0,7.39,
ABC News (AU),2021,10,10-Oct,Gesundheit,151,8.0,8.19,
ABC News (AU),2021,10,10-Oct,Kriminalität,42,8.0,7.79,
ABC News (AU),2021,10,10-Oct,Politik,70,7.0,7.34,
ABC News (AU),2021,10,10-Oct,Sonstiges,589,8.0,7.45,
ABC News (AU),2021,10,10-Oct,Sport,15,8.0,8.13,
ABC News (AU),2021,10,10-Oct,Umwelt,39,8.0,7.97,
ABC News (AU),2021,10,10-Oct,Welt,33,8.0,7.82,
ABC News (AU),2021,10,10-Oct,Wirtschaft,26,8.0,7.81,
ABC News (AU),2021,11,11-Nov,Gesellschaft,31,7.0,7.52,
ABC News (AU),2021,11,11-Nov,Gesundheit,99,8.0,8.23,
ABC News (AU),2021,11,11-Nov,Kriminalität,68,8.0,8.26,
ABC News (AU),2021,11,11-Nov,Politik,80,8.0,7.69,
ABC News (AU),2021,11,11-Nov,Sonstiges,558,8.0,7.58,
ABC News (AU),2021,11,11-Nov,Sport,17,7.0,7.65,
ABC News (AU),2021,11,11-Nov,Umwelt,58,7.5,7.57,
ABC News (AU),2021,11,11-Nov,Welt,34,8.0,7.59,
ABC News (AU),2021,11,11-Nov,Wirtschaft,23,8.0,7.87,
ABC News (AU),2021,12,12-Dec,Gesellschaft,30,7.0,7.53,
ABC News (AU),2021,12,12-Dec,Gesundheit,160,8.0,7.98,
ABC News (AU),2021,12,12-Dec,Kriminalität,43,8.0,7.51,
ABC News (AU),2021,12,12-Dec,Politik,100,7.0,7.47,
ABC News (AU),2021,12,12-Dec,Sonstiges,644,8.0,7.53,
ABC News (AU),2021,12,12-Dec,Sport,7,6.0,7.0,
ABC News (AU),2021,12,12-Dec,Umwelt,50,7.0,7.1,
ABC News (AU),2021,12,12-Dec,Welt,27,7.0,7.22,
ABC News (AU),2021,12,12-Dec,Wirtschaft,33,7.0,7.24,
HuffPost (US),2012,1,01-Jan,Entertainment,16,10.5,11.0,21.5
HuffPost (US),2012,1,01-Jan,Essen,13,7.0,7.23,22.0
HuffPost (US),2012,1,01-Jan,Familie,55,7.0,8.0,24.0
HuffPost (US),2012,1,01-Jan,Gesellschaft,27,8.0,8.26,23.0
HuffPost (US),2012,1,01-Jan,Gesundheit,51,8.0,8.22,25.0
HuffPost (US),2012,1,01-Jan,Kunst,3,14.0,11.67,21.0
HuffPost (US),2012,1,01-Jan,Reisen,37,8.0,8.51,23.0
HuffPost (US),2012,1,01-Jan,Sonstiges,10,7.5,7.5,23.5
HuffPost (US),2012,1,01-Jan,Sport,9,10.0,11.22,20.0
HuffPost (US),2012,1,01-Jan,Style & Beauty,67,10.0,9.84,21.0
HuffPost (US),2012,1,01-Jan,Umwelt,15,8.0,8.27,20.0
HuffPost (US),2012,1,01-Jan,Wirtschaft,12,8.0,8.17,22.0
HuffPost (US),2012,1,01-Jan,Wohnen,16,7.5,7.75,22.0
HuffPost (US),2012,2,02-Feb,Entertainment,103,10.0,10.4,21.0
HuffPost (US),2012,2,02-Feb,Essen,124,6.0,6.4,23.5
HuffPost (US),2012,2,02-Feb,Familie,495,8.0,8.15,23.0
HuffPost (US),2012,2,02-Feb,Gesellschaft,111,9.0,9.39,22.0
HuffPost (US),2012,2,02-Feb,Gesundheit,562,8.0,8.27,25.0
HuffPost (US),2012,2,02-Feb,Kriminalität,15,10.0,10.4,21.0
HuffPost (US),2012,2,02-Feb,Kunst,25,8.0,8.92,22.0
HuffPost (US),2012,2,02-Feb,Reisen,239,8.0,8.04,23.0
HuffPost (US),2012,2,02-Feb,Sonstiges,39,10.0,10.62,21.0
HuffPost (US),2012,2,02-Feb,Sport,9,11.0,10.89,23.0
HuffPost (US),2012,2,02-Feb,Style & Beauty,643,10.0,10.01,21.0
HuffPost (US),2012,2,02-Feb,Umwelt,66,9.0,9.2,21.0
HuffPost (US),2012,2,02-Feb,Wirtschaft,74,9.0,8.85,22.0
HuffPost (US),2012,2,02-Feb,Wohnen,188,7.0,7.69,22.0
HuffPost (US),2012,3,03-Mar,Entertainment,80,10.0,10.56,21.0
HuffPost (US),2012,3,03-Mar,Essen,123,6.0,6.8,22.0
HuffPost (US),2012,3,03-Mar,Familie,485,8.0,8.25,26.0
HuffPost (US),2012,3,03-Mar,Gesellschaft,85,10.0,10.51,23.0
HuffPost (US),2012,3,03-Mar,Gesundheit,592,8.0,8.27,25.0
HuffPost (US),2012,3,03-Mar,Kriminalität,14,11.0,10.86,24.0
HuffPost (US),2012,3,03-Mar,Kunst,21,10.0,9.86,21.0
HuffPost (US),2012,3,03-Mar,Reisen,280,8.0,7.85,23.0
HuffPost (US),2012,3,03-Mar,Sonstiges,39,8.0,8.28,22.0
HuffPost (US),2012,3,03-Mar,Sport,32,10.0,9.94,20.0
HuffPost (US),2012,3,03-Mar,Style & Beauty,604,10.0,9.75,22.0
HuffPost (US),2012,3,03-Mar,Umwelt,86,9.0,8.93,21.0
HuffPost (US),2012,3,03-Mar,Wirtschaft,244,9.0,9.02,22.5
HuffPost (US),2012,3,03-Mar,Wohnen,195,7.0,7.81,22.0
HuffPost (US),2012,4,04-Apr,Entertainment,93,10.0,10.04,22.0
HuffPost (US),2012,4,04-Apr,Essen,114,7.0,6.63,23.0
HuffPost (US),2012,4,04-Apr,Familie,530,9.0,8.65,23.0
HuffPost (US),2012,4,04-Apr,Gesellschaft,109,10.0,10.2,23.0
HuffPost (US),2012,4,04-Apr,Gesundheit,601,8.0,7.91,27.0
HuffPost (US),2012,4,04-Apr,Kriminalität,8,12.5,12.0,21.5
HuffPost (US),2012,4,04-Apr,Kunst,25,10.0,9.6,21.0
HuffPost (US),2012,4,04-Apr,Reisen,262,8.0,8.18,23.0
HuffPost (US),2012,4,04-Apr,Sonstiges,32,9.5,9.91,22.0
HuffPost (US),2012,4,04-Apr,Sport,11,12.0,11.91,23.0
HuffPost (US),2012,4,04-Apr,Style & Beauty,557,10.0,10.06,22.0
HuffPost (US),2012,4,04-Apr,Umwelt,85,9.0,8.82,22.0
HuffPost (US),2012,4,04-Apr,Wirtschaft,209,9.0,9.1,22.0
HuffPost (US),2012,4,04-Apr,Wohnen,133,10.0,9.68,22.0
HuffPost (US),2012,5,05-May,Entertainment,94,10.0,10.12,22.0
HuffPost (US),2012,5,05-May,Essen,133,8.0,7.58,23.0
HuffPost (US),2012,5,05-May,Familie,591,9.0,8.7,23.0
HuffPost (US),2012,5,05-May,Gesellschaft,132,9.0,9.86,31.0
HuffPost (US),2012,5,05-May,Gesundheit,641,8.0,7.85,25.0
HuffPost (US),2012,5,05-May,Kriminalität,15,12.0,11.53,21.0
HuffPost (US),2012,5,05-May,Kunst,27,10.0,9.33,22.0
HuffPost (US),2012,5,05-May,Reisen,259,8.0,8.15,22.0
HuffPost (US),2012,5,05-May,Sonstiges,27,9.0,10.19,22.0
HuffPost (US),2012,5,05-May,Sport,24,12.0,11.62,22.0
HuffPost (US),2012,5,05-May,Style & Beauty,566,11.0,11.13,22.0
HuffPost (US),2012,5,05-May,Umwelt,69,9.0,8.93,22.0
HuffPost (US),2012,5,05-May,Wirtschaft,213,9.0,9.62,22.0
HuffPost (US),2012,5,05-May,Wohnen,108,10.0,10.34,22.0
HuffPost (US),2012,6,06-Jun,Entertainment,95,10.0,10.31,22.0
HuffPost (US),2012,6,06-Jun,Essen,130,8.0,8.18,22.0
HuffPost (US),2012,6,06-Jun,Familie,565,8.0,8.62,23.0
HuffPost (US),2012,6,06-Jun,Gesellschaft,78,9.0,9.94,22.0
HuffPost (US),2012,6,06-Jun,Gesundheit,714,8.0,8.02,27.0
HuffPost (US),2012,6,06-Jun,Kriminalität,25,12.0,11.2,20.0
HuffPost (US),2012,6,06-Jun,Kunst,31,9.0,9.03,23.0
HuffPost (US),2012,6,06-Jun,Reisen,263,8.0,8.15,22.0
HuffPost (US),2012,6,06-Jun,Sonstiges,42,9.0,9.55,22.0
HuffPost (US),2012,6,06-Jun,Sport,14,11.5,11.43,21.5
HuffPost (US),2012,6,06-Jun,Style & Beauty,433,11.0,10.46,21.0
HuffPost (US),2012,6,06-Jun,Umwelt,66,10.0,8.98,21.0
HuffPost (US),2012,6,06-Jun,Wirtschaft,217,9.0,9.39,22.0
HuffPost (US),2012,6,06-Jun,Wohnen,119,9.0,9.95,22.0
HuffPost (US),2012,7,07-Jul,Entertainment,116,11.0,10.98,22.0
HuffPost (US),2012,7,07-Jul,Essen,139,7.0,7.29,23.0
HuffPost (US),2012,7,07-Jul,Familie,503,9.0,8.72,23.0
HuffPost (US),2012,7,07-Jul,Gesellschaft,102,11.0,10.62,23.0
HuffPost (US),2012,7,07-Jul,Gesundheit,693,8.0,7.95,28.0
HuffPost (US),2012,7,07-Jul,Kriminalität,18,10.5,10.78,21.5
HuffPost (US),2012,7,07-Jul,Kunst,33,8.0,8.48,21.0
HuffPost (US),2012,7,07-Jul,Reisen,358,8.0,7.92,24.5
HuffPost (US),2012,7,07-Jul,Sonstiges,46,10.0,9.76,21.0
HuffPost (US),2012,7,07-Jul,Sport,2,13.0,13.0,20.0
HuffPost (US),2012,7,07-Jul,Style & Beauty,433,11.0,10.62,21.0
HuffPost (US),2012,7,07-Jul,Umwelt,86,10.0,9.85,21.5
HuffPost (US),2012,7,07-Jul,Wirtschaft,207,9.0,9.26,22.0
HuffPost (US),2012,7,07-Jul,Wohnen,132,10.5,10.63,22.0
HuffPost (US),2012,8,08-Aug,Entertainment,85,11.0,11.35,21.0
HuffPost (US),2012,8,08-Aug,Essen,171,7.0,7.09,23.0
HuffPost (US),2012,8,08-Aug,Familie,559,9.0,8.79,23.0
HuffPost (US),2012,8,08-Aug,Gesellschaft,61,11.0,10.9,23.0
HuffPost (US),2012,8,08-Aug,Gesundheit,675,7.0,7.87,27.0
HuffPost (US),2012,8,08-Aug,Kriminalität,21,12.0,12.48,21.0
HuffPost (US),2012,8,08-Aug,Kunst,30,11.0,10.97,22.5
HuffPost (US),2012,8,08-Aug,Reisen,334,8.0,8.03,25.0
HuffPost (US),2012,8,08-Aug,Sonstiges,32,9.5,10.72,22.0
HuffPost (US),2012,8,08-Aug,Sport,5,12.0,11.8,22.0
HuffPost (US),2012,8,08-Aug,Style & Beauty,492,11.0,10.73,21.0
HuffPost (US),2012,8,08-Aug,Umwelt,53,10.0,9.85,21.0
HuffPost (US),2012,8,08-Aug,Wirtschaft,233,9.0,9.24,22.0
HuffPost (US),2012,8,08-Aug,Wohnen,110,12.0,11.6,22.0
HuffPost (US),2012,9,09-Sep,Entertainment,118,10.0,10.21,21.0
HuffPost (US),2012,9,09-Sep,Essen,224,7.0,7.57,23.0
HuffPost (US),2012,9,09-Sep,Familie,474,8.0,8.5,24.0
HuffPost (US),2012,9,09-Sep,Gesellschaft,88,11.0,10.75,22.0
HuffPost (US),2012,9,09-Sep,Gesundheit,648,7.0,8.0,27.0
HuffPost (US),2012,9,09-Sep,Kriminalität,21,10.0,9.86,20.0
HuffPost (US),2012,9,09-Sep,Kunst,36,11.0,10.78,22.0
HuffPost (US),2012,9,09-Sep,Reisen,293,7.0,7.7,23.0
HuffPost (US),2012,9,09-Sep,Sonstiges,44,10.0,10.27,22.0
HuffPost (US),2012,9,09-Sep,Sport,42,13.0,12.0,22.0
HuffPost (US),2012,9,09-Sep,Style & Beauty,400,12.0,11.66,21.0
HuffPost (US),2012,9,09-Sep,Umwelt,79,10.0,10.23,22.0
HuffPost (US),2012,9,09-Sep,Wirtschaft,191,9.0,9.25,22.0
HuffPost (US),2012,9,09-Sep,Wohnen,118,10.0,10.8,21.0
HuffPost (US),2012,10,10-Oct,Entertainment,125,10.0,10.1,22.0
HuffPost (US),2012,10,10-Oct,Essen,265,8.0,7.68,15.0
HuffPost (US),2012,10,10-Oct,Familie,524,9.0,8.42,23.0
HuffPost (US),2012,10,10-Oct,Gesellschaft,85,9.0,9.98,24.5
HuffPost (US),2012,10,10-Oct,Gesundheit,692,8.0,7.98,31.0
HuffPost (US),2012,10,10-Oct,Kriminalität,24,12.0,11.42,20.0
HuffPost (US),2012,10,10-Oct,Kunst,37,12.0,10.65,22.0
HuffPost (US),2012,10,10-Oct,Reisen,295,7.0,7.54,24.0
HuffPost (US),2012,10,10-Oct,Sonstiges,43,9.0,10.07,21.5
HuffPost (US),2012,10,10-Oct,Sport,49,12.0,11.82,22.0
HuffPost (US),2012,10,10-Oct,Style & Beauty,360,11.0,11.07,11.0
HuffPost (US),2012,10,10-Oct,Umwelt,58,10.0,9.55,22.0
HuffPost (US),2012,10,10-Oct,Wirtschaft,181,9.0,9.55,22.0
HuffPost (US),2012,10,10-Oct,Wohnen,166,10.0,10.32,12.0
HuffPost (US),2012,11,11-Nov,Entertainment,130,11.0,10.52,22.0
HuffPost (US),2012,11,11-Nov,Essen,203,7.0,7.52,12.0
HuffPost (US),2012,11,11-Nov,Familie,536,8.0,8.55,23.0
HuffPost (US),2012,11,11-Nov,Gesellschaft,98,9.0,8.99,28.5
HuffPost (US),2012,11,11-Nov,Gesundheit,618,8.0,8.14,31.0
HuffPost (US),2012,11,11-Nov,Kriminalität,11,11.0,11.64,20.0
HuffPost (US),2012,11,11-Nov,Kunst,38,9.5,10.0,22.0
HuffPost (US),2012,11,11-Nov,Reisen,311,7.0,7.7,24.0
HuffPost (US),2012,11,11-Nov,Sonstiges,41,10.0,10.05,21.0
HuffPost (US),2012,11,11-Nov,Sport,28,13.0,13.0,21.5
HuffPost (US),2012,11,11-Nov,Style & Beauty,323,11.0,10.86,9.0
HuffPost (US),2012,11,11-Nov,Umwelt,86,11.0,10.28,21.0
HuffPost (US),2012,11,11-Nov,Wirtschaft,179,10.0,9.82,22.0
HuffPost (US),2012,11,11-Nov,Wohnen,173,10.0,9.59,7.0
HuffPost (US),2012,12,12-Dec,Entertainment,111,10.0,10.04,22.0
HuffPost (US),2012,12,12-Dec,Essen,184,7.0,7.28,20.0
HuffPost (US),2012,12,12-Dec,Familie,559,8.0,8.48,24.0
HuffPost (US),2012,12,12-Dec,Gesellschaft,137,9.0,9.72,25.0
HuffPost (US),2012,12,12-Dec,Gesundheit,651,8.0,8.29,34.0
HuffPost (US),2012,12,12-Dec,Kriminalität,27,11.0,10.81,21.0
HuffPost (US),2012,12,12-Dec,Kunst,37,12.0,10.78,22.0
HuffPost (US),2012,12,12-Dec,Reisen,298,7.0,7.87,31.0
HuffPost (US),2012,12,12-Dec,Sonstiges,47,9.0,9.64,22.0
HuffPost (US),2012,12,12-Dec,Sport,46,12.0,11.33,22.0
HuffPost (US),2012,12,12-Dec,Style & Beauty,315,11.0,10.55,9.0
HuffPost (US),2012,12,12-Dec,Umwelt,80,11.0,10.34,21.0
HuffPost (US),2012,12,12-Dec,Wirtschaft,153,9.0,9.3,22.0
HuffPost (US),2012,12,12-Dec,Wohnen,162,10.0,10.27,8.0
HuffPost (US),2013,1,01-Jan,Entertainment,105,11.0,10.3,22.0
HuffPost (US),2013,1,01-Jan,Essen,276,8.0,7.82,15.0
HuffPost (US),2013,1,01-Jan,Familie,691,9.0,8.87,23.0
HuffPost (US),2013,1,01-Jan,Gesellschaft,138,10.0,9.8,30.0
HuffPost (US),2013,1,01-Jan,Gesundheit,712,7.0,7.86,30.0
HuffPost (US),2013,1,01-Jan,Kriminalität,22,12.0,10.41,21.0
HuffPost (US),2013,1,01-Jan,Kunst,40,11.0,10.7,22.0
HuffPost (US),2013,1,01-Jan,Reisen,288,8.0,8.09,25.0
HuffPost (US),2013,1,01-Jan,Sonstiges,39,10.0,10.51,22.0
HuffPost (US),2013,1,01-Jan,Sport,39,12.0,11.51,21.0
HuffPost (US),2013,1,01-Jan,Style & Beauty,263,11.0,10.59,19.0
HuffPost (US),2013,1,01-Jan,Umwelt,75,10.0,10.4,21.0
HuffPost (US),2013,1,01-Jan,Wirtschaft,81,10.0,9.98,21.0
HuffPost (US),2013,1,01-Jan,Wohnen,179,11.0,10.71,7.0
HuffPost (US),2013,2,02-Feb,Entertainment,109,10.0,10.23,23.0
HuffPost (US),2013,2,02-Feb,Essen,306,7.0,7.51,15.0
HuffPost (US),2013,2,02-Feb,Familie,556,8.5,8.59,23.0
HuffPost (US),2013,2,02-Feb,Gesellschaft,100,11.0,10.37,22.0
HuffPost (US),2013,2,02-Feb,Gesundheit,610,8.0,7.78,32.0
HuffPost (US),2013,2,02-Feb,Kriminalität,15,13.0,12.13,21.0
HuffPost (US),2013,2,02-Feb,Kunst,41,13.0,11.15,23.0
HuffPost (US),2013,2,02-Feb,Reisen,236,8.0,8.39,22.0
HuffPost (US),2013,2,02-Feb,Sonstiges,35,9.0,9.31,22.0
HuffPost (US),2013,2,02-Feb,Sport,34,12.0,12.03,21.0
HuffPost (US),2013,2,02-Feb,Style & Beauty,315,11.0,10.91,21.0
HuffPost (US),2013,2,02-Feb,Umwelt,71,10.0,9.76,22.0
HuffPost (US),2013,2,02-Feb,Wirtschaft,100,9.0,9.58,21.0
HuffPost (US),2013,2,02-Feb,Wohnen,157,11.0,11.07,9.0
HuffPost (US),2013,3,03-Mar,Entertainment,144,10.0,9.83,22.0
HuffPost (US),2013,3,03-Mar,Essen,322,7.0,7.47,16.0
HuffPost (US),2013,3,03-Mar,Familie,667,9.0,8.81,23.0
HuffPost (US),2013,3,03-Mar,Gesellschaft,113,10.0,10.02,25.0
HuffPost (US),2013,3,03-Mar,Gesundheit,679,8.0,8.17,32.0
HuffPost (US),2013,3,03-Mar,Kriminalität,11,12.0,11.73,21.0
HuffPost (US),2013,3,03-Mar,Kunst,68,12.0,11.0,21.0
HuffPost (US),2013,3,03-Mar,Reisen,284,8.0,8.4,23.0
HuffPost (US),2013,3,03-Mar,Sonstiges,29,11.0,10.55,22.0
HuffPost (US),2013,3,03-Mar,Sport,28,11.5,11.0,22.0
HuffPost (US),2013,3,03-Mar,Style & Beauty,259,11.0,10.52,21.0
HuffPost (US),2013,3,03-Mar,Umwelt,84,10.5,10.14,21.0
HuffPost (US),2013,3,03-Mar,Wirtschaft,73,10.0,9.99,21.0
HuffPost (US),2013,3,03-Mar,Wohnen,161,12.0,11.68,12.0
HuffPost (US),2013,4,04-Apr,Entertainment,89,10.0,9.65,22.0
HuffPost (US),2013,4,04-Apr,Essen,278,7.0,7.63,16.0
HuffPost (US),2013,4,04-Apr,Familie,740,9.0,9.16,23.0
HuffPost (US),2013,4,04-Apr,Gesellschaft,71,10.0,9.58,22.0
HuffPost (US),2013,4,04-Apr,Gesundheit,703,8.0,8.16,31.0
HuffPost (US),2013,4,04-Apr,Kriminalität,23,10.0,8.65,23.0
HuffPost (US),2013,4,04-Apr,Kunst,63,8.0,8.62,21.0
HuffPost (US),2013,4,04-Apr,Reisen,255,7.0,7.8,31.0
HuffPost (US),2013,4,04-Apr,Sonstiges,21,11.0,9.86,23.0
HuffPost (US),2013,4,04-Apr,Sport,1,10.0,10.0,25.0
HuffPost (US),2013,4,04-Apr,Style & Beauty,317,10.0,10.33,22.0
HuffPost (US),2013,4,04-Apr,Umwelt,75,11.0,10.57,21.0
HuffPost (US),2013,4,04-Apr,Wirtschaft,71,10.0,10.11,20.0
HuffPost (US),2013,4,04-Apr,Wohnen,188,11.0,11.27,15.0
HuffPost (US),2013,5,05-May,Entertainment,138,10.0,10.07,21.0
HuffPost (US),2013,5,05-May,Essen,284,7.0,7.79,12.0
HuffPost (US),2013,5,05-May,Familie,783,9.0,9.25,23.0
HuffPost (US),2013,5,05-May,Gesellschaft,106,10.0,9.79,23.0
HuffPost (US),2013,5,05-May,Gesundheit,633,8.0,7.92,30.0
HuffPost (US),2013,5,05-May,Kriminalität,19,10.0,10.05,20.0
HuffPost (US),2013,5,05-May,Kunst,68,9.0,8.78,21.0
HuffPost (US),2013,5,05-May,Reisen,250,8.0,7.95,24.0
HuffPost (US),2013,5,05-May,Sonstiges,27,9.0,9.67,22.0
HuffPost (US),2013,5,05-May,Sport,5,11.0,10.8,21.0
HuffPost (US),2013,5,05-May,Style & Beauty,273,11.0,10.15,21.0
HuffPost (US),2013,5,05-May,Umwelt,82,10.0,10.17,21.0
HuffPost (US),2013,5,05-May,Wirtschaft,78,10.0,9.87,21.0
HuffPost (US),2013,5,05-May,Wohnen,203,11.0,10.67,17.0
HuffPost (US),2013,6,06-Jun,Entertainment,135,11.0,10.78,22.0
HuffPost (US),2013,6,06-Jun,Essen,246,7.0,7.8,12.0
HuffPost (US),2013,6,06-Jun,Familie,678,9.0,9.06,23.0
HuffPost (US),2013,6,06-Jun,Gesellschaft,144,10.0,9.83,23.0
HuffPost (US),2013,6,06-Jun,Gesundheit,603,8.0,8.09,25.0
HuffPost (US),2013,6,06-Jun,Kriminalität,12,13.0,12.25,21.0
HuffPost (US),2013,6,06-Jun,Kunst,35,11.0,10.03,22.0
HuffPost (US),2013,6,06-Jun,Reisen,275,7.0,8.12,25.0
HuffPost (US),2013,6,06-Jun,Sonstiges,24,8.0,8.29,21.0
HuffPost (US),2013,6,06-Jun,Sport,7,12.0,12.14,21.0
HuffPost (US),2013,6,06-Jun,Style & Beauty,258,10.0,9.84,21.0
HuffPost (US),2013,6,06-Jun,Umwelt,119,11.0,10.68,21.0
HuffPost (US),2013,6,06-Jun,Wirtschaft,64,9.0,9.28,22.0
HuffPost (US),2013,6,06-Jun,Wohnen,196,11.0,10.23,19.0
HuffPost (US),2013,7,07-Jul,Entertainment,136,11.0,11.16,22.0
HuffPost (US),2013,7,07-Jul,Essen,297,7.0,7.66,13.0
HuffPost (US),2013,7,07-Jul,Familie,673,9.0,9.22,23.0
HuffPost (US),2013,7,07-Jul,Gesellschaft,130,10.0,9.99,23.0
HuffPost (US),2013,7,07-Jul,Gesundheit,641,8.0,8.06,25.0
HuffPost (US),2013,7,07-Jul,Kriminalität,28,11.0,10.5,22.0
HuffPost (US),2013,7,07-Jul,Kunst,46,7.0,8.13,21.0
HuffPost (US),2013,7,07-Jul,Reisen,285,8.0,8.37,27.5
HuffPost (US),2013,7,07-Jul,Sonstiges,23,8.0,8.87,25.0
HuffPost (US),2013,7,07-Jul,Sport,7,9.0,9.57,22.0
HuffPost (US),2013,7,07-Jul,Style & Beauty,267,10.0,9.97,22.0
HuffPost (US),2013,7,07-Jul,Umwelt,86,11.0,10.63,21.0
HuffPost (US),2013,7,07-Jul,Wirtschaft,80,10.0,9.86,22.0
HuffPost (US),2013,7,07-Jul,Wohnen,240,12.0,11.06,19.0
HuffPost (US),2013,8,08-Aug,Entertainment,100,11.0,11.29,21.0
HuffPost (US),2013,8,08-Aug,Essen,318,8.0,8.05,12.0
HuffPost (US),2013,8,08-Aug,Familie,679,9.0,9.26,23.0
HuffPost (US),2013,8,08-Aug,Gesellschaft,103,10.0,10.15,23.0
HuffPost (US),2013,8,08-Aug,Gesundheit,595,8.0,8.16,24.0
HuffPost (US),2013,8,08-Aug,Kriminalität,11,10.0,11.27,21.0
HuffPost (US),2013,8,08-Aug,Kunst,36,9.0,9.14,23.5
HuffPost (US),2013,8,08-Aug,Reisen,328,8.0,8.15,26.0
HuffPost (US),2013,8,08-Aug,Sonstiges,17,7.0,9.0,21.0
HuffPost (US),2013,8,08-Aug,Sport,33,12.0,11.27,22.0
HuffPost (US),2013,8,08-Aug,Style & Beauty,264,10.0,10.2,22.0
HuffPost (US),2013,8,08-Aug,Umwelt,86,10.0,9.51,21.0
HuffPost (US),2013,8,08-Aug,Wirtschaft,52,9.0,9.19,21.0
HuffPost (US),2013,8,08-Aug,Wohnen,285,11.0,11.06,20.0
HuffPost (US),2013,9,09-Sep,Entertainment,107,11.0,11.02,22.0
HuffPost (US),2013,9,09-Sep,Essen,259,8.0,8.27,12.0
HuffPost (US),2013,9,09-Sep,Familie,579,9.0,9.14,24.0
HuffPost (US),2013,9,09-Sep,Gesellschaft,110,10.0,9.92,23.0
HuffPost (US),2013,9,09-Sep,Gesundheit,674,8.0,8.51,24.0
HuffPost (US),2013,9,09-Sep,Kriminalität,14,12.0,11.5,21.0
HuffPost (US),2013,9,09-Sep,Kunst,38,8.0,8.47,22.0
HuffPost (US),2013,9,09-Sep,Reisen,257,8.0,7.86,30.0
HuffPost (US),2013,9,09-Sep,Sonstiges,28,11.0,10.71,22.0
HuffPost (US),2013,9,09-Sep,Sport,29,13.0,12.38,22.0
HuffPost (US),2013,9,09-Sep,Style & Beauty,365,11.0,10.53,22.0
HuffPost (US),2013,9,09-Sep,Umwelt,88,10.0,9.74,21.0
HuffPost (US),2013,9,09-Sep,Wirtschaft,65,9.0,9.46,21.0
HuffPost (US),2013,9,09-Sep,Wohnen,218,11.0,10.72,21.0
HuffPost (US),2013,10,10-Oct,Entertainment,92,11.0,11.07,21.5
HuffPost (US),2013,10,10-Oct,Essen,320,8.0,8.63,14.0
HuffPost (US),2013,10,10-Oct,Familie,616,9.0,9.07,25.0
HuffPost (US),2013,10,10-Oct,Gesellschaft,111,9.0,9.32,26.0
HuffPost (US),2013,10,10-Oct,Gesundheit,726,8.0,8.08,26.0
HuffPost (US),2013,10,10-Oct,Kriminalität,12,12.0,12.83,21.0
HuffPost (US),2013,10,10-Oct,Kunst,32,8.0,8.25,23.0
HuffPost (US),2013,10,10-Oct,Reisen,337,8.0,8.19,31.0
HuffPost (US),2013,10,10-Oct,Sonstiges,24,9.0,8.96,21.0
HuffPost (US),2013,10,10-Oct,Sport,41,13.0,12.39,21.0
HuffPost (US),2013,10,10-Oct,Style & Beauty,313,10.0,10.35,21.0
HuffPost (US),2013,10,10-Oct,Umwelt,70,10.0,9.51,21.0
HuffPost (US),2013,10,10-Oct,Wirtschaft,43,9.0,8.63,22.0
HuffPost (US),2013,10,10-Oct,Wohnen,216,10.0,9.65,21.0
HuffPost (US),2013,11,11-Nov,Entertainment,163,10.0,10.01,22.0
HuffPost (US),2013,11,11-Nov,Essen,273,8.0,8.07,19.0
HuffPost (US),2013,11,11-Nov,Familie,513,9.0,8.98,25.0
HuffPost (US),2013,11,11-Nov,Gesellschaft,144,9.0,9.9,23.0
HuffPost (US),2013,11,11-Nov,Gesundheit,707,8.0,8.25,26.0
HuffPost (US),2013,11,11-Nov,Kriminalität,29,11.0,10.55,21.0
HuffPost (US),2013,11,11-Nov,Kunst,54,9.0,8.33,21.0
HuffPost (US),2013,11,11-Nov,Reisen,272,8.0,8.0,24.0
HuffPost (US),2013,11,11-Nov,Sonstiges,33,9.0,8.91,21.0
HuffPost (US),2013,11,11-Nov,Sport,21,11.0,11.52,21.0
HuffPost (US),2013,11,11-Nov,Style & Beauty,294,10.0,10.25,21.0
HuffPost (US),2013,11,11-Nov,Umwelt,95,10.0,9.91,21.0
HuffPost (US),2013,11,11-Nov,Wirtschaft,110,9.0,8.74,25.0
HuffPost (US),2013,11,11-Nov,Wohnen,138,9.0,9.58,22.0
HuffPost (US),2013,12,12-Dec,Entertainment,184,10.0,9.66,22.0
HuffPost (US),2013,12,12-Dec,Essen,241,8.0,8.23,17.0
HuffPost (US),2013,12,12-Dec,Familie,552,9.0,9.09,25.0
HuffPost (US),2013,12,12-Dec,Gesellschaft,125,9.0,9.52,26.0
HuffPost (US),2013,12,12-Dec,Gesundheit,746,8.0,8.46,24.0
HuffPost (US),2013,12,12-Dec,Kriminalität,40,11.0,10.4,21.0
HuffPost (US),2013,12,12-Dec,Kunst,37,8.0,8.35,22.0
HuffPost (US),2013,12,12-Dec,Reisen,317,8.0,8.15,24.0
HuffPost (US),2013,12,12-Dec,Sonstiges,33,9.0,8.58,23.0
HuffPost (US),2013,12,12-Dec,Sport,24,11.0,11.12,21.0
HuffPost (US),2013,12,12-Dec,Style & Beauty,294,10.0,10.23,22.0
HuffPost (US),2013,12,12-Dec,Umwelt,84,10.0,9.83,21.0
HuffPost (US),2013,12,12-Dec,Wirtschaft,110,8.0,8.46,31.0
HuffPost (US),2013,12,12-Dec,Wohnen,125,10.0,9.86,23.0
HuffPost (US),2014,1,01-Jan,Entertainment,97,10.0,10.19,21.0
HuffPost (US),2014,1,01-Jan,Essen,272,8.0,8.34,16.0
HuffPost (US),2014,1,01-Jan,Familie,587,9.0,9.28,24.0
HuffPost (US),2014,1,01-Jan,Gesellschaft,121,9.0,9.64,23.0
HuffPost (US),2014,1,01-Jan,Gesundheit,774,8.0,8.52,24.0
HuffPost (US),2014,1,01-Jan,Kriminalität,21,12.0,11.24,21.0
HuffPost (US),2014,1,01-Jan,Kunst,30,9.0,8.93,22.0
HuffPost (US),2014,1,01-Jan,Reisen,357,8.0,8.16,25.0
HuffPost (US),2014,1,01-Jan,Sonstiges,23,9.0,9.43,23.0
HuffPost (US),2014,1,01-Jan,Sport,43,13.0,11.88,22.0
HuffPost (US),2014,1,01-Jan,Style & Beauty,283,11.0,10.52,22.0
HuffPost (US),2014,1,01-Jan,Umwelt,91,10.0,9.79,21.0
HuffPost (US),2014,1,01-Jan,Wirtschaft,118,8.0,8.6,27.0
HuffPost (US),2014,1,01-Jan,Wohnen,83,10.0,10.59,22.0
HuffPost (US),2014,2,02-Feb,Entertainment,98,10.0,10.19,22.0
HuffPost (US),2014,2,02-Feb,Essen,260,9.0,8.89,15.0
HuffPost (US),2014,2,02-Feb,Familie,570,9.0,8.98,25.5
HuffPost (US),2014,2,02-Feb,Gesellschaft,92,9.0,9.24,22.5
HuffPost (US),2014,2,02-Feb,Gesundheit,704,8.0,8.11,24.0
HuffPost (US),2014,2,02-Feb,Kriminalität,21,12.0,10.95,20.0
HuffPost (US),2014,2,02-Feb,Kunst,32,8.0,8.62,23.5
HuffPost (US),2014,2,02-Feb,Reisen,276,8.0,8.39,24.0
HuffPost (US),2014,2,02-Feb,Sonstiges,29,10.0,9.59,24.0
HuffPost (US),2014,2,02-Feb,Sport,44,11.5,11.57,22.0
HuffPost (US),2014,2,02-Feb,Style & Beauty,266,11.0,10.46,22.0
HuffPost (US),2014,2,02-Feb,Umwelt,90,10.0,10.38,21.0
HuffPost (US),2014,2,02-Feb,Wirtschaft,85,8.0,8.64,25.0
HuffPost (US),2014,2,02-Feb,Wohnen,73,9.0,9.27,22.0
HuffPost (US),2014,3,03-Mar,Entertainment,101,10.0,10.4,22.0
HuffPost (US),2014,3,03-Mar,Essen,278,8.0,8.62,16.0
HuffPost (US),2014,3,03-Mar,Familie,624,9.0,9.31,24.0
HuffPost (US),2014,3,03-Mar,Gesellschaft,96,9.0,9.49,23.0
HuffPost (US),2014,3,03-Mar,Gesundheit,748,8.0,8.2,25.0
HuffPost (US),2014,3,03-Mar,Kriminalität,23,9.0,9.7,22.0
HuffPost (US),2014,3,03-Mar,Kunst,49,8.0,8.59,25.0
HuffPost (US),2014,3,03-Mar,Reisen,308,8.0,8.53,24.0
HuffPost (US),2014,3,03-Mar,Sonstiges,15,7.0,8.27,20.0
HuffPost (US),2014,3,03-Mar,Sport,62,12.0,11.98,21.0
HuffPost (US),2014,3,03-Mar,Style & Beauty,272,10.0,9.89,22.0
HuffPost (US),2014,3,03-Mar,Umwelt,70,10.0,10.34,20.0
HuffPost (US),2014,3,03-Mar,Wirtschaft,99,9.0,8.73,27.0
HuffPost (US),2014,3,03-Mar,Wohnen,67,10.0,9.46,23.0
HuffPost (US),2014,4,04-Apr,Bildung,44,7.5,7.8,33.0
HuffPost (US),2014,4,04-Apr,Entertainment,110,9.0,9.52,25.0
HuffPost (US),2014,4,04-Apr,Essen,197,8.0,8.68,15.0
HuffPost (US),2014,4,04-Apr,Familie,411,9.0,9.36,24.0
HuffPost (US),2014,4,04-Apr,Gesellschaft,215,8.0,8.61,36.0
HuffPost (US),2014,4,04-Apr,Gesundheit,526,8.0,8.12,26.0
HuffPost (US),2014,4,04-Apr,Kriminalität,29,9.0,9.62,21.0
HuffPost (US),2014,4,04-Apr,Kunst,71,10.0,9.1,36.0
HuffPost (US),2014,4,04-Apr,Politik,133,9.0,8.68,38.5
HuffPost (US),2014,4,04-Apr,Reisen,228,8.0,8.24,25.0
HuffPost (US),2014,4,04-Apr,Religion,52,7.0,7.25,37.0
HuffPost (US),2014,4,04-Apr,Sonstiges,67,9.0,8.84,36.0
HuffPost (US),2014,4,04-Apr,Sport,64,10.5,10.41,21.0
HuffPost (US),2014,4,04-Apr,Style & Beauty,187,9.0,9.7,22.0
HuffPost (US),2014,4,04-Apr,Umwelt,83,9.0,8.99,28.0
HuffPost (US),2014,4,04-Apr,Welt,62,7.0,7.79,44.0
HuffPost (US),2014,4,04-Apr,Wirtschaft,113,8.0,8.1,34.0
HuffPost (US),2014,4,04-Apr,Wohnen,46,10.0,9.91,23.0
HuffPost (US),2014,5,05-May,Bildung,98,8.0,8.17,36.0
HuffPost (US),2014,5,05-May,Entertainment,178,9.0,8.51,34.0
HuffPost (US),2014,5,05-May,Essen,58,7.0,7.64,15.0
HuffPost (US),2014,5,05-May,Familie,153,8.0,8.62,39.0
HuffPost (US),2014,5,05-May,Gesellschaft,420,8.0,8.69,39.0
HuffPost (US),2014,5,05-May,Gesundheit,244,8.0,8.3,41.0
HuffPost (US),2014,5,05-May,Kriminalität,47,8.0,8.64,42.0
HuffPost (US),2014,5,05-May,Kunst,98,9.0,9.29,36.0
HuffPost (US),2014,5,05-May,Politik,346,8.0,8.47,38.0
HuffPost (US),2014,5,05-May,Reisen,122,8.0,8.35,37.0
HuffPost (US),2014,5,05-May,Religion,81,7.0,7.75,40.0
HuffPost (US),2014,5,05-May,Sonstiges,171,9.0,8.61,44.0
HuffPost (US),2014,5,05-May,Sport,74,8.0,8.58,36.0
HuffPost (US),2014,5,05-May,Style & Beauty,71,9.0,8.86,36.0
HuffPost (US),2014,5,05-May,Umwelt,154,8.0,8.16,36.0
HuffPost (US),2014,5,05-May,Welt,116,8.0,8.64,35.5
HuffPost (US),2014,5,05-May,Wirtschaft,138,8.0,8.16,32.0
HuffPost (US),2014,6,06-Jun,Bildung,61,7.0,8.21,38.0
HuffPost (US),2014,6,06-Jun,Entertainment,280,8.0,8.58,35.0
HuffPost (US),2014,6,06-Jun,Essen,61,8.0,8.46,18.0
HuffPost (US),2014,6,06-Jun,Familie,101,8.0,8.55,36.0
HuffPost (US),2014,6,06-Jun,Gesellschaft,437,8.0,8.86,39.0
HuffPost (US),2014,6,06-Jun,Gesundheit,235,7.0,7.93,42.0
HuffPost (US),2014,6,06-Jun,Kriminalität,46,9.0,9.24,46.5
HuffPost (US),2014,6,06-Jun,Kunst,77,9.0,8.53,39.0
HuffPost (US),2014,6,06-Jun,Politik,379,9.0,8.75,39.0
HuffPost (US),2014,6,06-Jun,Reisen,103,8.0,8.27,35.0
HuffPost (US),2014,6,06-Jun,Religion,87,8.0,8.24,35.0
HuffPost (US),2014,6,06-Jun,Sonstiges,152,9.0,8.95,45.0
HuffPost (US),2014,6,06-Jun,Sport,136,8.0,7.79,37.5
HuffPost (US),2014,6,06-Jun,Style & Beauty,60,8.0,8.42,32.0
HuffPost (US),2014,6,06-Jun,Umwelt,140,8.0,8.32,39.0
HuffPost (US),2014,6,06-Jun,Welt,109,9.0,8.7,36.0
HuffPost (US),2014,6,06-Jun,Wirtschaft,171,8.0,8.6,35.0
HuffPost (US),2014,7,07-Jul,Bildung,95,7.0,7.92,37.0
HuffPost (US),2014,7,07-Jul,Entertainment,338,9.0,8.8,34.5
HuffPost (US),2014,7,07-Jul,Essen,62,9.0,8.81,16.5
HuffPost (US),2014,7,07-Jul,Familie,89,9.0,8.91,36.0
HuffPost (US),2014,7,07-Jul,Gesellschaft,396,9.0,8.93,38.0
HuffPost (US),2014,7,07-Jul,Gesundheit,197,8.0,7.97,42.0
HuffPost (US),2014,7,07-Jul,Kriminalität,63,9.0,8.41,45.0
HuffPost (US),2014,7,07-Jul,Kunst,98,9.0,8.96,37.5
HuffPost (US),2014,7,07-Jul,Politik,411,9.0,8.85,39.0
HuffPost (US),2014,7,07-Jul,Reisen,88,7.0,7.48,35.0
HuffPost (US),2014,7,07-Jul,Religion,111,8.0,8.34,41.0
HuffPost (US),2014,7,07-Jul,Sonstiges,153,8.0,8.82,42.0
HuffPost (US),2014,7,07-Jul,Sport,121,8.0,8.07,36.5
HuffPost (US),2014,7,07-Jul,Style & Beauty,54,9.0,8.98,39.0
HuffPost (US),2014,7,07-Jul,Umwelt,155,9.0,8.54,36.0
HuffPost (US),2014,7,07-Jul,Welt,179,8.0,8.72,39.5
HuffPost (US),2014,7,07-Jul,Wirtschaft,153,9.0,8.9,34.0
HuffPost (US),2014,8,08-Aug,Bildung,87,8.0,8.37,36.0
HuffPost (US),2014,8,08-Aug,Entertainment,324,9.0,8.62,31.0
HuffPost (US),2014,8,08-Aug,Essen,47,7.0,8.17,14.0
HuffPost (US),2014,8,08-Aug,Familie,139,9.0,8.91,36.0
HuffPost (US),2014,8,08-Aug,Gesellschaft,434,9.0,8.73,41.0
HuffPost (US),2014,8,08-Aug,Gesundheit,215,8.0,8.2,42.0
HuffPost (US),2014,8,08-Aug,Kriminalität,55,9.0,9.02,36.5
HuffPost (US),2014,8,08-Aug,Kunst,103,8.0,8.26,39.0
HuffPost (US),2014,8,08-Aug,Politik,400,9.0,8.7,41.0
HuffPost (US),2014,8,08-Aug,Reisen,93,8.0,8.32,36.0
HuffPost (US),2014,8,08-Aug,Religion,85,8.0,7.69,44.0
HuffPost (US),2014,8,08-Aug,Sonstiges,163,8.0,8.77,42.0
HuffPost (US),2014,8,08-Aug,Sport,80,8.0,7.99,36.0
HuffPost (US),2014,8,08-Aug,Style & Beauty,75,9.0,8.93,36.5
HuffPost (US),2014,8,08-Aug,Umwelt,153,9.0,8.86,40.0
HuffPost (US),2014,8,08-Aug,Welt,153,9.0,9.08,40.0
HuffPost (US),2014,8,08-Aug,Wirtschaft,147,8.0,8.49,37.0
HuffPost (US),2014,9,09-Sep,Bildung,74,8.0,8.88,37.0
HuffPost (US),2014,9,09-Sep,Entertainment,333,9.0,8.71,35.5
HuffPost (US),2014,9,09-Sep,Essen,73,8.0,8.45,16.0
HuffPost (US),2014,9,09-Sep,Familie,112,9.0,8.68,38.0
HuffPost (US),2014,9,09-Sep,Gesellschaft,369,9.0,9.18,40.0
HuffPost (US),2014,9,09-Sep,Gesundheit,228,8.0,7.99,42.0
HuffPost (US),2014,9,09-Sep,Kriminalität,64,9.0,9.34,31.0
HuffPost (US),2014,9,09-Sep,Kunst,94,9.0,8.49,36.0
HuffPost (US),2014,9,09-Sep,Politik,361,9.0,8.91,41.5
HuffPost (US),2014,9,09-Sep,Reisen,61,9.0,8.8,34.0
HuffPost (US),2014,9,09-Sep,Religion,79,8.0,8.39,39.0
HuffPost (US),2014,9,09-Sep,Sonstiges,132,9.0,9.03,39.0
HuffPost (US),2014,9,09-Sep,Sport,102,8.0,8.55,39.0
HuffPost (US),2014,9,09-Sep,Style & Beauty,71,10.0,9.24,34.0
HuffPost (US),2014,9,09-Sep,Umwelt,164,9.0,9.15,40.0
HuffPost (US),2014,9,09-Sep,Welt,167,9.0,8.66,39.0
HuffPost (US),2014,9,09-Sep,Wirtschaft,136,8.0,8.41,38.0
HuffPost (US),2014,10,10-Oct,Bildung,78,8.5,8.21,38.0
HuffPost (US),2014,10,10-Oct,Entertainment,312,9.0,8.87,37.0
HuffPost (US),2014,10,10-Oct,Essen,66,7.0,7.42,15.0
HuffPost (US),2014,10,10-Oct,Familie,117,8.0,8.32,39.0
HuffPost (US),2014,10,10-Oct,Gesellschaft,427,9.0,8.94,40.0
HuffPost (US),2014,10,10-Oct,Gesundheit,281,8.0,8.14,40.0
HuffPost (US),2014,10,10-Oct,Kriminalität,55,9.0,9.0,38.0
HuffPost (US),2014,10,10-Oct,Kunst,98,9.0,8.98,36.0
HuffPost (US),2014,10,10-Oct,Politik,379,9.0,9.15,40.0
HuffPost (US),2014,10,10-Oct,Reisen,63,8.0,8.02,36.0
HuffPost (US),2014,10,10-Oct,Religion,90,8.0,8.36,38.0
HuffPost (US),2014,10,10-Oct,Sonstiges,162,9.0,9.26,44.5
HuffPost (US),2014,10,10-Oct,Sport,71,8.0,8.52,40.0
HuffPost (US),2014,10,10-Oct,Style & Beauty,54,8.0,8.33,39.0
HuffPost (US),2014,10,10-Oct,Umwelt,116,9.0,8.97,39.0
HuffPost (US),2014,10,10-Oct,Welt,148,9.0,8.74,39.5
HuffPost (US),2014,10,10-Oct,Wirtschaft,169,9.0,8.86,36.0
HuffPost (US),2014,11,11-Nov,Bildung,81,8.0,8.51,37.0
HuffPost (US),2014,11,11-Nov,Entertainment,302,9.0,9.02,40.0
HuffPost (US),2014,11,11-Nov,Essen,60,8.0,8.05,18.0
HuffPost (US),2014,11,11-Nov,Familie,99,8.0,8.57,42.0
HuffPost (US),2014,11,11-Nov,Gesellschaft,409,9.0,8.98,42.0
HuffPost (US),2014,11,11-Nov,Gesundheit,237,8.0,8.24,43.0
HuffPost (US),2014,11,11-Nov,Kriminalität,53,9.0,9.02,48.5
HuffPost (US),2014,11,11-Nov,Kunst,90,9.0,8.7,37.0
HuffPost (US),2014,11,11-Nov,Politik,459,9.0,8.42,40.0
HuffPost (US),2014,11,11-Nov,Reisen,79,8.0,8.3,36.0
HuffPost (US),2014,11,11-Nov,Religion,90,8.0,8.53,38.0
HuffPost (US),2014,11,11-Nov,Sonstiges,158,9.0,8.79,42.0
HuffPost (US),2014,11,11-Nov,Sport,56,9.0,8.59,39.5
HuffPost (US),2014,11,11-Nov,Style & Beauty,48,8.5,8.79,38.0
HuffPost (US),2014,11,11-Nov,Umwelt,101,9.0,8.94,41.0
HuffPost (US),2014,11,11-Nov,Welt,128,9.0,8.73,40.0
HuffPost (US),2014,11,11-Nov,Wirtschaft,160,8.0,8.36,37.0
HuffPost (US),2014,12,12-Dec,Bildung,85,8.0,8.61,37.0
HuffPost (US),2014,12,12-Dec,Entertainment,339,9.0,8.81,38.0
HuffPost (US),2014,12,12-Dec,Essen,70,8.0,7.63,17.0
HuffPost (US),2014,12,12-Dec,Familie,118,8.5,8.55,39.0
HuffPost (US),2014,12,12-Dec,Gesellschaft,469,9.0,9.1,40.0
HuffPost (US),2014,12,12-Dec,Gesundheit,279,8.0,8.24,42.0
HuffPost (US),2014,12,12-Dec,Kriminalität,71,9.0,9.0,45.0
HuffPost (US),2014,12,12-Dec,Kunst,90,9.0,8.74,37.0
HuffPost (US),2014,12,12-Dec,Politik,314,9.0,8.6,41.0
HuffPost (US),2014,12,12-Dec,Reisen,83,8.0,8.6,42.0
HuffPost (US),2014,12,12-Dec,Religion,114,8.0,8.14,37.5
HuffPost (US),2014,12,12-Dec,Sonstiges,146,9.0,9.17,45.0
HuffPost (US),2014,12,12-Dec,Sport,56,9.0,8.8,37.0
HuffPost (US),2014,12,12-Dec,Style & Beauty,64,9.0,9.42,38.5
HuffPost (US),2014,12,12-Dec,Umwelt,122,9.0,8.69,39.0
HuffPost (US),2014,12,12-Dec,Welt,142,8.0,8.51,39.0
HuffPost (US),2014,12,12-Dec,Wirtschaft,151,9.0,8.81,38.0
HuffPost (US),2015,1,01-Jan,Bildung,87,9.0,9.09,38.0
HuffPost (US),2015,1,01-Jan,Entertainment,345,9.0,8.94,38.5
HuffPost (US),2015,1,01-Jan,Essen,63,8.0,8.25,16.0
HuffPost (US),2015,1,01-Jan,Familie,75,9.0,8.57,38.5
HuffPost (US),2015,1,01-Jan,Gesellschaft,365,9.0,9.34,41.0
HuffPost (US),2015,1,01-Jan,Gesundheit,247,8.0,7.91,44.0
HuffPost (US),2015,1,01-Jan,Kriminalität,71,9.0,9.15,46.0
HuffPost (US),2015,1,01-Jan,Kunst,79,9.0,8.76,38.0
HuffPost (US),2015,1,01-Jan,Politik,368,9.0,8.58,41.0
HuffPost (US),2015,1,01-Jan,Reisen,56,8.0,7.93,36.0
HuffPost (US),2015,1,01-Jan,Religion,115,8.0,8.47,40.0
HuffPost (US),2015,1,01-Jan,Sonstiges,137,9.0,9.19,47.0
HuffPost (US),2015,1,01-Jan,Sport,82,9.0,8.73,35.5
HuffPost (US),2015,1,01-Jan,Style & Beauty,73,9.0,8.93,40.0
HuffPost (US),2015,1,01-Jan,Umwelt,109,8.0,8.95,38.5
HuffPost (US),2015,1,01-Jan,Welt,210,8.0,8.21,38.0
HuffPost (US),2015,1,01-Jan,Wirtschaft,182,9.0,8.95,38.0
HuffPost (US),2015,2,02-Feb,Bildung,91,7.0,8.15,40.0
HuffPost (US),2015,2,02-Feb,Entertainment,306,9.0,8.98,39.5
HuffPost (US),2015,2,02-Feb,Essen,50,9.0,8.84,18.0
HuffPost (US),2015,2,02-Feb,Familie,100,8.0,8.27,41.0
HuffPost (US),2015,2,02-Feb,Gesellschaft,412,9.0,9.03,40.0
HuffPost (US),2015,2,02-Feb,Gesundheit,228,8.0,8.24,38.0
HuffPost (US),2015,2,02-Feb,Kriminalität,46,8.5,8.72,32.0
HuffPost (US),2015,2,02-Feb,Kunst,94,9.0,9.23,37.0
HuffPost (US),2015,2,02-Feb,Politik,312,9.0,9.08,41.0
HuffPost (US),2015,2,02-Feb,Reisen,70,9.0,9.57,34.0
HuffPost (US),2015,2,02-Feb,Religion,105,8.0,8.05,37.0
HuffPost (US),2015,2,02-Feb,Sonstiges,117,9.0,9.5,49.0
HuffPost (US),2015,2,02-Feb,Sport,41,10.0,8.73,38.0
HuffPost (US),2015,2,02-Feb,Style & Beauty,69,9.0,8.78,30.5
HuffPost (US),2015,2,02-Feb,Umwelt,113,8.0,9.14,40.0
HuffPost (US),2015,2,02-Feb,Welt,151,9.0,8.53,42.0
HuffPost (US),2015,2,02-Feb,Wirtschaft,144,9.0,8.78,37.0
HuffPost (US),2015,3,03-Mar,Bildung,83,9.0,8.76,39.0
HuffPost (US),2015,3,03-Mar,Entertainment,311,9.0,8.56,39.0
HuffPost (US),2015,3,03-Mar,Essen,59,8.0,7.75,17.0
HuffPost (US),2015,3,03-Mar,Familie,114,9.0,8.71,35.5
HuffPost (US),2015,3,03-Mar,Gesellschaft,407,9.0,9.37,40.0
HuffPost (US),2015,3,03-Mar,Gesundheit,227,7.0,7.73,41.0
HuffPost (US),2015,3,03-Mar,Kriminalität,72,9.5,9.74,39.0
HuffPost (US),2015,3,03-Mar,Kunst,112,9.0,8.88,38.5
HuffPost (US),2015,3,03-Mar,Politik,379,9.0,9.02,41.0
HuffPost (US),2015,3,03-Mar,Reisen,104,9.0,9.17,32.0
HuffPost (US),2015,3,03-Mar,Religion,85,8.0,8.51,41.5
HuffPost (US),2015,3,03-Mar,Sonstiges,128,9.5,9.38,46.0
HuffPost (US),2015,3,03-Mar,Sport,64,9.0,9.64,13.0
HuffPost (US),2015,3,03-Mar,Style & Beauty,58,9.0,8.53,39.0
HuffPost (US),2015,3,03-Mar,Umwelt,118,8.5,8.69,40.0
HuffPost (US),2015,3,03-Mar,Welt,178,9.0,8.46,43.0
HuffPost (US),2015,3,03-Mar,Wirtschaft,173,8.0,8.33,36.0
HuffPost (US),2015,4,04-Apr,Bildung,101,9.0,9.02,39.5
HuffPost (US),2015,4,04-Apr,Entertainment,297,9.0,8.88,39.0
HuffPost (US),2015,4,04-Apr,Essen,62,8.0,8.58,16.5
HuffPost (US),2015,4,04-Apr,Familie,115,8.0,8.39,36.0
HuffPost (US),2015,4,04-Apr,Gesellschaft,402,9.0,8.93,42.0
HuffPost (US),2015,4,04-Apr,Gesundheit,189,8.0,8.13,41.0
HuffPost (US),2015,4,04-Apr,Kriminalität,60,9.0,9.07,49.0
HuffPost (US),2015,4,04-Apr,Kunst,106,9.0,9.27,38.0
HuffPost (US),2015,4,04-Apr,Politik,374,10.0,9.75,43.0
HuffPost (US),2015,4,04-Apr,Reisen,92,9.0,8.89,31.0
HuffPost (US),2015,4,04-Apr,Religion,86,7.0,7.28,39.0
HuffPost (US),2015,4,04-Apr,Sonstiges,125,9.0,8.73,40.0
HuffPost (US),2015,4,04-Apr,Sport,64,10.0,9.61,10.0
HuffPost (US),2015,4,04-Apr,Style & Beauty,50,9.0,9.38,38.5
HuffPost (US),2015,4,04-Apr,Umwelt,135,9.0,9.1,39.0
HuffPost (US),2015,4,04-Apr,Welt,138,9.0,9.08,41.0
HuffPost (US),2015,4,04-Apr,Wirtschaft,177,8.0,8.81,39.5
HuffPost (US),2015,5,05-May,Bildung,125,9.0,8.66,39.5
HuffPost (US),2015,5,05-May,Entertainment,284,10.0,9.49,41.0
HuffPost (US),2015,5,05-May,Essen,73,8.0,7.95,20.5
HuffPost (US),2015,5,05-May,Familie,134,8.0,8.25,41.5
HuffPost (US),2015,5,05-May,Gesellschaft,442,9.0,8.88,41.0
HuffPost (US),2015,5,05-May,Gesundheit,225,8.0,8.51,44.0
HuffPost (US),2015,5,05-May,Kriminalität,54,10.0,9.81,39.0
HuffPost (US),2015,5,05-May,Kunst,91,10.0,9.42,41.0
HuffPost (US),2015,5,05-May,Politik,373,9.0,9.15,41.0
HuffPost (US),2015,5,05-May,Reisen,96,8.5,9.09,33.0
HuffPost (US),2015,5,05-May,Religion,79,9.0,9.1,38.0
HuffPost (US),2015,5,05-May,Sonstiges,167,9.0,9.26,44.5
HuffPost (US),2015,5,05-May,Sport,73,9.0,8.45,27.5
HuffPost (US),2015,5,05-May,Style & Beauty,45,9.0,9.18,40.0
HuffPost (US),2015,5,05-May,Umwelt,101,9.0,8.84,38.5
HuffPost (US),2015,5,05-May,Welt,156,9.0,9.04,39.0
HuffPost (US),2015,5,05-May,Wirtschaft,193,9.0,9.44,39.0
HuffPost (US),2015,6,06-Jun,Bildung,98,8.0,8.06,38.0
HuffPost (US),2015,6,06-Jun,Entertainment,310,9.0,8.95,37.0
HuffPost (US),2015,6,06-Jun,Essen,65,8.0,8.28,18.0
HuffPost (US),2015,6,06-Jun,Familie,121,8.0,8.24,43.0
HuffPost (US),2015,6,06-Jun,Gesellschaft,416,9.0,9.02,39.0
HuffPost (US),2015,6,06-Jun,Gesundheit,205,8.0,8.4,42.0
HuffPost (US),2015,6,06-Jun,Kriminalität,66,9.0,9.36,37.0
HuffPost (US),2015,6,06-Jun,Kunst,75,9.0,8.68,37.0
HuffPost (US),2015,6,06-Jun,Politik,401,9.0,8.97,42.0
HuffPost (US),2015,6,06-Jun,Reisen,89,9.0,9.09,36.5
HuffPost (US),2015,6,06-Jun,Religion,112,9.0,8.34,39.5
HuffPost (US),2015,6,06-Jun,Sonstiges,136,9.0,9.4,39.0
HuffPost (US),2015,6,06-Jun,Sport,70,10.0,9.41,11.0
HuffPost (US),2015,6,06-Jun,Style & Beauty,54,9.0,8.44,38.0
HuffPost (US),2015,6,06-Jun,Umwelt,101,9.0,8.59,34.0
HuffPost (US),2015,6,06-Jun,Welt,165,9.0,9.07,39.0
HuffPost (US),2015,6,06-Jun,Wirtschaft,160,9.0,8.66,39.0
HuffPost (US),2015,7,07-Jul,Bildung,46,9.0,9.07,18.0
HuffPost (US),2015,7,07-Jul,Entertainment,621,11.0,10.38,19.0
HuffPost (US),2015,7,07-Jul,Essen,57,10.0,9.58,22.0
HuffPost (US),2015,7,07-Jul,Familie,62,10.0,9.9,22.0
HuffPost (US),2015,7,07-Jul,Gesellschaft,350,10.0,10.36,19.0
HuffPost (US),2015,7,07-Jul,Gesundheit,137,9.0,8.82,21.0
HuffPost (US),2015,7,07-Jul,Kriminalität,99,9.0,9.26,17.0
HuffPost (US),2015,7,07-Jul,Kunst,77,10.0,9.99,16.0
HuffPost (US),2015,7,07-Jul,Politik,454,10.0,9.66,16.0
HuffPost (US),2015,7,07-Jul,Reisen,41,10.0,9.83,27.0
HuffPost (US),2015,7,07-Jul,Religion,94,10.0,9.59,20.0
HuffPost (US),2015,7,07-Jul,Sonstiges,199,9.0,9.77,17.0
HuffPost (US),2015,7,07-Jul,Sport,138,11.0,10.52,9.0
HuffPost (US),2015,7,07-Jul,Style & Beauty,80,10.0,9.95,21.0
HuffPost (US),2015,7,07-Jul,Umwelt,65,9.0,9.18,18.0
HuffPost (US),2015,7,07-Jul,Welt,122,9.0,8.82,23.0
HuffPost (US),2015,7,07-Jul,Wirtschaft,91,8.0,8.67,23.0
HuffPost (US),2015,8,08-Aug,Bildung,51,11.0,10.8,16.0
HuffPost (US),2015,8,08-Aug,Entertainment,496,10.0,10.35,9.0
HuffPost (US),2015,8,08-Aug,Essen,29,10.0,9.24,8.0
HuffPost (US),2015,8,08-Aug,Familie,41,10.0,9.9,10.0
HuffPost (US),2015,8,08-Aug,Gesellschaft,400,10.0,10.23,16.0
HuffPost (US),2015,8,08-Aug,Gesundheit,96,9.0,9.3,9.0
HuffPost (US),2015,8,08-Aug,Kriminalität,167,10.0,9.72,12.0
HuffPost (US),2015,8,08-Aug,Kunst,38,10.5,10.08,11.0
HuffPost (US),2015,8,08-Aug,Politik,573,10.0,9.97,15.0
HuffPost (US),2015,8,08-Aug,Reisen,26,10.5,11.08,19.0
HuffPost (US),2015,8,08-Aug,Religion,65,10.0,10.29,13.0
HuffPost (US),2015,8,08-Aug,Sonstiges,250,9.0,9.58,10.0
HuffPost (US),2015,8,08-Aug,Sport,162,10.0,10.33,10.5
HuffPost (US),2015,8,08-Aug,Style & Beauty,42,10.0,10.33,6.0
HuffPost (US),2015,8,08-Aug,Umwelt,109,9.0,9.28,14.0
HuffPost (US),2015,8,08-Aug,Welt,103,9.0,9.21,12.0
HuffPost (US),2015,8,08-Aug,Wirtschaft,68,9.0,9.28,15.0
HuffPost (US),2015,9,09-Sep,Bildung,38,10.0,10.18,14.5
HuffPost (US),2015,9,09-Sep,Entertainment,471,10.0,10.53,8.0
HuffPost (US),2015,9,09-Sep,Essen,32,9.0,9.34,5.0
HuffPost (US),2015,9,09-Sep,Familie,40,10.0,9.9,8.5
HuffPost (US),2015,9,09-Sep,Gesellschaft,389,10.0,10.43,16.0
HuffPost (US),2015,9,09-Sep,Gesundheit,114,9.0,9.36,11.0
HuffPost (US),2015,9,09-Sep,Kriminalität,82,10.0,10.1,12.0
HuffPost (US),2015,9,09-Sep,Kunst,28,9.0,9.04,11.0
HuffPost (US),2015,9,09-Sep,Politik,649,10.0,10.27,13.0
HuffPost (US),2015,9,09-Sep,Reisen,11,11.0,8.73,19.5
HuffPost (US),2015,9,09-Sep,Religion,88,10.0,10.18,13.0
HuffPost (US),2015,9,09-Sep,Sonstiges,245,10.0,9.67,11.0
HuffPost (US),2015,9,09-Sep,Sport,153,10.0,10.19,11.0
HuffPost (US),2015,9,09-Sep,Style & Beauty,52,10.0,10.25,4.0
HuffPost (US),2015,9,09-Sep,Umwelt,78,9.5,9.49,15.0
HuffPost (US),2015,9,09-Sep,Welt,84,9.0,9.27,15.0
HuffPost (US),2015,9,09-Sep,Wirtschaft,105,9.0,9.02,14.0
HuffPost (US),2015,10,10-Oct,Bildung,40,10.0,10.28,14.0
HuffPost (US),2015,10,10-Oct,Entertainment,444,10.0,10.4,9.0
HuffPost (US),2015,10,10-Oct,Essen,43,9.0,8.6,8.0
HuffPost (US),2015,10,10-Oct,Familie,42,9.5,9.36,8.5
HuffPost (US),2015,10,10-Oct,Gesellschaft,406,10.0,10.04,15.0
HuffPost (US),2015,10,10-Oct,Gesundheit,125,9.0,8.76,13.0
HuffPost (US),2015,10,10-Oct,Kriminalität,62,9.0,9.29,14.0
HuffPost (US),2015,10,10-Oct,Kunst,41,9.0,9.24,13.0
HuffPost (US),2015,10,10-Oct,Politik,778,10.0,9.68,14.0
HuffPost (US),2015,10,10-Oct,Reisen,17,10.0,11.0,6.0
HuffPost (US),2015,10,10-Oct,Religion,50,10.0,10.36,12.0
HuffPost (US),2015,10,10-Oct,Sonstiges,270,9.0,9.55,11.0
HuffPost (US),2015,10,10-Oct,Sport,168,10.0,10.19,10.0
HuffPost (US),2015,10,10-Oct,Style & Beauty,52,10.0,9.85,6.5
HuffPost (US),2015,10,10-Oct,Umwelt,102,9.0,9.39,16.0
HuffPost (US),2015,10,10-Oct,Welt,90,9.0,9.11,19.0
HuffPost (US),2015,10,10-Oct,Wirtschaft,88,9.0,9.45,15.0
HuffPost (US),2015,11,11-Nov,Bildung,61,10.0,9.92,13.0
HuffPost (US),2015,11,11-Nov,Entertainment,476,10.0,10.47,7.0
HuffPost (US),2015,11,11-Nov,Essen,44,10.0,9.16,6.0
HuffPost (US),2015,11,11-Nov,Familie,41,12.0,11.44,8.5
HuffPost (US),2015,11,11-Nov,Gesellschaft,422,10.0,9.95,16.0
HuffPost (US),2015,11,11-Nov,Gesundheit,99,9.0,9.31,12.0
HuffPost (US),2015,11,11-Nov,Kriminalität,95,10.0,9.86,14.0
HuffPost (US),2015,11,11-Nov,Kunst,31,10.0,9.45,12.5
HuffPost (US),2015,11,11-Nov,Politik,568,10.0,9.91,14.0
HuffPost (US),2015,11,11-Nov,Reisen,27,11.0,10.44,7.0
HuffPost (US),2015,11,11-Nov,Religion,28,10.5,9.79,13.0
HuffPost (US),2015,11,11-Nov,Sonstiges,247,9.0,9.53,11.0
HuffPost (US),2015,11,11-Nov,Sport,163,10.0,10.04,10.0
HuffPost (US),2015,11,11-Nov,Style & Beauty,49,9.0,9.65,8.0
HuffPost (US),2015,11,11-Nov,Umwelt,97,9.0,9.54,17.5
HuffPost (US),2015,11,11-Nov,Welt,140,9.0,9.34,15.0
HuffPost (US),2015,11,11-Nov,Wirtschaft,75,10.0,9.73,15.0
HuffPost (US),2015,12,12-Dec,Bildung,23,10.0,9.39,16.0
HuffPost (US),2015,12,12-Dec,Entertainment,373,10.0,10.3,7.0
HuffPost (US),2015,12,12-Dec,Essen,48,9.0,9.27,7.0
HuffPost (US),2015,12,12-Dec,Familie,62,10.0,10.34,10.0
HuffPost (US),2015,12,12-Dec,Gesellschaft,384,10.0,10.25,15.0
HuffPost (US),2015,12,12-Dec,Gesundheit,102,9.0,9.43,11.0
HuffPost (US),2015,12,12-Dec,Kriminalität,123,10.0,9.85,14.0
HuffPost (US),2015,12,12-Dec,Kunst,53,9.0,9.02,11.0
HuffPost (US),2015,12,12-Dec,Politik,658,10.0,10.12,14.0
HuffPost (US),2015,12,12-Dec,Reisen,33,9.0,9.12,11.0
HuffPost (US),2015,12,12-Dec,Religion,41,10.0,9.1,16.0
HuffPost (US),2015,12,12-Dec,Sonstiges,289,10.0,9.96,10.0
HuffPost (US),2015,12,12-Dec,Sport,159,10.0,10.3,10.0
HuffPost (US),2015,12,12-Dec,Style & Beauty,54,10.0,10.07,5.0
HuffPost (US),2015,12,12-Dec,Umwelt,116,9.0,9.44,14.0
HuffPost (US),2015,12,12-Dec,Welt,106,10.0,9.67,17.0
HuffPost (US),2015,12,12-Dec,Wirtschaft,80,10.0,10.11,16.0
HuffPost (US),2016,1,01-Jan,Bildung,31,10.0,9.84,14.0
HuffPost (US),2016,1,01-Jan,Entertainment,406,11.0,10.42,7.0
HuffPost (US),2016,1,01-Jan,Essen,26,10.0,9.77,7.5
HuffPost (US),2016,1,01-Jan,Familie,57,11.0,10.28,7.0
HuffPost (US),2016,1,01-Jan,Gesellschaft,380,10.0,10.25,14.0
HuffPost (US),2016,1,01-Jan,Gesundheit,100,10.0,9.65,11.0
HuffPost (US),2016,1,01-Jan,Kriminalität,96,10.0,10.49,15.0
HuffPost (US),2016,1,01-Jan,Kunst,47,10.0,9.43,13.0
HuffPost (US),2016,1,01-Jan,Politik,744,10.0,10.33,14.0
HuffPost (US),2016,1,01-Jan,Reisen,27,10.0,9.89,19.0
HuffPost (US),2016,1,01-Jan,Religion,18,9.0,8.61,15.0
HuffPost (US),2016,1,01-Jan,Sonstiges,246,10.0,10.05,9.0
HuffPost (US),2016,1,01-Jan,Sport,163,10.0,10.31,10.0
HuffPost (US),2016,1,01-Jan,Style & Beauty,66,11.0,10.68,4.0
HuffPost (US),2016,1,01-Jan,Umwelt,117,10.0,10.11,16.0
HuffPost (US),2016,1,01-Jan,Welt,92,10.0,9.93,19.0
HuffPost (US),2016,1,01-Jan,Wirtschaft,106,10.0,9.77,13.0
HuffPost (US),2016,2,02-Feb,Bildung,19,10.0,9.68,15.0
HuffPost (US),2016,2,02-Feb,Entertainment,361,11.0,10.91,7.0
HuffPost (US),2016,2,02-Feb,Essen,31,11.0,10.87,6.0
HuffPost (US),2016,2,02-Feb,Familie,45,10.0,10.33,6.0
HuffPost (US),2016,2,02-Feb,Gesellschaft,316,11.0,10.59,16.0
HuffPost (US),2016,2,02-Feb,Gesundheit,87,9.0,9.16,8.0
HuffPost (US),2016,2,02-Feb,Kriminalität,69,10.0,10.39,13.0
HuffPost (US),2016,2,02-Feb,Kunst,35,10.0,10.26,12.0
HuffPost (US),2016,2,02-Feb,Politik,921,10.0,10.23,13.0
HuffPost (US),2016,2,02-Feb,Reisen,23,10.0,9.96,20.0
HuffPost (US),2016,2,02-Feb,Religion,15,11.0,9.6,15.0
HuffPost (US),2016,2,02-Feb,Sonstiges,216,10.0,10.42,9.0
HuffPost (US),2016,2,02-Feb,Sport,128,10.0,10.48,10.0
HuffPost (US),2016,2,02-Feb,Style & Beauty,64,11.0,11.11,5.0
HuffPost (US),2016,2,02-Feb,Umwelt,79,10.0,9.78,15.0
HuffPost (US),2016,2,02-Feb,Welt,96,10.0,9.89,15.0
HuffPost (US),2016,2,02-Feb,Wirtschaft,62,9.5,9.5,14.0
HuffPost (US),2016,3,03-Mar,Bildung,13,11.0,10.0,17.0
HuffPost (US),2016,3,03-Mar,Entertainment,381,11.0,11.03,7.0
HuffPost (US),2016,3,03-Mar,Essen,28,10.0,9.54,7.0
HuffPost (US),2016,3,03-Mar,Familie,47,10.0,10.04,9.0
HuffPost (US),2016,3,03-Mar,Gesellschaft,357,11.0,10.72,17.0
HuffPost (US),2016,3,03-Mar,Gesundheit,163,9.0,8.91,7.0
HuffPost (US),2016,3,03-Mar,Kriminalität,70,11.0,10.97,12.0
HuffPost (US),2016,3,03-Mar,Kunst,48,10.0,10.56,12.0
HuffPost (US),2016,3,03-Mar,Politik,843,10.0,10.08,14.0
HuffPost (US),2016,3,03-Mar,Reisen,35,10.0,11.46,13.0
HuffPost (US),2016,3,03-Mar,Religion,27,9.0,8.96,12.0
HuffPost (US),2016,3,03-Mar,Sonstiges,241,10.0,10.0,9.0
HuffPost (US),2016,3,03-Mar,Sport,98,10.0,10.58,11.0
HuffPost (US),2016,3,03-Mar,Style & Beauty,42,10.0,9.93,6.0
HuffPost (US),2016,3,03-Mar,Umwelt,83,10.0,10.11,12.0
HuffPost (US),2016,3,03-Mar,Welt,144,10.0,9.94,17.0
HuffPost (US),2016,3,03-Mar,Wirtschaft,81,9.0,9.23,13.0
HuffPost (US),2016,4,04-Apr,Bildung,36,10.0,9.97,16.0
HuffPost (US),2016,4,04-Apr,Entertainment,363,11.0,10.72,8.0
HuffPost (US),2016,4,04-Apr,Essen,22,10.5,10.23,11.0
HuffPost (US),2016,4,04-Apr,Familie,53,10.0,9.66,9.0
HuffPost (US),2016,4,04-Apr,Gesellschaft,343,10.0,10.57,17.0
HuffPost (US),2016,4,04-Apr,Gesundheit,100,9.0,9.36,12.0
HuffPost (US),2016,4,04-Apr,Kriminalität,67,10.0,10.01,14.0
HuffPost (US),2016,4,04-Apr,Kunst,44,10.0,10.14,16.0
HuffPost (US),2016,4,04-Apr,Politik,794,10.0,10.14,16.0
HuffPost (US),2016,4,04-Apr,Reisen,36,10.0,10.33,21.0
HuffPost (US),2016,4,04-Apr,Religion,21,9.0,8.48,19.0
HuffPost (US),2016,4,04-Apr,Sonstiges,245,10.0,10.36,10.0
HuffPost (US),2016,4,04-Apr,Sport,84,11.0,10.31,10.0
HuffPost (US),2016,4,04-Apr,Style & Beauty,39,11.0,10.49,7.0
HuffPost (US),2016,4,04-Apr,Umwelt,89,10.0,10.19,12.0
HuffPost (US),2016,4,04-Apr,Welt,131,10.0,9.73,17.0
HuffPost (US),2016,4,04-Apr,Wirtschaft,120,9.0,9.68,15.0
HuffPost (US),2016,5,05-May,Bildung,39,10.0,10.21,14.5
HuffPost (US),2016,5,05-May,Entertainment,319,11.0,11.14,7.0
HuffPost (US),2016,5,05-May,Essen,27,9.0,9.19,8.0
HuffPost (US),2016,5,05-May,Familie,53,10.0,9.57,10.0
HuffPost (US),2016,5,05-May,Gesellschaft,388,10.0,10.43,16.0
HuffPost (US),2016,5,05-May,Gesundheit,82,9.0,9.17,10.0
HuffPost (US),2016,5,05-May,Kriminalität,47,10.0,10.28,16.0
HuffPost (US),2016,5,05-May,Kunst,54,10.0,10.44,13.0
HuffPost (US),2016,5,05-May,Politik,827,10.0,10.04,16.0
HuffPost (US),2016,5,05-May,Reisen,48,10.0,10.4,21.0
HuffPost (US),2016,5,05-May,Religion,30,10.0,8.7,15.5
HuffPost (US),2016,5,05-May,Sonstiges,218,10.0,9.97,11.0
HuffPost (US),2016,5,05-May,Sport,132,10.0,10.28,10.0
HuffPost (US),2016,5,05-May,Style & Beauty,40,11.0,10.88,6.0
HuffPost (US),2016,5,05-May,Umwelt,82,10.0,10.22,13.0
HuffPost (US),2016,5,05-May,Welt,203,10.0,9.8,16.0
HuffPost (US),2016,5,05-May,Wirtschaft,103,10.0,9.59,14.0
HuffPost (US),2016,6,06-Jun,Bildung,33,10.0,10.91,17.0
HuffPost (US),2016,6,06-Jun,Entertainment,296,11.0,11.1,8.0
HuffPost (US),2016,6,06-Jun,Essen,44,11.0,10.23,7.0
HuffPost (US),2016,6,06-Jun,Familie,71,10.0,9.69,9.0
HuffPost (US),2016,6,06-Jun,Gesellschaft,447,11.0,10.43,16.0
HuffPost (US),2016,6,06-Jun,Gesundheit,68,10.0,10.01,10.0
HuffPost (US),2016,6,06-Jun,Kriminalität,77,10.0,10.91,15.5
HuffPost (US),2016,6,06-Jun,Kunst,58,10.0,10.64,13.0
HuffPost (US),2016,6,06-Jun,Politik,759,10.0,10.29,15.0
HuffPost (US),2016,6,06-Jun,Reisen,47,10.0,9.7,12.0
HuffPost (US),2016,6,06-Jun,Religion,43,9.0,8.67,17.0
HuffPost (US),2016,6,06-Jun,Sonstiges,197,10.0,10.23,10.0
HuffPost (US),2016,6,06-Jun,Sport,145,10.0,10.3,11.0
HuffPost (US),2016,6,06-Jun,Style & Beauty,39,11.0,10.92,6.0
HuffPost (US),2016,6,06-Jun,Umwelt,71,10.0,10.08,13.0
HuffPost (US),2016,6,06-Jun,Welt,200,10.0,9.82,15.0
HuffPost (US),2016,6,06-Jun,Wirtschaft,102,10.0,9.8,13.0
HuffPost (US),2016,7,07-Jul,Bildung,23,11.0,9.87,16.0
HuffPost (US),2016,7,07-Jul,Entertainment,353,11.0,11.6,8.0
HuffPost (US),2016,7,07-Jul,Essen,41,11.0,10.37,7.0
HuffPost (US),2016,7,07-Jul,Familie,49,10.0,9.96,10.0
HuffPost (US),2016,7,07-Jul,Gesellschaft,383,11.0,10.59,14.0
HuffPost (US),2016,7,07-Jul,Gesundheit,85,10.0,9.98,11.5
HuffPost (US),2016,7,07-Jul,Kriminalität,79,10.0,10.43,13.0
HuffPost (US),2016,7,07-Jul,Kunst,56,11.0,10.71,12.0
HuffPost (US),2016,7,07-Jul,Politik,807,10.0,10.43,13.0
HuffPost (US),2016,7,07-Jul,Reisen,39,9.0,9.28,8.0
HuffPost (US),2016,7,07-Jul,Religion,45,9.0,8.6,16.0
HuffPost (US),2016,7,07-Jul,Sonstiges,241,10.0,10.48,9.0
HuffPost (US),2016,7,07-Jul,Sport,95,10.0,10.51,10.0
HuffPost (US),2016,7,07-Jul,Style & Beauty,28,12.0,11.29,5.0
HuffPost (US),2016,7,07-Jul,Umwelt,54,10.0,10.31,12.0
HuffPost (US),2016,7,07-Jul,Welt,248,10.0,10.04,14.0
HuffPost (US),2016,7,07-Jul,Wirtschaft,80,9.0,9.19,11.0
HuffPost (US),2016,8,08-Aug,Bildung,21,8.0,8.19,14.5
HuffPost (US),2016,8,08-Aug,Entertainment,406,12.0,11.65,7.0
HuffPost (US),2016,8,08-Aug,Essen,51,11.0,10.53,7.0
HuffPost (US),2016,8,08-Aug,Familie,82,10.0,9.52,11.5
HuffPost (US),2016,8,08-Aug,Gesellschaft,402,11.0,10.62,13.0
HuffPost (US),2016,8,08-Aug,Gesundheit,119,10.0,9.32,12.0
HuffPost (US),2016,8,08-Aug,Kriminalität,50,10.0,9.86,13.0
HuffPost (US),2016,8,08-Aug,Kunst,67,11.0,10.72,13.0
HuffPost (US),2016,8,08-Aug,Politik,674,10.0,10.56,13.0
HuffPost (US),2016,8,08-Aug,Reisen,38,10.0,10.66,19.0
HuffPost (US),2016,8,08-Aug,Religion,60,8.0,8.25,14.0
HuffPost (US),2016,8,08-Aug,Sonstiges,130,11.0,10.61,9.0
HuffPost (US),2016,8,08-Aug,Sport,248,11.0,10.65,10.0
HuffPost (US),2016,8,08-Aug,Style & Beauty,34,11.0,10.82,7.0
HuffPost (US),2016,8,08-Aug,Umwelt,58,10.0,10.17,13.0
HuffPost (US),2016,8,08-Aug,Welt,251,10.0,10.04,15.0
HuffPost (US),2016,8,08-Aug,Wirtschaft,62,10.0,9.94,11.0
HuffPost (US),2016,9,09-Sep,Bildung,11,9.0,10.0,19.0
HuffPost (US),2016,9,09-Sep,Entertainment,380,11.0,11.36,8.0
HuffPost (US),2016,9,09-Sep,Essen,46,10.0,9.87,9.5
HuffPost (US),2016,9,09-Sep,Familie,58,10.0,9.6,14.0
HuffPost (US),2016,9,09-Sep,Gesellschaft,392,10.0,10.26,13.0
HuffPost (US),2016,9,09-Sep,Gesundheit,100,9.0,9.37,13.0
HuffPost (US),2016,9,09-Sep,Kriminalität,77,10.0,10.1,12.5
HuffPost (US),2016,9,09-Sep,Kunst,53,11.0,10.68,14.0
HuffPost (US),2016,9,09-Sep,Politik,820,11.0,10.57,13.0
HuffPost (US),2016,9,09-Sep,Reisen,42,10.0,9.74,17.5
HuffPost (US),2016,9,09-Sep,Religion,39,8.0,7.97,19.0
HuffPost (US),2016,9,09-Sep,Sonstiges,129,10.0,10.47,9.0
HuffPost (US),2016,9,09-Sep,Sport,75,10.0,9.76,12.0
HuffPost (US),2016,9,09-Sep,Style & Beauty,36,10.0,10.14,6.0
HuffPost (US),2016,9,09-Sep,Umwelt,70,10.0,10.1,12.0
HuffPost (US),2016,9,09-Sep,Welt,231,10.0,10.0,14.0
HuffPost (US),2016,9,09-Sep,Wirtschaft,56,10.0,9.93,15.0
HuffPost (US),2016,10,10-Oct,Bildung,16,8.0,8.69,19.0
HuffPost (US),2016,10,10-Oct,Entertainment,450,11.0,11.52,8.0
HuffPost (US),2016,10,10-Oct,Essen,24,10.5,10.04,7.0
HuffPost (US),2016,10,10-Oct,Familie,68,10.0,9.99,9.0
HuffPost (US),2016,10,10-Oct,Gesellschaft,335,11.0,10.62,13.0
HuffPost (US),2016,10,10-Oct,Gesundheit,88,10.0,10.08,11.0
HuffPost (US),2016,10,10-Oct,Kriminalität,45,10.0,10.22,13.0
HuffPost (US),2016,10,10-Oct,Kunst,75,11.0,10.92,12.0
HuffPost (US),2016,10,10-Oct,Politik,1007,11.0,10.87,12.0
HuffPost (US),2016,10,10-Oct,Reisen,36,10.5,10.22,8.5
HuffPost (US),2016,10,10-Oct,Religion,38,10.0,9.89,13.0
HuffPost (US),2016,10,10-Oct,Sonstiges,118,10.0,10.34,9.0
HuffPost (US),2016,10,10-Oct,Sport,69,12.0,11.36,9.5
HuffPost (US),2016,10,10-Oct,Style & Beauty,40,11.0,10.9,9.0
HuffPost (US),2016,10,10-Oct,Umwelt,64,10.0,9.97,13.0
HuffPost (US),2016,10,10-Oct,Welt,225,10.0,9.92,13.0
HuffPost (US),2016,10,10-Oct,Wirtschaft,59,10.0,9.63,14.0
HuffPost (US),2016,11,11-Nov,Bildung,14,8.0,8.43,20.0
HuffPost (US),2016,11,11-Nov,Entertainment,411,11.0,11.41,8.0
HuffPost (US),2016,11,11-Nov,Essen,24,10.5,10.33,8.0
HuffPost (US),2016,11,11-Nov,Familie,75,11.0,10.2,11.0
HuffPost (US),2016,11,11-Nov,Gesellschaft,324,10.0,10.03,12.0
HuffPost (US),2016,11,11-Nov,Gesundheit,106,9.0,9.57,12.0
HuffPost (US),2016,11,11-Nov,Kriminalität,70,10.0,10.01,14.0
HuffPost (US),2016,11,11-Nov,Kunst,67,11.0,10.97,11.0
HuffPost (US),2016,11,11-Nov,Politik,1017,11.0,10.52,13.0
HuffPost (US),2016,11,11-Nov,Reisen,25,11.0,11.12,19.0
HuffPost (US),2016,11,11-Nov,Religion,42,10.0,9.71,16.0
HuffPost (US),2016,11,11-Nov,Sonstiges,90,10.0,10.09,8.5
HuffPost (US),2016,11,11-Nov,Sport,43,10.0,10.63,7.0
HuffPost (US),2016,11,11-Nov,Style & Beauty,26,11.0,11.04,6.0
HuffPost (US),2016,11,11-Nov,Umwelt,54,10.0,10.22,14.0
HuffPost (US),2016,11,11-Nov,Welt,210,10.0,9.99,14.0
HuffPost (US),2016,11,11-Nov,Wirtschaft,52,9.5,9.27,14.0
HuffPost (US),2016,12,12-Dec,Bildung,24,9.5,10.08,19.5
HuffPost (US),2016,12,12-Dec,Entertainment,389,11.0,10.93,9.0
HuffPost (US),2016,12,12-Dec,Essen,45,10.0,9.51,9.0
HuffPost (US),2016,12,12-Dec,Familie,116,10.0,9.78,13.0
HuffPost (US),2016,12,12-Dec,Gesellschaft,354,10.0,10.2,15.0
HuffPost (US),2016,12,12-Dec,Gesundheit,143,9.0,9.08,15.5
HuffPost (US),2016,12,12-Dec,Kriminalität,55,10.0,10.29,14.0
HuffPost (US),2016,12,12-Dec,Kunst,79,11.0,10.37,13.0
HuffPost (US),2016,12,12-Dec,Politik,777,11.0,10.6,15.0
HuffPost (US),2016,12,12-Dec,Reisen,37,9.0,9.84,19.0
HuffPost (US),2016,12,12-Dec,Religion,46,10.0,9.74,18.0
HuffPost (US),2016,12,12-Dec,Sonstiges,129,10.0,10.3,8.0
HuffPost (US),2016,12,12-Dec,Sport,44,10.0,10.27,10.0
HuffPost (US),2016,12,12-Dec,Style & Beauty,27,10.0,9.81,8.0
HuffPost (US),2016,12,12-Dec,Umwelt,67,10.0,9.69,15.0
HuffPost (US),2016,12,12-Dec,Welt,266,10.0,10.05,14.0
HuffPost (US),2016,12,12-Dec,Wirtschaft,53,10.0,9.77,20.0
HuffPost (US),2017,1,01-Jan,Bildung,17,10.0,8.71,18.0
HuffPost (US),2017,1,01-Jan,Entertainment,466,11.0,11.11,9.0
HuffPost (US),2017,1,01-Jan,Essen,48,10.0,10.17,8.0
HuffPost (US),2017,1,01-Jan,Familie,102,10.0,9.96,9.0
HuffPost (US),2017,1,01-Jan,Gesellschaft,385,10.0,10.34,12.0
HuffPost (US),2017,1,01-Jan,Gesundheit,99,10.0,10.07,14.5
HuffPost (US),2017,1,01-Jan,Kriminalität,58,10.5,10.69,13.0
HuffPost (US),2017,1,01-Jan,Kunst,83,10.0,10.33,12.0
HuffPost (US),2017,1,01-Jan,Politik,1046,11.0,10.82,14.0
HuffPost (US),2017,1,01-Jan,Reisen,16,11.0,11.44,9.0
HuffPost (US),2017,1,01-Jan,Religion,45,11.0,10.56,14.0
HuffPost (US),2017,1,01-Jan,Sonstiges,70,10.0,10.36,10.0
HuffPost (US),2017,1,01-Jan,Sport,51,10.0,10.75,11.0
HuffPost (US),2017,1,01-Jan,Style & Beauty,47,11.0,11.0,7.0
HuffPost (US),2017,1,01-Jan,Umwelt,43,10.0,9.7,11.0
HuffPost (US),2017,1,01-Jan,Welt,223,10.0,10.24,15.0
HuffPost (US),2017,1,01-Jan,Wirtschaft,28,9.0,9.0,16.0
HuffPost (US),2017,2,02-Feb,Bildung,19,9.0,10.42,18.5
HuffPost (US),2017,2,02-Feb,Entertainment,470,11.0,11.03,8.0
HuffPost (US),2017,2,02-Feb,Essen,36,9.0,9.31,9.0
HuffPost (US),2017,2,02-Feb,Familie,100,11.0,10.62,10.0
HuffPost (US),2017,2,02-Feb,Gesellschaft,321,11.0,10.56,11.0
HuffPost (US),2017,2,02-Feb,Gesundheit,88,9.5,9.7,14.5
HuffPost (US),2017,2,02-Feb,Kriminalität,54,10.5,10.44,14.0
HuffPost (US),2017,2,02-Feb,Kunst,62,11.0,11.23,12.5
HuffPost (US),2017,2,02-Feb,Politik,922,11.0,10.54,14.0
HuffPost (US),2017,2,02-Feb,Reisen,14,11.0,11.0,7.5
HuffPost (US),2017,2,02-Feb,Religion,20,8.5,8.35,15.0
HuffPost (US),2017,2,02-Feb,Sonstiges,68,10.0,9.75,9.5
HuffPost (US),2017,2,02-Feb,Sport,54,11.0,11.56,11.0
HuffPost (US),2017,2,02-Feb,Style & Beauty,61,11.0,10.59,6.0
HuffPost (US),2017,2,02-Feb,Umwelt,40,10.0,9.95,12.0
HuffPost (US),2017,2,02-Feb,Welt,183,11.0,10.45,16.0
HuffPost (US),2017,2,02-Feb,Wirtschaft,37,9.0,8.97,15.0
HuffPost (US),2017,3,03-Mar,Bildung,13,8.0,9.08,19.0
HuffPost (US),2017,3,03-Mar,Entertainment,425,11.0,11.21,8.0
HuffPost (US),2017,3,03-Mar,Essen,52,10.0,10.17,7.0
HuffPost (US),2017,3,03-Mar,Familie,110,11.0,10.4,10.5
HuffPost (US),2017,3,03-Mar,Gesellschaft,375,11.0,10.92,13.0
HuffPost (US),2017,3,03-Mar,Gesundheit,114,10.0,9.61,12.5
HuffPost (US),2017,3,03-Mar,Kriminalität,47,10.0,10.15,14.0
HuffPost (US),2017,3,03-Mar,Kunst,83,11.0,10.47,15.0
HuffPost (US),2017,3,03-Mar,Politik,960,11.0,10.81,14.0
HuffPost (US),2017,3,03-Mar,Reisen,24,9.0,9.04,10.5
HuffPost (US),2017,3,03-Mar,Religion,14,9.0,8.14,17.0
HuffPost (US),2017,3,03-Mar,Sonstiges,76,10.0,10.79,9.0
HuffPost (US),2017,3,03-Mar,Sport,31,12.0,11.65,13.0
HuffPost (US),2017,3,03-Mar,Style & Beauty,34,11.0,10.5,6.0
HuffPost (US),2017,3,03-Mar,Umwelt,40,10.0,9.98,13.0
HuffPost (US),2017,3,03-Mar,Welt,210,10.0,10.29,14.0
HuffPost (US),2017,3,03-Mar,Wirtschaft,29,9.0,9.55,14.0
HuffPost (US),2017,4,04-Apr,Bildung,23,9.0,9.13,19.0
HuffPost (US),2017,4,04-Apr,Entertainment,337,11.0,11.25,10.0
HuffPost (US),2017,4,04-Apr,Essen,44,10.0,10.27,8.0
HuffPost (US),2017,4,04-Apr,Familie,103,10.0,10.24,12.0
HuffPost (US),2017,4,04-Apr,Gesellschaft,385,11.0,10.39,14.0
HuffPost (US),2017,4,04-Apr,Gesundheit,128,9.0,9.27,18.0
HuffPost (US),2017,4,04-Apr,Kriminalität,50,10.5,10.64,13.5
HuffPost (US),2017,4,04-Apr,Kunst,71,11.0,10.68,12.0
HuffPost (US),2017,4,04-Apr,Politik,873,10.0,10.38,14.0
HuffPost (US),2017,4,04-Apr,Reisen,43,9.0,9.09,18.0
HuffPost (US),2017,4,04-Apr,Religion,25,8.0,8.08,20.0
HuffPost (US),2017,4,04-Apr,Sonstiges,70,10.0,10.41,9.0
HuffPost (US),2017,4,04-Apr,Sport,38,11.0,10.5,12.0
HuffPost (US),2017,4,04-Apr,Style & Beauty,28,10.0,10.43,7.0
HuffPost (US),2017,4,04-Apr,Umwelt,58,11.0,10.5,16.5
HuffPost (US),2017,4,04-Apr,Welt,258,10.0,10.2,16.0
HuffPost (US),2017,4,04-Apr,Wirtschaft,42,9.0,9.55,16.0
HuffPost (US),2017,5,05-May,Bildung,40,10.0,9.32,20.0
HuffPost (US),2017,5,05-May,Entertainment,328,11.0,10.99,9.0
HuffPost (US),2017,5,05-May,Essen,35,10.0,10.37,9.0
HuffPost (US),2017,5,05-May,Familie,129,10.0,9.83,13.0
HuffPost (US),2017,5,05-May,Gesellschaft,415,11.0,10.27,14.0
HuffPost (US),2017,5,05-May,Gesundheit,164,9.0,9.05,18.0
HuffPost (US),2017,5,05-May,Kriminalität,32,11.0,11.31,13.0
HuffPost (US),2017,5,05-May,Kunst,68,11.0,11.12,12.0
HuffPost (US),2017,5,05-May,Politik,991,10.0,10.12,14.0
HuffPost (US),2017,5,05-May,Reisen,14,9.0,9.29,17.5
HuffPost (US),2017,5,05-May,Religion,24,9.0,8.88,19.0
HuffPost (US),2017,5,05-May,Sonstiges,53,11.0,10.66,10.0
HuffPost (US),2017,5,05-May,Sport,31,10.0,10.1,12.0
HuffPost (US),2017,5,05-May,Style & Beauty,32,10.5,10.81,6.0
HuffPost (US),2017,5,05-May,Umwelt,48,10.0,10.31,14.5
HuffPost (US),2017,5,05-May,Welt,267,10.0,9.86,17.0
HuffPost (US),2017,5,05-May,Wirtschaft,38,9.0,9.18,18.0
HuffPost (US),2017,6,06-Jun,Bildung,27,10.0,9.44,18.0
HuffPost (US),2017,6,06-Jun,Entertainment,250,11.0,10.96,11.0
HuffPost (US),2017,6,06-Jun,Essen,55,10.0,10.31,11.0
HuffPost (US),2017,6,06-Jun,Familie,103,10.0,10.14,13.0
HuffPost (US),2017,6,06-Jun,Gesellschaft,427,10.0,9.83,16.0
HuffPost (US),2017,6,06-Jun,Gesundheit,149,9.0,9.03,18.0
HuffPost (US),2017,6,06-Jun,Kriminalität,21,11.0,11.48,14.0
HuffPost (US),2017,6,06-Jun,Kunst,54,11.0,10.57,13.0
HuffPost (US),2017,6,06-Jun,Politik,956,10.0,10.11,16.0
HuffPost (US),2017,6,06-Jun,Reisen,16,10.5,10.0,16.0
HuffPost (US),2017,6,06-Jun,Religion,40,10.0,9.07,21.0
HuffPost (US),2017,6,06-Jun,Sonstiges,27,10.0,10.33,14.0
HuffPost (US),2017,6,06-Jun,Sport,21,10.0,10.43,10.0
HuffPost (US),2017,6,06-Jun,Style & Beauty,35,11.0,10.66,6.0
HuffPost (US),2017,6,06-Jun,Umwelt,61,10.0,9.82,17.0
HuffPost (US),2017,6,06-Jun,Welt,330,10.0,10.04,16.0
HuffPost (US),2017,6,06-Jun,Wirtschaft,47,9.0,9.06,18.0
HuffPost (US),2017,7,07-Jul,Bildung,30,10.0,10.03,19.0
HuffPost (US),2017,7,07-Jul,Entertainment,310,11.0,10.98,9.0
HuffPost (US),2017,7,07-Jul,Essen,57,10.0,10.0,10.0
HuffPost (US),2017,7,07-Jul,Familie,113,10.0,10.15,12.0
HuffPost (US),2017,7,07-Jul,Gesellschaft,357,10.0,10.27,14.0
HuffPost (US),2017,7,07-Jul,Gesundheit,160,9.0,9.17,17.0
HuffPost (US),2017,7,07-Jul,Kriminalität,22,11.5,11.36,13.0
HuffPost (US),2017,7,07-Jul,Kunst,11,10.0,10.55,13.0
HuffPost (US),2017,7,07-Jul,Politik,883,10.0,10.14,16.0
HuffPost (US),2017,7,07-Jul,Reisen,26,10.0,10.23,17.0
HuffPost (US),2017,7,07-Jul,Religion,27,9.0,9.3,20.0
HuffPost (US),2017,7,07-Jul,Sonstiges,40,11.0,10.58,11.5
HuffPost (US),2017,7,07-Jul,Sport,29,10.0,10.14,11.0
HuffPost (US),2017,7,07-Jul,Style & Beauty,35,11.0,10.91,8.0
HuffPost (US),2017,7,07-Jul,Umwelt,54,9.0,9.31,18.5
HuffPost (US),2017,7,07-Jul,Welt,278,10.0,10.27,17.0
HuffPost (US),2017,7,07-Jul,Wirtschaft,29,9.0,8.9,20.0
HuffPost (US),2017,8,08-Aug,Bildung,36,8.5,9.31,19.0
HuffPost (US),2017,8,08-Aug,Entertainment,332,11.0,11.04,10.0
HuffPost (US),2017,8,08-Aug,Essen,55,11.0,10.67,9.0
HuffPost (US),2017,8,08-Aug,Familie,139,10.0,9.76,13.0
HuffPost (US),2017,8,08-Aug,Gesellschaft,418,11.0,10.6,15.0
HuffPost (US),2017,8,08-Aug,Gesundheit,152,9.0,9.29,17.0
HuffPost (US),2017,8,08-Aug,Kriminalität,26,11.0,11.04,14.0
HuffPost (US),2017,8,08-Aug,Kunst,18,10.0,9.94,13.0
HuffPost (US),2017,8,08-Aug,Politik,912,10.0,9.84,17.0
HuffPost (US),2017,8,08-Aug,Reisen,26,9.0,9.38,18.5
HuffPost (US),2017,8,08-Aug,Religion,41,9.0,8.71,19.0
HuffPost (US),2017,8,08-Aug,Sonstiges,28,10.0,9.71,11.5
HuffPost (US),2017,8,08-Aug,Sport,31,11.0,10.81,14.0
HuffPost (US),2017,8,08-Aug,Style & Beauty,27,10.0,10.37,7.0
HuffPost (US),2017,8,08-Aug,Umwelt,71,10.0,9.97,16.0
HuffPost (US),2017,8,08-Aug,Welt,231,10.0,10.01,17.0
HuffPost (US),2017,8,08-Aug,Wirtschaft,43,10.0,9.91,19.0
HuffPost (US),2017,9,09-Sep,Bildung,31,10.0,9.35,19.0
HuffPost (US),2017,9,09-Sep,Entertainment,299,11.0,10.9,11.0
HuffPost (US),2017,9,09-Sep,Essen,44,10.0,10.2,12.0
HuffPost (US),2017,9,09-Sep,Familie,108,10.0,10.2,12.0
HuffPost (US),2017,9,09-Sep,Gesellschaft,387,11.0,10.41,15.0
HuffPost (US),2017,9,09-Sep,Gesundheit,130,10.0,9.88,16.0
HuffPost (US),2017,9,09-Sep,Kriminalität,20,10.5,11.0,17.5
HuffPost (US),2017,9,09-Sep,Kunst,19,11.0,10.58,16.0
HuffPost (US),2017,9,09-Sep,Politik,765,11.0,10.31,16.0
HuffPost (US),2017,9,09-Sep,Reisen,10,11.0,10.0,20.5
HuffPost (US),2017,9,09-Sep,Religion,36,10.0,9.19,17.0
HuffPost (US),2017,9,09-Sep,Sonstiges,30,10.0,10.17,11.5
HuffPost (US),2017,9,09-Sep,Sport,42,11.0,10.43,12.5
HuffPost (US),2017,9,09-Sep,Style & Beauty,56,10.0,10.36,8.0
HuffPost (US),2017,9,09-Sep,Umwelt,66,10.5,10.12,16.5
HuffPost (US),2017,9,09-Sep,Welt,231,10.0,9.73,16.0
HuffPost (US),2017,9,09-Sep,Wirtschaft,23,10.0,9.87,19.0
HuffPost (US),2017,10,10-Oct,Bildung,18,8.5,8.61,18.5
HuffPost (US),2017,10,10-Oct,Entertainment,379,11.0,10.66,12.0
HuffPost (US),2017,10,10-Oct,Essen,43,10.0,10.3,11.0
HuffPost (US),2017,10,10-Oct,Familie,112,10.0,10.14,12.0
HuffPost (US),2017,10,10-Oct,Gesellschaft,439,11.0,10.64,15.0
HuffPost (US),2017,10,10-Oct,Gesundheit,122,10.0,10.02,17.5
HuffPost (US),2017,10,10-Oct,Kriminalität,44,11.0,10.64,15.0
HuffPost (US),2017,10,10-Oct,Kunst,21,11.0,10.57,17.0
HuffPost (US),2017,10,10-Oct,Politik,773,10.0,10.28,16.0
HuffPost (US),2017,10,10-Oct,Reisen,23,10.0,10.13,17.0
HuffPost (US),2017,10,10-Oct,Religion,17,8.0,7.82,19.0
HuffPost (US),2017,10,10-Oct,Sonstiges,43,10.0,10.6,9.0
HuffPost (US),2017,10,10-Oct,Sport,29,11.0,11.03,14.0
HuffPost (US),2017,10,10-Oct,Style & Beauty,60,10.0,9.95,7.0
HuffPost (US),2017,10,10-Oct,Umwelt,63,9.0,9.56,15.0
HuffPost (US),2017,10,10-Oct,Welt,172,10.0,9.98,14.0
HuffPost (US),2017,10,10-Oct,Wirtschaft,29,10.0,9.97,16.0
HuffPost (US),2017,11,11-Nov,Bildung,21,9.0,9.0,19.0
HuffPost (US),2017,11,11-Nov,Entertainment,392,11.0,10.93,11.0
HuffPost (US),2017,11,11-Nov,Essen,36,10.0,10.64,9.0
HuffPost (US),2017,11,11-Nov,Familie,62,11.0,10.95,14.0
HuffPost (US),2017,11,11-Nov,Gesellschaft,346,11.0,10.74,15.0
HuffPost (US),2017,11,11-Nov,Gesundheit,77,10.0,9.73,16.0
HuffPost (US),2017,11,11-Nov,Kriminalität,40,10.0,10.62,16.5
HuffPost (US),2017,11,11-Nov,Kunst,15,10.0,10.4,15.0
HuffPost (US),2017,11,11-Nov,Politik,772,11.0,10.57,15.0
HuffPost (US),2017,11,11-Nov,Reisen,27,10.0,10.52,14.0
HuffPost (US),2017,11,11-Nov,Religion,25,9.0,8.92,18.0
HuffPost (US),2017,11,11-Nov,Sonstiges,66,11.0,10.94,9.5
HuffPost (US),2017,11,11-Nov,Sport,27,11.0,10.52,12.0
HuffPost (US),2017,11,11-Nov,Style & Beauty,69,11.0,11.45,8.0
HuffPost (US),2017,11,11-Nov,Umwelt,39,11.0,9.74,16.0
HuffPost (US),2017,11,11-Nov,Welt,176,10.0,10.05,15.0
HuffPost (US),2017,11,11-Nov,Wirtschaft,22,9.0,10.05,18.0
HuffPost (US),2017,12,12-Dec,Bildung,13,11.0,10.69,17.0
HuffPost (US),2017,12,12-Dec,Entertainment,353,11.0,11.35,11.0
HuffPost (US),2017,12,12-Dec,Essen,27,10.0,10.19,14.0
HuffPost (US),2017,12,12-Dec,Familie,48,10.0,9.9,12.0
HuffPost (US),2017,12,12-Dec,Gesellschaft,314,11.0,11.07,13.0
HuffPost (US),2017,12,12-Dec,Gesundheit,53,10.0,10.4,19.0
HuffPost (US),2017,12,12-Dec,Kriminalität,35,11.0,10.37,13.0
HuffPost (US),2017,12,12-Dec,Kunst,21,11.0,11.19,13.0
HuffPost (US),2017,12,12-Dec,Politik,760,11.0,10.73,16.0
HuffPost (US),2017,12,12-Dec,Reisen,7,11.0,10.71,19.0
HuffPost (US),2017,12,12-Dec,Religion,16,9.0,9.62,18.5
HuffPost (US),2017,12,12-Dec,Sonstiges,63,11.0,10.54,9.0
HuffPost (US),2017,12,12-Dec,Sport,26,11.5,11.0,14.0
HuffPost (US),2017,12,12-Dec,Style & Beauty,46,10.0,10.43,7.0
HuffPost (US),2017,12,12-Dec,Umwelt,56,10.0,9.73,15.5
HuffPost (US),2017,12,12-Dec,Welt,152,10.0,10.38,15.0
HuffPost (US),2017,12,12-Dec,Wirtschaft,39,10.0,9.87,17.0
HuffPost (US),2018,1,01-Jan,Bildung,4,8.5,8.5,22.0
HuffPost (US),2018,1,01-Jan,Entertainment,507,11.0,11.35,11.0
HuffPost (US),2018,1,01-Jan,Essen,9,8.0,9.11,7.0
HuffPost (US),2018,1,01-Jan,Familie,35,10.0,10.09,12.0
HuffPost (US),2018,1,01-Jan,Gesellschaft,391,11.0,11.39,13.0
HuffPost (US),2018,1,01-Jan,Gesundheit,15,10.0,9.6,15.0
HuffPost (US),2018,1,01-Jan,Kriminalität,28,11.0,11.21,14.5
HuffPost (US),2018,1,01-Jan,Kunst,13,11.0,10.85,12.0
HuffPost (US),2018,1,01-Jan,Politik,708,11.0,10.97,15.0
HuffPost (US),2018,1,01-Jan,Reisen,12,10.0,10.42,11.0
HuffPost (US),2018,1,01-Jan,Religion,20,9.5,9.1,15.5
HuffPost (US),2018,1,01-Jan,Sonstiges,63,10.0,10.17,10.0
HuffPost (US),2018,1,01-Jan,Sport,52,11.0,11.37,12.0
HuffPost (US),2018,1,01-Jan,Style & Beauty,34,10.0,10.03,8.0
HuffPost (US),2018,1,01-Jan,Umwelt,36,10.5,10.47,11.5
HuffPost (US),2018,1,01-Jan,Welt,157,10.0,10.52,14.0
HuffPost (US),2018,1,01-Jan,Wirtschaft,17,10.0,10.53,16.0
HuffPost (US),2018,2,02-Feb,Bildung,11,11.0,11.45,18.0
HuffPost (US),2018,2,02-Feb,Entertainment,348,11.0,11.09,11.0
HuffPost (US),2018,2,02-Feb,Familie,1,8.0,8.0,18.0
HuffPost (US),2018,2,02-Feb,Gesellschaft,303,11.0,11.22,13.0
HuffPost (US),2018,2,02-Feb,Kriminalität,21,11.0,11.1,15.0
HuffPost (US),2018,2,02-Feb,Politik,579,11.0,11.34,14.0
HuffPost (US),2018,2,02-Feb,Reisen,12,10.0,10.58,9.5
HuffPost (US),2018,2,02-Feb,Religion,12,10.5,10.5,13.0
HuffPost (US),2018,2,02-Feb,Sonstiges,39,10.0,10.21,11.0
HuffPost (US),2018,2,02-Feb,Sport,236,11.0,10.92,12.0
HuffPost (US),2018,2,02-Feb,Umwelt,7,11.0,10.43,16.0
HuffPost (US),2018,2,02-Feb,Welt,113,11.0,10.59,15.0
HuffPost (US),2018,2,02-Feb,Wirtschaft,21,10.0,9.9,15.0
HuffPost (US),2018,3,03-Mar,Bildung,3,8.0,8.67,15.0
HuffPost (US),2018,3,03-Mar,Entertainment,447,11.0,11.22,11.0
HuffPost (US),2018,3,03-Mar,Gesellschaft,335,11.0,11.49,14.0
HuffPost (US),2018,3,03-Mar,Kriminalität,44,11.0,10.91,14.0
HuffPost (US),2018,3,03-Mar,Politik,697,11.0,11.37,15.0
HuffPost (US),2018,3,03-Mar,Reisen,25,10.0,10.16,10.0
HuffPost (US),2018,3,03-Mar,Religion,13,9.0,10.31,17.0
HuffPost (US),2018,3,03-Mar,Sonstiges,43,11.0,10.67,10.0
HuffPost (US),2018,3,03-Mar,Sport,29,11.0,11.17,14.0
HuffPost (US),2018,3,03-Mar,Umwelt,11,11.0,11.27,17.0
HuffPost (US),2018,3,03-Mar,Welt,120,11.0,10.72,15.0
HuffPost (US),2018,3,03-Mar,Wirtschaft,27,10.0,10.7,12.0
HuffPost (US),2018,4,04-Apr,Bildung,11,10.0,10.18,16.0
HuffPost (US),2018,4,04-Apr,Entertainment,447,11.0,11.26,11.0
HuffPost (US),2018,4,04-Apr,Gesellschaft,294,11.0,11.11,14.0
HuffPost (US),2018,4,04-Apr,Kriminalität,43,10.0,10.09,13.0
HuffPost (US),2018,4,04-Apr,Politik,570,11.0,11.15,15.0
HuffPost (US),2018,4,04-Apr,Reisen,12,11.0,10.92,9.5
HuffPost (US),2018,4,04-Apr,Religion,8,11.5,11.38,14.0
HuffPost (US),2018,4,04-Apr,Sonstiges,58,10.5,10.91,12.0
HuffPost (US),2018,4,04-Apr,Sport,31,11.0,11.16,12.0
HuffPost (US),2018,4,04-Apr,Umwelt,9,10.0,9.89,14.0
HuffPost (US),2018,4,04-Apr,Welt,103,11.0,11.02,16.0
HuffPost (US),2018,4,04-Apr,Wirtschaft,11,9.0,10.09,17.0
HuffPost (US),2018,5,05-May,Bildung,4,11.5,11.5,20.0
HuffPost (US),2018,5,05-May,Entertainment,414,11.0,11.18,10.0
HuffPost (US),2018,5,05-May,Gesellschaft,234,11.0,11.35,14.0
HuffPost (US),2018,5,05-May,Kriminalität,38,10.0,10.66,14.5
HuffPost (US),2018,5,05-May,Politik,513,11.0,11.1,16.0
HuffPost (US),2018,5,05-May,Reisen,11,12.0,11.91,10.0
HuffPost (US),2018,5,05-May,Religion,12,12.0,12.17,16.5
HuffPost (US),2018,5,05-May,Sonstiges,58,11.0,10.72,11.0
HuffPost (US),2018,5,05-May,Sport,16,10.5,10.12,12.0
HuffPost (US),2018,5,05-May,US News,11,11.0,10.55,13.0
HuffPost (US),2018,5,05-May,Umwelt,6,11.0,11.33,13.0
HuffPost (US),2018,5,05-May,Welt,84,11.0,11.04,16.0
HuffPost (US),2018,5,05-May,Wirtschaft,10,11.0,10.4,17.0
HuffPost (US),2018,6,06-Jun,Entertainment,15,10.0,10.53,11.0
HuffPost (US),2018,6,06-Jun,Gesellschaft,11,11.0,11.09,16.0
HuffPost (US),2018,6,06-Jun,Politik,30,12.0,11.33,16.0
HuffPost (US),2018,6,06-Jun,Sonstiges,2,10.0,10.0,16.0
HuffPost (US),2018,6,06-Jun,Sport,4,10.5,10.25,14.5
HuffPost (US),2018,6,06-Jun,US News,36,10.0,10.33,14.5
HuffPost (US),2018,6,06-Jun,Welt,41,10.0,10.49,17.0
HuffPost (US),2018,6,06-Jun,Wirtschaft,3,8.0,9.33,15.0
HuffPost (US),2018,6,06-Jun,Wohnen,1,10.0,10.0,10.0
HuffPost (US),2018,7,07-Jul,Entertainment,10,10.0,10.1,8.5
HuffPost (US),2018,7,07-Jul,Gesellschaft,5,10.0,10.8,12.0
HuffPost (US),2018,7,07-Jul,Politik,23,11.0,11.39,16.0
HuffPost (US),2018,7,07-Jul,Religion,3,11.0,11.0,19.0
HuffPost (US),2018,7,07-Jul,Sport,4,10.0,9.25,12.0
HuffPost (US),2018,7,07-Jul,US News,34,10.0,10.47,15.0
HuffPost (US),2018,7,07-Jul,Umwelt,4,8.5,8.5,16.5
HuffPost (US),2018,7,07-Jul,Welt,75,11.0,10.49,16.0
HuffPost (US),2018,7,07-Jul,Wirtschaft,2,11.0,11.0,14.0
HuffPost (US),2018,8,08-Aug,Entertainment,7,9.0,9.43,10.0
HuffPost (US),2018,8,08-Aug,Gesellschaft,1,10.0,10.0,4.0
HuffPost (US),2018,8,08-Aug,Politik,11,12.0,11.91,16.0
HuffPost (US),2018,8,08-Aug,Religion,1,10.0,10.0,21.0
HuffPost (US),2018,8,08-Aug,US News,50,10.0,10.54,16.0
HuffPost (US),2018,8,08-Aug,Welt,58,11.0,10.72,15.0
HuffPost (US),2018,8,08-Aug,Wirtschaft,2,11.0,11.0,10.0
HuffPost (US),2018,9,09-Sep,Entertainment,30,11.5,11.9,14.5
HuffPost (US),2018,9,09-Sep,Familie,1,8.0,8.0,8.0
HuffPost (US),2018,9,09-Sep,Gesellschaft,10,11.5,11.2,13.5
HuffPost (US),2018,9,09-Sep,Kriminalität,5,12.0,11.4,21.0
HuffPost (US),2018,9,09-Sep,Politik,40,12.0,11.98,19.0
HuffPost (US),2018,9,09-Sep,Religion,2,8.5,8.5,23.5
HuffPost (US),2018,9,09-Sep,Sonstiges,1,7.0,7.0,15.0
HuffPost (US),2018,9,09-Sep,Sport,1,13.0,13.0,21.0
HuffPost (US),2018,9,09-Sep,Style & Beauty,3,11.0,11.33,14.0
HuffPost (US),2018,9,09-Sep,US News,26,10.5,10.73,17.0
HuffPost (US),2018,9,09-Sep,Umwelt,3,10.0,10.67,15.0
HuffPost (US),2018,9,09-Sep,Welt,33,11.0,10.7,17.0
HuffPost (US),2018,9,09-Sep,Wirtschaft,2,11.0,11.0,10.0
HuffPost (US),2018,10,10-Oct,Entertainment,42,11.0,11.12,12.5
HuffPost (US),2018,10,10-Oct,Familie,1,9.0,9.0,19.0
HuffPost (US),2018,10,10-Oct,Gesellschaft,14,11.0,11.0,14.5
HuffPost (US),2018,10,10-Oct,Gesundheit,2,13.0,13.0,19.0
HuffPost (US),2018,10,10-Oct,Kriminalität,10,10.0,10.3,15.0
HuffPost (US),2018,10,10-Oct,Kunst,1,10.0,10.0,7.0
HuffPost (US),2018,10,10-Oct,Politik,85,12.0,11.59,17.0
HuffPost (US),2018,10,10-Oct,Religion,1,11.0,11.0,11.0
HuffPost (US),2018,10,10-Oct,Sonstiges,11,11.0,11.36,14.0
HuffPost (US),2018,10,10-Oct,Sport,5,12.0,11.8,14.0
HuffPost (US),2018,10,10-Oct,Style & Beauty,1,9.0,9.0,11.0
HuffPost (US),2018,10,10-Oct,US News,1,10.0,10.0,21.0
HuffPost (US),2018,10,10-Oct,Umwelt,6,13.0,12.67,12.5
HuffPost (US),2018,10,10-Oct,Welt,1,9.0,9.0,12.0
HuffPost (US),2018,10,10-Oct,Wirtschaft,1,13.0,13.0,15.0
HuffPost (US),2018,11,11-Nov,Entertainment,62,11.0,11.34,14.0
HuffPost (US),2018,11,11-Nov,Familie,2,8.5,8.5,12.0
HuffPost (US),2018,11,11-Nov,Gesellschaft,19,12.0,12.47,17.0
HuffPost (US),2018,11,11-Nov,Kriminalität,5,13.0,12.6,17.0
HuffPost (US),2018,11,11-Nov,Kunst,1,12.0,12.0,8.0
HuffPost (US),2018,11,11-Nov,Politik,66,11.5,11.2,17.0
HuffPost (US),2018,11,11-Nov,Sonstiges,2,9.5,9.5,18.5
HuffPost (US),2018,11,11-Nov,Sport,3,12.0,13.33,16.0
HuffPost (US),2018,11,11-Nov,US News,1,10.0,10.0,17.0
HuffPost (US),2018,11,11-Nov,Umwelt,10,11.0,11.2,16.0
HuffPost (US),2018,11,11-Nov,Welt,2,12.5,12.5,13.0
HuffPost (US),2018,11,11-Nov,Wirtschaft,1,11.0,11.0,18.0
HuffPost (US),2018,11,11-Nov,Wohnen,1,9.0,9.0,14.0
HuffPost (US),2018,12,12-Dec,Entertainment,46,12.0,11.67,14.0
HuffPost (US),2018,12,12-Dec,Essen,1,9.0,9.0,11.0
HuffPost (US),2018,12,12-Dec,Gesellschaft,11,12.0,11.73,16.0
HuffPost (US),2018,12,12-Dec,Gesundheit,1,10.0,10.0,6.0
HuffPost (US),2018,12,12-Dec,Kriminalität,6,11.5,11.83,17.5
HuffPost (US),2018,12,12-Dec,Politik,77,11.0,11.38,17.0
HuffPost (US),2018,12,12-Dec,Religion,2,11.5,11.5,16.0
HuffPost (US),2018,12,12-Dec,Sonstiges,6,12.5,12.83,16.0
HuffPost (US),2018,12,12-Dec,Sport,3,12.0,11.33,19.0
HuffPost (US),2018,12,12-Dec,Style & Beauty,5,11.0,11.0,11.0
HuffPost (US),2018,12,12-Dec,US News,10,11.5,11.1,18.0
HuffPost (US),2018,12,12-Dec,Umwelt,4,13.5,13.5,15.0
HuffPost (US),2018,12,12-Dec,Welt,5,11.0,10.6,21.0
HuffPost (US),2018,12,12-Dec,Wirtschaft,2,10.0,10.0,10.5
HuffPost (US),2018,12,12-Dec,Wohnen,2,10.5,10.5,12.0
HuffPost (US),2019,1,01-Jan,Entertainment,55,12.0,11.82,14.0
HuffPost (US),2019,1,01-Jan,Familie,1,11.0,11.0,16.0
HuffPost (US),2019,1,01-Jan,Gesellschaft,27,11.0,11.44,15.0
HuffPost (US),2019,1,01-Jan,Kriminalität,4,11.5,11.5,18.0
HuffPost (US),2019,1,01-Jan,Kunst,1,11.0,11.0,17.0
HuffPost (US),2019,1,01-Jan,Politik,65,11.0,11.45,17.0
HuffPost (US),2019,1,01-Jan,Reisen,1,10.0,10.0,4.0
HuffPost (US),2019,1,01-Jan,Sonstiges,7,10.0,9.86,12.0
HuffPost (US),2019,1,01-Jan,Sport,1,11.0,11.0,20.0
HuffPost (US),2019,1,01-Jan,Style & Beauty,1,11.0,11.0,8.0
HuffPost (US),2019,1,01-Jan,US News,8,11.0,10.88,19.5
HuffPost (US),2019,1,01-Jan,Umwelt,3,13.0,12.33,16.0
HuffPost (US),2019,1,01-Jan,Welt,6,12.5,12.17,16.0
HuffPost (US),2019,1,01-Jan,Wirtschaft,1,8.0,8.0,8.0
HuffPost (US),2019,2,02-Feb,Entertainment,44,12.0,12.0,13.0
HuffPost (US),2019,2,02-Feb,Essen,2,11.5,11.5,21.5
HuffPost (US),2019,2,02-Feb,Familie,1,8.0,8.0,11.0
HuffPost (US),2019,2,02-Feb,Gesellschaft,21,12.0,11.57,17.0
HuffPost (US),2019,2,02-Feb,Gesundheit,2,9.0,9.0,11.5
HuffPost (US),2019,2,02-Feb,Kunst,2,11.5,11.5,21.0
HuffPost (US),2019,2,02-Feb,Politik,60,12.0,11.27,17.5
HuffPost (US),2019,2,02-Feb,Reisen,1,7.0,7.0,19.0
HuffPost (US),2019,2,02-Feb,Religion,3,12.0,12.0,21.0
HuffPost (US),2019,2,02-Feb,Sonstiges,6,10.0,10.33,12.0
HuffPost (US),2019,2,02-Feb,Sport,3,10.0,10.67,19.0
HuffPost (US),2019,2,02-Feb,Style & Beauty,5,10.0,10.6,13.0
HuffPost (US),2019,2,02-Feb,US News,2,12.0,12.0,21.5
HuffPost (US),2019,2,02-Feb,Umwelt,6,11.5,11.33,14.5
HuffPost (US),2019,2,02-Feb,Welt,1,13.0,13.0,5.0
HuffPost (US),2019,2,02-Feb,Wirtschaft,6,9.5,9.17,15.0
HuffPost (US),2019,2,02-Feb,Wohnen,3,11.0,11.0,9.0
HuffPost (US),2019,3,03-Mar,Bildung,1,7.0,7.0,24.0
HuffPost (US),2019,3,03-Mar,Entertainment,25,11.0,11.44,18.0
HuffPost (US),2019,3,03-Mar,Essen,2,9.0,9.0,15.5
HuffPost (US),2019,3,03-Mar,Gesellschaft,25,12.0,11.56,16.0
HuffPost (US),2019,3,03-Mar,Politik,75,11.0,10.97,18.0
HuffPost (US),2019,3,03-Mar,Religion,2,14.5,14.5,22.5
HuffPost (US),2019,3,03-Mar,Sonstiges,3,11.0,10.67,17.0
HuffPost (US),2019,3,03-Mar,Sport,2,11.0,11.0,17.5
HuffPost (US),2019,3,03-Mar,Style & Beauty,5,10.0,10.4,12.0
HuffPost (US),2019,3,03-Mar,US News,24,10.5,10.04,19.0
HuffPost (US),2019,3,03-Mar,Welt,10,12.0,11.2,18.0
HuffPost (US),2019,3,03-Mar,Wirtschaft,1,10.0,10.0,10.0
HuffPost (US),2019,3,03-Mar,Wohnen,4,11.0,10.75,9.5
HuffPost (US),2019,4,04-Apr,Bildung,1,9.0,9.0,20.0
HuffPost (US),2019,4,04-Apr,Entertainment,2,12.0,12.0,18.5
HuffPost (US),2019,4,04-Apr,Familie,1,6.0,6.0,7.0
HuffPost (US),2019,4,04-Apr,Gesellschaft,2,12.0,12.0,16.5
HuffPost (US),2019,4,04-Apr,Politik,16,10.5,10.88,18.0
HuffPost (US),2019,4,04-Apr,Sport,1,9.0,9.0,9.0
HuffPost (US),2019,4,04-Apr,Style & Beauty,1,12.0,12.0,7.0
HuffPost (US),2019,4,04-Apr,US News,63,10.0,10.44,18.0
HuffPost (US),2019,4,04-Apr,Umwelt,1,10.0,10.0,24.0
HuffPost (US),2019,4,04-Apr,Welt,55,11.0,10.93,17.0
HuffPost (US),2019,4,04-Apr,Wirtschaft,3,12.0,12.33,10.0
HuffPost (US),2019,4,04-Apr,Wohnen,1,11.0,11.0,13.0
HuffPost (US),2019,5,05-May,Entertainment,17,11.0,11.76,16.0
HuffPost (US),2019,5,05-May,Familie,1,11.0,11.0,15.0
HuffPost (US),2019,5,05-May,Gesellschaft,4,12.5,13.0,17.5
HuffPost (US),2019,5,05-May,Politik,26,10.0,10.19,19.5
HuffPost (US),2019,5,05-May,Religion,1,9.0,9.0,20.0
HuffPost (US),2019,5,05-May,Sonstiges,1,8.0,8.0,11.0
HuffPost (US),2019,5,05-May,Style & Beauty,1,10.0,10.0,7.0
HuffPost (US),2019,5,05-May,US News,58,11.0,10.79,18.5
HuffPost (US),2019,5,05-May,Welt,36,10.0,10.39,18.0
HuffPost (US),2019,5,05-May,Wirtschaft,4,11.0,11.0,12.0
HuffPost (US),2019,5,05-May,Wohnen,3,11.0,10.0,8.0
HuffPost (US),2019,6,06-Jun,Politik,12,11.0,10.83,18.5
HuffPost (US),2019,6,06-Jun,US News,81,11.0,11.09,19.0
HuffPost (US),2019,6,06-Jun,Welt,55,11.0,11.13,18.0
HuffPost (US),2019,6,06-Jun,Wirtschaft,5,12.0,11.2,16.0
HuffPost (US),2019,7,07-Jul,Entertainment,4,9.5,9.75,16.0
HuffPost (US),2019,7,07-Jul,Politik,4,9.0,8.5,18.5
HuffPost (US),2019,7,07-Jul,Sport,1,8.0,8.0,11.0
HuffPost (US),2019,7,07-Jul,Style & Beauty,2,13.0,13.0,11.5
HuffPost (US),2019,7,07-Jul,US News,92,11.0,10.49,20.0
HuffPost (US),2019,7,07-Jul,Welt,51,12.0,10.98,20.0
HuffPost (US),2019,7,07-Jul,Wirtschaft,3,13.0,13.0,15.0
HuffPost (US),2019,7,07-Jul,Wohnen,2,11.0,11.0,9.0
HuffPost (US),2019,8,08-Aug,Entertainment,1,10.0,10.0,24.0
HuffPost (US),2019,8,08-Aug,Politik,10,12.0,11.4,19.5
HuffPost (US),2019,8,08-Aug,Sport,1,14.0,14.0,13.0
HuffPost (US),2019,8,08-Aug,US News,83,11.0,11.13,20.0
HuffPost (US),2019,8,08-Aug,Welt,66,10.0,9.97,17.5
HuffPost (US),2019,8,08-Aug,Wirtschaft,1,5.0,5.0,11.0
HuffPost (US),2019,9,09-Sep,Entertainment,19,11.0,11.37,16.0
HuffPost (US),2019,9,09-Sep,Gesellschaft,12,11.0,10.83,18.5
HuffPost (US),2019,9,09-Sep,Kriminalität,3,10.0,10.33,21.0
HuffPost (US),2019,9,09-Sep,Kunst,1,11.0,11.0,16.0
HuffPost (US),2019,9,09-Sep,Politik,33,12.0,11.61,20.0
HuffPost (US),2019,9,09-Sep,Reisen,1,8.0,8.0,17.0
HuffPost (US),2019,9,09-Sep,Sonstiges,1,12.0,12.0,12.0
HuffPost (US),2019,9,09-Sep,Sport,1,12.0,12.0,15.0
HuffPost (US),2019,9,09-Sep,Style & Beauty,2,9.5,9.5,15.5
HuffPost (US),2019,9,09-Sep,US News,43,11.0,11.07,20.0
HuffPost (US),2019,9,09-Sep,Umwelt,2,11.5,11.5,22.5
HuffPost (US),2019,9,09-Sep,Welt,44,11.0,11.34,21.0
HuffPost (US),2019,9,09-Sep,Wirtschaft,2,16.0,16.0,4.0
HuffPost (US),2019,9,09-Sep,Wohnen,1,6.0,6.0,15.0
HuffPost (US),2019,10,10-Oct,Entertainment,48,12.0,11.56,16.0
HuffPost (US),2019,10,10-Oct,Familie,5,9.0,8.8,16.0
HuffPost (US),2019,10,10-Oct,Gesellschaft,27,11.0,11.19,18.0
HuffPost (US),2019,10,10-Oct,Kriminalität,20,11.0,11.2,17.5
HuffPost (US),2019,10,10-Oct,Politik,47,11.0,11.57,20.0
HuffPost (US),2019,10,10-Oct,Reisen,1,12.0,12.0,11.0
HuffPost (US),2019,10,10-Oct,Sonstiges,6,10.5,10.83,14.5
HuffPost (US),2019,10,10-Oct,Sport,4,11.5,11.5,21.0
HuffPost (US),2019,10,10-Oct,Style & Beauty,3,7.0,9.0,8.0
HuffPost (US),2019,10,10-Oct,US News,5,10.0,10.6,26.0
HuffPost (US),2019,10,10-Oct,Umwelt,2,10.5,10.5,18.0
HuffPost (US),2019,10,10-Oct,Welt,12,11.5,10.92,19.5
HuffPost (US),2019,10,10-Oct,Wohnen,3,10.0,10.33,6.0
HuffPost (US),2019,11,11-Nov,Entertainment,53,12.0,11.64,16.0
HuffPost (US),2019,11,11-Nov,Familie,1,9.0,9.0,15.0
HuffPost (US),2019,11,11-Nov,Gesellschaft,23,12.0,11.57,19.0
HuffPost (US),2019,11,11-Nov,Kriminalität,7,12.0,11.86,17.0
HuffPost (US),2019,11,11-Nov,Politik,65,11.0,11.12,19.0
HuffPost (US),2019,11,11-Nov,Religion,1,14.0,14.0,22.0
HuffPost (US),2019,11,11-Nov,Sonstiges,3,11.0,11.67,15.0
HuffPost (US),2019,11,11-Nov,Sport,4,10.5,10.75,17.0
HuffPost (US),2019,11,11-Nov,Style & Beauty,2,11.0,11.0,10.0
HuffPost (US),2019,11,11-Nov,US News,2,11.0,11.0,25.0
HuffPost (US),2019,11,11-Nov,Umwelt,3,15.0,13.0,20.0
HuffPost (US),2019,11,11-Nov,Welt,7,12.0,10.71,21.0
HuffPost (US),2019,11,11-Nov,Wohnen,4,11.0,10.5,10.5
HuffPost (US),2019,12,12-Dec,Entertainment,28,12.0,12.07,18.0
HuffPost (US),2019,12,12-Dec,Essen,2,10.5,10.5,11.0
HuffPost (US),2019,12,12-Dec,Familie,1,7.0,7.0,13.0
HuffPost (US),2019,12,12-Dec,Gesellschaft,8,10.5,10.75,16.5
HuffPost (US),2019,12,12-Dec,Gesundheit,1,10.0,10.0,11.0
HuffPost (US),2019,12,12-Dec,Kriminalität,1,11.0,11.0,17.0
HuffPost (US),2019,12,12-Dec,Politik,94,11.0,10.57,19.5
HuffPost (US),2019,12,12-Dec,Religion,3,9.0,10.0,23.0
HuffPost (US),2019,12,12-Dec,Sonstiges,2,10.5,10.5,18.5
HuffPost (US),2019,12,12-Dec,Sport,6,10.5,10.5,14.0
HuffPost (US),2019,12,12-Dec,Style & Beauty,12,10.0,10.75,15.0
HuffPost (US),2019,12,12-Dec,US News,6,10.5,10.33,17.0
HuffPost (US),2019,12,12-Dec,Umwelt,1,12.0,12.0,9.0
HuffPost (US),2019,12,12-Dec,Welt,7,9.0,9.57,23.0
HuffPost (US),2019,12,12-Dec,Wirtschaft,2,9.5,9.5,16.0
HuffPost (US),2019,12,12-Dec,Wohnen,7,11.0,10.57,9.0
HuffPost (US),2020,1,01-Jan,Entertainment,5,11.0,10.6,19.0
HuffPost (US),2020,1,01-Jan,Politik,29,11.0,10.24,20.0
HuffPost (US),2020,1,01-Jan,Sport,2,12.5,12.5,21.0
HuffPost (US),2020,1,01-Jan,US News,46,10.0,10.61,20.0
HuffPost (US),2020,1,01-Jan,Umwelt,1,9.0,9.0,15.0
HuffPost (US),2020,1,01-Jan,Welt,67,10.0,10.52,19.0
HuffPost (US),2020,1,01-Jan,Wirtschaft,4,11.0,11.25,12.0
HuffPost (US),2020,2,02-Feb,Entertainment,2,11.5,11.5,16.5
HuffPost (US),2020,2,02-Feb,Politik,19,11.0,10.63,19.0
HuffPost (US),2020,2,02-Feb,Sport,2,13.0,13.0,18.5
HuffPost (US),2020,2,02-Feb,US News,65,11.0,10.94,19.0
HuffPost (US),2020,2,02-Feb,Welt,36,10.0,10.22,18.5
HuffPost (US),2020,2,02-Feb,Wirtschaft,8,12.0,11.62,13.5
HuffPost (US),2020,3,03-Mar,Entertainment,29,11.0,10.41,16.0
HuffPost (US),2020,3,03-Mar,Essen,11,10.0,10.18,19.0
HuffPost (US),2020,3,03-Mar,Familie,3,11.0,12.33,16.0
HuffPost (US),2020,3,03-Mar,Gesellschaft,5,10.0,9.4,10.0
HuffPost (US),2020,3,03-Mar,Gesundheit,7,11.0,10.86,21.0
HuffPost (US),2020,3,03-Mar,Kriminalität,1,9.0,9.0,24.0
HuffPost (US),2020,3,03-Mar,Politik,34,11.5,11.26,19.0
HuffPost (US),2020,3,03-Mar,Sonstiges,2,9.0,9.0,13.5
HuffPost (US),2020,3,03-Mar,Sport,1,12.0,12.0,15.0
HuffPost (US),2020,3,03-Mar,Style & Beauty,5,10.0,10.4,20.0
HuffPost (US),2020,3,03-Mar,US News,33,11.0,10.61,19.0
HuffPost (US),2020,3,03-Mar,Welt,18,10.0,9.78,20.0
HuffPost (US),2020,3,03-Mar,Wirtschaft,7,11.0,11.14,22.0
HuffPost (US),2020,3,03-Mar,Wohnen,7,10.0,10.0,12.0
HuffPost (US),2020,4,04-Apr,Entertainment,47,12.0,11.49,19.0
HuffPost (US),2020,4,04-Apr,Essen,11,10.0,9.36,20.0
HuffPost (US),2020,4,04-Apr,Familie,8,10.5,10.62,15.0
HuffPost (US),2020,4,04-Apr,Gesellschaft,9,10.0,10.44,20.0
HuffPost (US),2020,4,04-Apr,Gesundheit,11,11.0,10.09,21.0
HuffPost (US),2020,4,04-Apr,Kriminalität,1,12.0,12.0,19.0
HuffPost (US),2020,4,04-Apr,Kunst,2,12.0,12.0,17.5
HuffPost (US),2020,4,04-Apr,Politik,42,12.0,11.48,19.0
HuffPost (US),2020,4,04-Apr,Sonstiges,4,10.0,10.25,18.0
HuffPost (US),2020,4,04-Apr,Sport,1,10.0,10.0,12.0
HuffPost (US),2020,4,04-Apr,Style & Beauty,15,11.0,10.8,19.0
HuffPost (US),2020,4,04-Apr,US News,6,9.0,9.5,18.5
HuffPost (US),2020,4,04-Apr,Umwelt,1,12.0,12.0,14.0
HuffPost (US),2020,4,04-Apr,Welt,3,11.0,11.33,23.0
HuffPost (US),2020,4,04-Apr,Wirtschaft,3,12.0,12.67,23.0
HuffPost (US),2020,4,04-Apr,Wohnen,8,11.5,11.62,13.5
HuffPost (US),2020,5,05-May,Entertainment,47,12.0,11.68,17.0
HuffPost (US),2020,5,05-May,Essen,7,10.0,9.71,18.0
HuffPost (US),2020,5,05-May,Familie,9,10.0,10.44,14.0
HuffPost (US),2020,5,05-May,Gesellschaft,4,11.0,11.75,19.5
HuffPost (US),2020,5,05-May,Gesundheit,7,11.0,10.0,15.0
HuffPost (US),2020,5,05-May,Kriminalität,2,8.5,8.5,24.5
HuffPost (US),2020,5,05-May,Kunst,1,14.0,14.0,19.0
HuffPost (US),2020,5,05-May,Politik,74,12.0,11.72,19.0
HuffPost (US),2020,5,05-May,Reisen,1,11.0,11.0,19.0
HuffPost (US),2020,5,05-May,Sonstiges,4,10.0,10.25,17.0
HuffPost (US),2020,5,05-May,Style & Beauty,9,11.0,11.11,18.0
HuffPost (US),2020,5,05-May,US News,4,11.5,11.75,21.0
HuffPost (US),2020,5,05-May,Welt,1,14.0,14.0,19.0
HuffPost (US),2020,5,05-May,Wirtschaft,2,12.0,12.0,17.5
HuffPost (US),2020,5,05-May,Wohnen,7,11.0,11.43,17.0
HuffPost (US),2020,6,06-Jun,Entertainment,46,11.5,11.7,17.0
HuffPost (US),2020,6,06-Jun,Essen,7,10.0,10.29,19.0
HuffPost (US),2020,6,06-Jun,Familie,7,11.0,10.57,16.0
HuffPost (US),2020,6,06-Jun,Gesellschaft,6,11.0,11.0,22.5
HuffPost (US),2020,6,06-Jun,Gesundheit,11,11.0,10.55,19.0
HuffPost (US),2020,6,06-Jun,Kriminalität,2,10.0,10.0,18.0
HuffPost (US),2020,6,06-Jun,Kunst,1,11.0,11.0,19.0
HuffPost (US),2020,6,06-Jun,Politik,72,12.0,11.43,20.0
HuffPost (US),2020,6,06-Jun,Reisen,1,11.0,11.0,11.0
HuffPost (US),2020,6,06-Jun,Sonstiges,1,12.0,12.0,24.0
HuffPost (US),2020,6,06-Jun,Sport,3,11.0,11.67,22.0
HuffPost (US),2020,6,06-Jun,Style & Beauty,7,11.0,10.71,19.0
HuffPost (US),2020,6,06-Jun,US News,2,10.5,10.5,13.0
HuffPost (US),2020,6,06-Jun,Umwelt,2,13.0,13.0,16.5
HuffPost (US),2020,6,06-Jun,Welt,1,10.0,10.0,23.0
HuffPost (US),2020,6,06-Jun,Wirtschaft,1,11.0,11.0,21.0
HuffPost (US),2020,6,06-Jun,Wohnen,6,11.5,11.67,13.5
HuffPost (US),2020,7,07-Jul,Entertainment,48,11.0,11.4,20.0
HuffPost (US),2020,7,07-Jul,Essen,4,13.0,13.25,17.5
HuffPost (US),2020,7,07-Jul,Familie,6,9.0,9.17,14.0
HuffPost (US),2020,7,07-Jul,Gesellschaft,7,12.0,10.86,21.0
HuffPost (US),2020,7,07-Jul,Gesundheit,7,10.0,10.0,17.0
HuffPost (US),2020,7,07-Jul,Kriminalität,1,10.0,10.0,10.0
HuffPost (US),2020,7,07-Jul,Politik,86,11.0,11.35,18.0
HuffPost (US),2020,7,07-Jul,Sonstiges,1,13.0,13.0,13.0
HuffPost (US),2020,7,07-Jul,Sport,1,7.0,7.0,24.0
HuffPost (US),2020,7,07-Jul,Style & Beauty,9,10.0,9.56,14.0
HuffPost (US),2020,7,07-Jul,US News,2,10.5,10.5,23.0
HuffPost (US),2020,7,07-Jul,Umwelt,3,9.0,9.0,16.0
HuffPost (US),2020,7,07-Jul,Wirtschaft,4,11.0,11.75,22.5
HuffPost (US),2020,7,07-Jul,Wohnen,7,10.0,9.71,21.0
HuffPost (US),2020,8,08-Aug,Bildung,1,11.0,11.0,22.0
HuffPost (US),2020,8,08-Aug,Entertainment,26,12.0,12.04,19.0
HuffPost (US),2020,8,08-Aug,Essen,4,9.0,9.25,18.0
HuffPost (US),2020,8,08-Aug,Familie,6,9.5,9.5,15.0
HuffPost (US),2020,8,08-Aug,Gesellschaft,5,10.0,10.6,24.0
HuffPost (US),2020,8,08-Aug,Gesundheit,8,11.0,11.62,17.0
HuffPost (US),2020,8,08-Aug,Kriminalität,2,10.5,10.5,21.0
HuffPost (US),2020,8,08-Aug,Kunst,1,6.0,6.0,21.0
HuffPost (US),2020,8,08-Aug,Politik,85,12.0,11.58,20.0
HuffPost (US),2020,8,08-Aug,Reisen,1,11.0,11.0,16.0
HuffPost (US),2020,8,08-Aug,Sport,2,11.0,11.0,23.0
HuffPost (US),2020,8,08-Aug,Style & Beauty,6,8.5,8.17,14.0
HuffPost (US),2020,8,08-Aug,US News,17,11.0,10.41,21.0
HuffPost (US),2020,8,08-Aug,Umwelt,3,12.0,11.0,17.0
HuffPost (US),2020,8,08-Aug,Welt,9,9.0,8.89,19.0
HuffPost (US),2020,8,08-Aug,Wirtschaft,3,10.0,11.0,19.0
HuffPost (US),2020,8,08-Aug,Wohnen,1,11.0,11.0,7.0
HuffPost (US),2020,9,09-Sep,Entertainment,35,11.0,11.69,18.0
HuffPost (US),2020,9,09-Sep,Essen,2,9.5,9.5,18.0
HuffPost (US),2020,9,09-Sep,Familie,10,10.0,9.6,14.5
HuffPost (US),2020,9,09-Sep,Gesellschaft,8,10.0,10.88,18.5
HuffPost (US),2020,9,09-Sep,Gesundheit,4,8.5,8.75,19.0
HuffPost (US),2020,9,09-Sep,Kriminalität,2,12.0,12.0,22.0
HuffPost (US),2020,9,09-Sep,Politik,80,12.0,11.88,19.5
HuffPost (US),2020,9,09-Sep,Sport,4,11.5,12.25,15.0
HuffPost (US),2020,9,09-Sep,Style & Beauty,5,9.0,9.8,19.0
HuffPost (US),2020,9,09-Sep,US News,11,10.0,10.18,19.0
HuffPost (US),2020,9,09-Sep,Umwelt,1,9.0,9.0,14.0
HuffPost (US),2020,9,09-Sep,Welt,3,9.0,9.67,17.0
HuffPost (US),2020,9,09-Sep,Wirtschaft,2,12.0,12.0,19.0
HuffPost (US),2020,9,09-Sep,Wohnen,7,11.0,11.29,17.0
HuffPost (US),2020,10,10-Oct,Entertainment,47,11.0,11.26,18.0
HuffPost (US),2020,10,10-Oct,Essen,1,9.0,9.0,16.0
HuffPost (US),2020,10,10-Oct,Familie,5,10.0,10.8,11.0
HuffPost (US),2020,10,10-Oct,Gesellschaft,7,10.0,10.14,21.0
HuffPost (US),2020,10,10-Oct,Gesundheit,3,8.0,8.0,17.0
HuffPost (US),2020,10,10-Oct,Kriminalität,1,13.0,13.0,27.0
HuffPost (US),2020,10,10-Oct,Kunst,1,13.0,13.0,13.0
HuffPost (US),2020,10,10-Oct,Politik,79,11.0,11.32,21.0
HuffPost (US),2020,10,10-Oct,Sonstiges,3,10.0,10.33,16.0
HuffPost (US),2020,10,10-Oct,Sport,1,7.0,7.0,23.0
HuffPost (US),2020,10,10-Oct,Style & Beauty,9,11.0,10.11,18.0
HuffPost (US),2020,10,10-Oct,US News,7,11.0,11.0,13.0
HuffPost (US),2020,10,10-Oct,Umwelt,4,11.0,11.0,17.5
HuffPost (US),2020,10,10-Oct,Welt,4,8.5,8.5,21.0
HuffPost (US),2020,10,10-Oct,Wirtschaft,1,8.0,8.0,8.0
HuffPost (US),2020,10,10-Oct,Wohnen,4,8.5,8.75,16.0
HuffPost (US),2020,11,11-Nov,Entertainment,40,12.0,11.62,18.0
HuffPost (US),2020,11,11-Nov,Familie,2,11.5,11.5,22.5
HuffPost (US),2020,11,11-Nov,Gesellschaft,3,11.0,11.33,14.0
HuffPost (US),2020,11,11-Nov,Gesundheit,5,10.0,10.0,22.0
HuffPost (US),2020,11,11-Nov,Kriminalität,1,11.0,11.0,22.0
HuffPost (US),2020,11,11-Nov,Kunst,3,12.0,12.33,20.0
HuffPost (US),2020,11,11-Nov,Politik,107,12.0,11.36,19.0
HuffPost (US),2020,11,11-Nov,Sonstiges,3,8.0,8.67,18.0
HuffPost (US),2020,11,11-Nov,Style & Beauty,5,10.0,10.4,16.0
HuffPost (US),2020,11,11-Nov,US News,1,11.0,11.0,27.0
HuffPost (US),2020,11,11-Nov,Umwelt,2,9.5,9.5,12.5
HuffPost (US),2020,11,11-Nov,Welt,3,9.0,9.0,21.0
HuffPost (US),2020,11,11-Nov,Wohnen,3,9.0,9.33,14.0
HuffPost (US),2020,12,12-Dec,Entertainment,36,11.5,11.19,18.0
HuffPost (US),2020,12,12-Dec,Essen,7,10.0,10.43,13.0
HuffPost (US),2020,12,12-Dec,Familie,2,11.0,11.0,21.0
HuffPost (US),2020,12,12-Dec,Gesellschaft,3,10.0,9.67,23.0
HuffPost (US),2020,12,12-Dec,Gesundheit,4,10.5,11.0,22.5
HuffPost (US),2020,12,12-Dec,Kriminalität,4,11.0,10.5,21.5
HuffPost (US),2020,12,12-Dec,Kunst,3,5.0,7.0,19.0
HuffPost (US),2020,12,12-Dec,Politik,95,12.0,11.51,21.0
HuffPost (US),2020,12,12-Dec,Sonstiges,9,10.0,10.22,17.0
HuffPost (US),2020,12,12-Dec,Style & Beauty,5,9.0,9.6,15.0
HuffPost (US),2020,12,12-Dec,US News,3,12.0,11.67,20.0
HuffPost (US),2020,12,12-Dec,Umwelt,1,10.0,10.0,16.0
HuffPost (US),2020,12,12-Dec,Welt,2,8.0,8.0,17.5
HuffPost (US),2020,12,12-Dec,Wirtschaft,1,11.0,11.0,33.0
HuffPost (US),2020,12,12-Dec,Wohnen,8,10.0,10.62,14.5
HuffPost (US),2021,1,01-Jan,Entertainment,28,12.0,12.32,17.0
HuffPost (US),2021,1,01-Jan,Familie,2,11.5,11.5,13.5
HuffPost (US),2021,1,01-Jan,Gesellschaft,1,9.0,9.0,19.0
HuffPost (US),2021,1,01-Jan,Gesundheit,1,14.0,14.0,21.0
HuffPost (US),2021,1,01-Jan,Kriminalität,2,10.5,10.5,20.5
HuffPost (US),2021,1,01-Jan,Politik,133,11.0,11.07,19.0
HuffPost (US),2021,1,01-Jan,Religion,1,8.0,8.0,19.0
HuffPost (US),2021,1,01-Jan,Sonstiges,1,12.0,12.0,10.0
HuffPost (US),2021,1,01-Jan,Sport,3,13.0,13.0,15.0
HuffPost (US),2021,1,01-Jan,Style & Beauty,1,7.0,7.0,15.0
HuffPost (US),2021,1,01-Jan,US News,3,10.0,10.67,17.0
HuffPost (US),2021,1,01-Jan,Umwelt,1,12.0,12.0,19.0
HuffPost (US),2021,1,01-Jan,Welt,1,11.0,11.0,18.0
HuffPost (US),2021,1,01-Jan,Wirtschaft,4,10.0,10.5,18.0
HuffPost (US),2021,1,01-Jan,Wohnen,2,11.0,11.0,9.5
HuffPost (US),2021,2,02-Feb,Bildung,1,10.0,10.0,10.0
HuffPost (US),2021,2,02-Feb,Entertainment,4,11.5,12.25,11.5
HuffPost (US),2021,2,02-Feb,Familie,1,11.0,11.0,13.0
HuffPost (US),2021,2,02-Feb,Politik,19,11.0,10.21,21.0
HuffPost (US),2021,2,02-Feb,Sport,3,10.0,10.67,14.0
HuffPost (US),2021,2,02-Feb,US News,61,11.0,10.59,20.0
HuffPost (US),2021,2,02-Feb,Umwelt,3,9.0,9.67,24.0
HuffPost (US),2021,2,02-Feb,Welt,48,10.0,10.6,20.0
HuffPost (US),2021,2,02-Feb,Wirtschaft,1,13.0,13.0,24.0
HuffPost (US),2021,3,03-Mar,Entertainment,8,10.5,11.25,16.0
HuffPost (US),2021,3,03-Mar,Essen,1,10.0,10.0,19.0
HuffPost (US),2021,3,03-Mar,Gesellschaft,1,12.0,12.0,26.0
HuffPost (US),2021,3,03-Mar,Kriminalität,1,12.0,12.0,21.0
HuffPost (US),2021,3,03-Mar,Politik,26,11.5,11.58,20.5
HuffPost (US),2021,3,03-Mar,Sport,1,12.0,12.0,14.0
HuffPost (US),2021,3,03-Mar,US News,83,11.0,10.84,20.0
HuffPost (US),2021,3,03-Mar,Umwelt,1,12.0,12.0,9.0
HuffPost (US),2021,3,03-Mar,Welt,42,10.0,10.14,18.0
HuffPost (US),2021,3,03-Mar,Wohnen,1,9.0,9.0,18.0
HuffPost (US),2021,4,04-Apr,Entertainment,35,12.0,12.14,18.0
HuffPost (US),2021,4,04-Apr,Essen,3,11.0,10.67,10.0
HuffPost (US),2021,4,04-Apr,Familie,5,10.0,9.8,19.0
HuffPost (US),2021,4,04-Apr,Gesellschaft,3,9.0,9.0,26.0
HuffPost (US),2021,4,04-Apr,Gesundheit,3,10.0,9.67,16.0
HuffPost (US),2021,4,04-Apr,Kriminalität,10,11.5,12.1,22.5
HuffPost (US),2021,4,04-Apr,Politik,82,12.0,11.38,20.0
HuffPost (US),2021,4,04-Apr,Reisen,1,12.0,12.0,13.0
HuffPost (US),2021,4,04-Apr,Sonstiges,7,11.0,11.0,16.0
HuffPost (US),2021,4,04-Apr,Style & Beauty,5,12.0,11.8,18.0
HuffPost (US),2021,4,04-Apr,US News,8,12.5,12.62,20.0
HuffPost (US),2021,4,04-Apr,Umwelt,4,12.0,10.5,19.0
HuffPost (US),2021,4,04-Apr,Welt,8,10.5,9.88,17.0
HuffPost (US),2021,4,04-Apr,Wirtschaft,1,11.0,11.0,22.0
HuffPost (US),2021,4,04-Apr,Wohnen,2,10.5,10.5,17.0
HuffPost (US),2021,5,05-May,Entertainment,36,12.0,11.81,17.0
HuffPost (US),2021,5,05-May,Essen,1,11.0,11.0,12.0
HuffPost (US),2021,5,05-May,Familie,1,12.0,12.0,18.0
HuffPost (US),2021,5,05-May,Gesellschaft,2,11.0,11.0,19.0
HuffPost (US),2021,5,05-May,Kriminalität,3,10.0,10.67,15.0
HuffPost (US),2021,5,05-May,Kunst,1,9.0,9.0,22.0
HuffPost (US),2021,5,05-May,Politik,109,11.0,11.36,20.0
HuffPost (US),2021,5,05-May,Sonstiges,1,9.0,9.0,22.0
HuffPost (US),2021,5,05-May,Sport,2,12.5,12.5,21.0
HuffPost (US),2021,5,05-May,Style & Beauty,1,10.0,10.0,11.0
HuffPost (US),2021,5,05-May,US News,7,10.0,10.14,17.0
HuffPost (US),2021,5,05-May,Umwelt,1,11.0,11.0,19.0
HuffPost (US),2021,5,05-May,Welt,15,11.0,10.93,19.0
HuffPost (US),2021,5,05-May,Wohnen,4,10.5,10.75,20.0
HuffPost (US),2021,6,06-Jun,Bildung,1,9.0,9.0,21.0
HuffPost (US),2021,6,06-Jun,Entertainment,30,11.0,11.63,18.5
HuffPost (US),2021,6,06-Jun,Essen,2,10.0,10.0,13.5
HuffPost (US),2021,6,06-Jun,Familie,3,11.0,10.67,18.0
HuffPost (US),2021,6,06-Jun,Gesellschaft,4,11.0,11.5,22.0
HuffPost (US),2021,6,06-Jun,Gesundheit,1,10.0,10.0,15.0
HuffPost (US),2021,6,06-Jun,Kriminalität,1,11.0,11.0,22.0
HuffPost (US),2021,6,06-Jun,Politik,83,11.0,11.05,20.0
HuffPost (US),2021,6,06-Jun,Sonstiges,3,9.0,9.0,18.0
HuffPost (US),2021,6,06-Jun,Sport,11,10.0,10.27,17.0
HuffPost (US),2021,6,06-Jun,US News,22,11.0,10.73,21.5
HuffPost (US),2021,6,06-Jun,Umwelt,5,12.0,11.4,14.0
HuffPost (US),2021,6,06-Jun,Welt,8,9.0,10.0,21.0
HuffPost (US),2021,6,06-Jun,Wohnen,2,9.5,9.5,17.0
HuffPost (US),2021,7,07-Jul,Entertainment,27,12.0,12.15,16.0
HuffPost (US),2021,7,07-Jul,Essen,5,13.0,13.4,11.0
HuffPost (US),2021,7,07-Jul,Familie,1,11.0,11.0,24.0
HuffPost (US),2021,7,07-Jul,Gesellschaft,3,10.0,10.67,20.0
HuffPost (US),2021,7,07-Jul,Kriminalität,1,10.0,10.0,27.0
HuffPost (US),2021,7,07-Jul,Kunst,1,9.0,9.0,11.0
HuffPost (US),2021,7,07-Jul,Politik,86,12.0,11.64,21.0
HuffPost (US),2021,7,07-Jul,Sonstiges,2,9.5,9.5,16.0
HuffPost (US),2021,7,07-Jul,Sport,17,10.0,11.12,18.0
HuffPost (US),2021,7,07-Jul,Style & Beauty,3,15.0,12.33,11.0
HuffPost (US),2021,7,07-Jul,US News,17,12.0,12.0,21.0
HuffPost (US),2021,7,07-Jul,Umwelt,9,10.0,10.33,15.0
HuffPost (US),2021,7,07-Jul,Welt,6,10.5,10.67,18.5
HuffPost (US),2021,7,07-Jul,Wohnen,2,12.0,12.0,12.0
HuffPost (US),2021,8,08-Aug,Entertainment,41,12.0,11.59,18.0
HuffPost (US),2021,8,08-Aug,Essen,4,12.0,12.0,18.0
HuffPost (US),2021,8,08-Aug,Familie,7,10.0,10.43,17.0
HuffPost (US),2021,8,08-Aug,Gesellschaft,4,9.0,8.5,22.0
HuffPost (US),2021,8,08-Aug,Gesundheit,3,11.0,10.67,17.0
HuffPost (US),2021,8,08-Aug,Kriminalität,1,14.0,14.0,28.0
HuffPost (US),2021,8,08-Aug,Politik,57,12.0,12.23,20.0
HuffPost (US),2021,8,08-Aug,Reisen,1,11.0,11.0,12.0
HuffPost (US),2021,8,08-Aug,Sonstiges,2,10.0,10.0,14.0
HuffPost (US),2021,8,08-Aug,Sport,12,11.0,10.92,17.0
HuffPost (US),2021,8,08-Aug,Style & Beauty,7,10.0,10.14,12.0
HuffPost (US),2021,8,08-Aug,US News,16,10.0,9.88,19.5
HuffPost (US),2021,8,08-Aug,Umwelt,6,10.5,10.5,20.5
HuffPost (US),2021,8,08-Aug,Welt,10,10.0,9.8,19.0
HuffPost (US),2021,8,08-Aug,Wohnen,5,11.0,11.2,18.0
HuffPost (US),2021,9,09-Sep,Bildung,1,10.0,10.0,9.0
HuffPost (US),2021,9,09-Sep,Entertainment,47,11.0,11.36,16.0
HuffPost (US),2021,9,09-Sep,Essen,4,9.5,9.0,13.0
HuffPost (US),2021,9,09-Sep,Familie,4,9.0,9.0,19.0
HuffPost (US),2021,9,09-Sep,Gesellschaft,2,10.0,10.0,10.0
HuffPost (US),2021,9,09-Sep,Gesundheit,1,14.0,14.0,12.0
HuffPost (US),2021,9,09-Sep,Kriminalität,6,10.0,10.0,23.5
HuffPost (US),2021,9,09-Sep,Kunst,1,11.0,11.0,23.0
HuffPost (US),2021,9,09-Sep,Politik,61,12.0,11.97,20.0
HuffPost (US),2021,9,09-Sep,Sonstiges,3,10.0,10.33,22.0
HuffPost (US),2021,9,09-Sep,Style & Beauty,4,10.0,10.0,10.5
HuffPost (US),2021,9,09-Sep,US News,14,10.5,10.43,22.0
HuffPost (US),2021,9,09-Sep,Umwelt,5,13.0,11.6,20.0
HuffPost (US),2021,9,09-Sep,Welt,12,10.5,10.83,21.5
HuffPost (US),2021,9,09-Sep,Wohnen,4,7.5,8.0,15.5
HuffPost (US),2021,10,10-Oct,Bildung,1,9.0,9.0,20.0
HuffPost (US),2021,10,10-Oct,Entertainment,49,12.0,11.45,16.0
HuffPost (US),2021,10,10-Oct,Essen,8,11.5,11.0,17.5
HuffPost (US),2021,10,10-Oct,Familie,2,8.0,8.0,18.0
HuffPost (US),2021,10,10-Oct,Gesellschaft,5,10.0,10.0,11.0
HuffPost (US),2021,10,10-Oct,Gesundheit,6,9.5,10.33,20.5
HuffPost (US),2021,10,10-Oct,Kriminalität,3,11.0,10.67,17.0
HuffPost (US),2021,10,10-Oct,Politik,56,11.0,11.48,20.0
HuffPost (US),2021,10,10-Oct,Reisen,1,9.0,9.0,16.0
HuffPost (US),2021,10,10-Oct,Religion,1,12.0,12.0,13.0
HuffPost (US),2021,10,10-Oct,Sonstiges,2,9.0,9.0,24.5
HuffPost (US),2021,10,10-Oct,Style & Beauty,5,11.0,10.6,13.0
HuffPost (US),2021,10,10-Oct,US News,14,11.0,11.0,19.5
HuffPost (US),2021,10,10-Oct,Umwelt,4,11.5,11.5,20.5
HuffPost (US),2021,10,10-Oct,Welt,9,11.0,10.56,20.0
HuffPost (US),2021,10,10-Oct,Wirtschaft,3,9.0,11.0,19.0
HuffPost (US),2021,10,10-Oct,Wohnen,5,10.0,10.2,13.0
HuffPost (US),2021,11,11-Nov,Entertainment,25,11.0,11.04,21.0
HuffPost (US),2021,11,11-Nov,Essen,4,10.5,10.25,22.5
HuffPost (US),2021,11,11-Nov,Gesellschaft,1,12.0,12.0,16.0
HuffPost (US),2021,11,11-Nov,Gesundheit,1,15.0,15.0,19.0
HuffPost (US),2021,11,11-Nov,Kriminalität,6,12.5,11.67,22.0
HuffPost (US),2021,11,11-Nov,Politik,60,11.0,10.75,21.0
HuffPost (US),2021,11,11-Nov,Sonstiges,3,9.0,8.33,19.0
HuffPost (US),2021,11,11-Nov,Sport,5,10.0,10.4,18.0
HuffPost (US),2021,11,11-Nov,Style & Beauty,2,11.0,11.0,17.0
HuffPost (US),2021,11,11-Nov,US News,28,10.0,10.0,20.0
HuffPost (US),2021,11,11-Nov,Umwelt,5,10.0,9.6,26.0
HuffPost (US),2021,11,11-Nov,Welt,27,10.0,10.04,21.0
HuffPost (US),2021,11,11-Nov,Wirtschaft,1,9.0,9.0,27.0
HuffPost (US),2021,11,11-Nov,Wohnen,2,10.5,10.5,14.5
HuffPost (US),2021,12,12-Dec,Entertainment,33,12.0,11.76,20.0
HuffPost (US),2021,12,12-Dec,Essen,4,11.0,11.0,17.5
HuffPost (US),2021,12,12-Dec,Familie,1,9.0,9.0,14.0
HuffPost (US),2021,12,12-Dec,Gesellschaft,3,11.0,11.67,17.0
HuffPost (US),2021,12,12-Dec,Gesundheit,5,10.0,9.6,20.0
HuffPost (US),2021,12,12-Dec,Kriminalität,7,11.0,10.86,21.0
HuffPost (US),2021,12,12-Dec,Politik,51,11.0,11.16,21.0
HuffPost (US),2021,12,12-Dec,Reisen,1,7.0,7.0,14.0
HuffPost (US),2021,12,12-Dec,Sonstiges,2,10.5,10.5,17.5
HuffPost (US),2021,12,12-Dec,Sport,5,11.0,10.8,18.0
HuffPost (US),2021,12,12-Dec,Style & Beauty,4,11.0,11.0,16.0
HuffPost (US),2021,12,12-Dec,US News,30,10.0,9.57,21.0
HuffPost (US),2021,12,12-Dec,Umwelt,8,10.0,10.75,23.5
HuffPost (US),2021,12,12-Dec,Welt,12,10.0,10.08,23.0
HuffPost (US),2021,12,12-Dec,Wirtschaft,2,8.0,8.0,16.0
HuffPost (US),2021,12,12-Dec,Wohnen,2,8.5,8.5,14.5
HuffPost (US),2022,1,01-Jan,Entertainment,34,12.0,11.82,16.5
HuffPost (US),2022,1,01-Jan,Essen,2,12.5,12.5,18.0
HuffPost (US),2022,1,01-Jan,Gesellschaft,2,11.0,11.0,9.0
HuffPost (US),2022,1,01-Jan,Gesundheit,8,12.0,11.0,18.5
HuffPost (US),2022,1,01-Jan,Kriminalität,7,11.0,10.86,26.0
HuffPost (US),2022,1,01-Jan,Politik,58,12.0,11.81,19.5
HuffPost (US),2022,1,01-Jan,Sonstiges,1,10.0,10.0,26.0
HuffPost (US),2022,1,01-Jan,Sport,7,12.0,11.14,19.0
HuffPost (US),2022,1,01-Jan,Style & Beauty,6,10.0,11.0,16.5
HuffPost (US),2022,1,01-Jan,US News,11,11.0,11.27,21.0
HuffPost (US),2022,1,01-Jan,Umwelt,3,11.0,11.33,16.0
HuffPost (US),2022,1,01-Jan,Welt,9,9.0,9.22,18.0
HuffPost (US),2022,1,01-Jan,Wirtschaft,1,10.0,10.0,24.0
HuffPost (US),2022,1,01-Jan,Wohnen,1,13.0,13.0,10.0
HuffPost (US),2022,2,02-Feb,Entertainment,14,11.5,11.29,21.5
HuffPost (US),2022,2,02-Feb,Essen,1,11.0,11.0,15.0
HuffPost (US),2022,2,02-Feb,Familie,1,13.0,13.0,23.0
HuffPost (US),2022,2,02-Feb,Gesellschaft,2,10.0,10.0,12.0
HuffPost (US),2022,2,02-Feb,Kriminalität,3,12.0,12.33,20.0
HuffPost (US),2022,2,02-Feb,Politik,41,11.0,10.95,21.0
HuffPost (US),2022,2,02-Feb,Reisen,1,12.0,12.0,14.0
HuffPost (US),2022,2,02-Feb,Sonstiges,2,9.5,9.5,20.5
HuffPost (US),2022,2,02-Feb,Sport,24,11.5,11.58,18.5
HuffPost (US),2022,2,02-Feb,US News,29,11.0,10.41,24.0
HuffPost (US),2022,2,02-Feb,Welt,32,10.0,10.12,19.5
HuffPost (US),2022,2,02-Feb,Wirtschaft,2,8.0,8.0,19.0
HuffPost (US),2022,3,03-Mar,Entertainment,24,11.5,11.21,18.0
HuffPost (US),2022,3,03-Mar,Gesellschaft,2,10.5,10.5,15.5
HuffPost (US),2022,3,03-Mar,Gesundheit,1,11.0,11.0,26.0
HuffPost (US),2022,3,03-Mar,Kriminalität,4,11.5,11.5,17.0
HuffPost (US),2022,3,03-Mar,Politik,46,11.0,11.26,21.0
HuffPost (US),2022,3,03-Mar,Sonstiges,1,7.0,7.0,27.0
HuffPost (US),2022,3,03-Mar,Sport,7,10.0,11.29,20.0
HuffPost (US),2022,3,03-Mar,Style & Beauty,1,9.0,9.0,9.0
HuffPost (US),2022,3,03-Mar,US News,39,10.0,10.33,21.0
HuffPost (US),2022,3,03-Mar,Umwelt,2,13.0,13.0,14.5
HuffPost (US),2022,3,03-Mar,Welt,43,10.0,10.05,20.0
HuffPost (US),2022,3,03-Mar,Wirtschaft,4,9.5,10.0,14.5
HuffPost (US),2022,4,04-Apr,Bildung,1,13.0,13.0,21.0
HuffPost (US),2022,4,04-Apr,Entertainment,36,12.0,11.89,18.5
HuffPost (US),2022,4,04-Apr,Gesellschaft,1,12.0,12.0,22.0
HuffPost (US),2022,4,04-Apr,Gesundheit,1,11.0,11.0,24.0
HuffPost (US),2022,4,04-Apr,Kriminalität,4,11.0,11.0,21.0
HuffPost (US),2022,4,04-Apr,Politik,45,11.0,11.0,20.0
HuffPost (US),2022,4,04-Apr,Reisen,1,6.0,6.0,12.0
HuffPost (US),2022,4,04-Apr,Sonstiges,3,11.0,10.33,20.0
HuffPost (US),2022,4,04-Apr,Sport,5,12.0,12.4,23.0
HuffPost (US),2022,4,04-Apr,Style & Beauty,3,11.0,11.33,18.0
HuffPost (US),2022,4,04-Apr,US News,20,9.0,9.9,21.0
HuffPost (US),2022,4,04-Apr,Umwelt,4,10.5,11.0,19.0
HuffPost (US),2022,4,04-Apr,Welt,34,10.0,9.91,22.0
HuffPost (US),2022,4,04-Apr,Wirtschaft,3,9.0,9.67,28.0
HuffPost (US),2022,4,04-Apr,Wohnen,1,11.0,11.0,15.0
HuffPost (US),2022,5,05-May,Entertainment,21,12.0,11.95,20.0
HuffPost (US),2022,5,05-May,Essen,4,10.0,9.75,20.0
HuffPost (US),2022,5,05-May,Familie,5,9.0,9.8,15.0
HuffPost (US),2022,5,05-May,Gesellschaft,3,10.0,11.33,15.0
HuffPost (US),2022,5,05-May,Gesundheit,3,9.0,10.67,22.0
HuffPost (US),2022,5,05-May,Kriminalität,9,10.0,10.44,21.0
HuffPost (US),2022,5,05-May,Kunst,9,12.0,12.33,25.0
HuffPost (US),2022,5,05-May,Politik,44,11.0,11.11,21.0
HuffPost (US),2022,5,05-May,Sonstiges,3,12.0,11.33,12.0
HuffPost (US),2022,5,05-May,Sport,5,13.0,12.4,20.0
HuffPost (US),2022,5,05-May,Style & Beauty,1,12.0,12.0,13.0
HuffPost (US),2022,5,05-May,US News,29,11.0,10.48,21.0
HuffPost (US),2022,5,05-May,Umwelt,4,8.5,8.5,20.0
HuffPost (US),2022,5,05-May,Welt,29,10.0,10.66,23.0
HuffPost (US),2022,5,05-May,Wirtschaft,3,7.0,7.67,12.0
HuffPost (US),2022,6,06-Jun,Entertainment,41,12.0,12.22,18.0
HuffPost (US),2022,6,06-Jun,Essen,5,10.0,10.6,16.0
HuffPost (US),2022,6,06-Jun,Familie,5,10.0,9.8,17.0
HuffPost (US),2022,6,06-Jun,Gesellschaft,6,11.0,10.67,18.0
HuffPost (US),2022,6,06-Jun,Gesundheit,4,12.5,12.25,19.0
HuffPost (US),2022,6,06-Jun,Kriminalität,3,11.0,10.67,24.0
HuffPost (US),2022,6,06-Jun,Kunst,4,12.0,12.25,24.5
HuffPost (US),2022,6,06-Jun,Politik,44,11.5,11.66,21.0
HuffPost (US),2022,6,06-Jun,Sonstiges,2,10.0,10.0,22.0
HuffPost (US),2022,6,06-Jun,Sport,3,11.0,11.0,21.0
HuffPost (US),2022,6,06-Jun,Style & Beauty,2,10.0,10.0,10.0
HuffPost (US),2022,6,06-Jun,US News,17,11.0,10.88,20.0
HuffPost (US),2022,6,06-Jun,Umwelt,5,11.0,10.6,19.0
HuffPost (US),2022,6,06-Jun,Welt,4,11.0,11.25,23.0
HuffPost (US),2022,6,06-Jun,Wohnen,1,10.0,10.0,10.0
HuffPost (US),2022,7,07-Jul,Entertainment,30,12.0,11.43,17.0
HuffPost (US),2022,7,07-Jul,Essen,3,11.0,11.33,20.0
HuffPost (US),2022,7,07-Jul,Familie,2,9.0,9.0,27.0
HuffPost (US),2022,7,07-Jul,Gesellschaft,3,10.0,10.0,18.0
HuffPost (US),2022,7,07-Jul,Gesundheit,3,10.0,10.0,25.0
HuffPost (US),2022,7,07-Jul,Kriminalität,2,10.0,10.0,22.0
HuffPost (US),2022,7,07-Jul,Kunst,2,7.5,7.5,23.5
HuffPost (US),2022,7,07-Jul,Politik,48,11.0,11.33,22.0
HuffPost (US),2022,7,07-Jul,Sonstiges,2,9.0,9.0,16.5
HuffPost (US),2022,7,07-Jul,Sport,6,10.0,10.33,20.0
HuffPost (US),2022,7,07-Jul,Style & Beauty,1,13.0,13.0,25.0
HuffPost (US),2022,7,07-Jul,US News,28,12.0,11.54,21.0
HuffPost (US),2022,7,07-Jul,Umwelt,5,10.0,10.8,15.0
HuffPost (US),2022,7,07-Jul,Welt,5,10.0,11.2,22.0
HuffPost (US),2022,7,07-Jul,Wirtschaft,1,12.0,12.0,24.0
HuffPost (US),2022,7,07-Jul,Wohnen,1,13.0,13.0,14.0
HuffPost (US),2022,8,08-Aug,Bildung,1,7.0,7.0,31.0
HuffPost (US),2022,8,08-Aug,Entertainment,30,11.0,11.6,18.5
HuffPost (US),2022,8,08-Aug,Essen,2,11.5,11.5,22.0
HuffPost (US),2022,8,08-Aug,Familie,1,10.0,10.0,29.0
HuffPost (US),2022,8,08-Aug,Gesundheit,4,11.5,12.0,16.5
HuffPost (US),2022,8,08-Aug,Kriminalität,5,11.0,10.6,22.0
HuffPost (US),2022,8,08-Aug,Kunst,3,12.0,13.0,21.0
HuffPost (US),2022,8,08-Aug,Politik,53,11.0,11.13,20.0
HuffPost (US),2022,8,08-Aug,Sonstiges,6,13.0,12.5,18.0
HuffPost (US),2022,8,08-Aug,Sport,9,11.0,10.33,20.0
HuffPost (US),2022,8,08-Aug,Style & Beauty,1,12.0,12.0,13.0
HuffPost (US),2022,8,08-Aug,US News,32,10.5,10.41,22.5
HuffPost (US),2022,8,08-Aug,Umwelt,4,10.0,10.5,19.0
HuffPost (US),2022,8,08-Aug,Welt,21,9.0,9.33,18.0
HuffPost (US),2022,8,08-Aug,Wirtschaft,1,13.0,13.0,19.0
HuffPost (US),2022,9,09-Sep,Bildung,1,12.0,12.0,18.0
HuffPost (US),2022,9,09-Sep,Entertainment,20,11.5,11.4,19.0
HuffPost (US),2022,9,09-Sep,Familie,2,7.5,7.5,24.5
HuffPost (US),2022,9,09-Sep,Kriminalität,1,7.0,7.0,20.0
HuffPost (US),2022,9,09-Sep,Kunst,5,12.0,11.4,20.0
HuffPost (US),2022,9,09-Sep,Politik,20,10.0,10.75,19.0
HuffPost (US),2022,9,09-Sep,Sonstiges,5,10.0,10.0,19.0
HuffPost (US),2022,9,09-Sep,Sport,7,11.0,11.57,19.0
HuffPost (US),2022,9,09-Sep,US News,36,10.5,10.69,22.0
HuffPost (US),2022,9,09-Sep,Umwelt,7,9.0,9.86,16.0
HuffPost (US),2022,9,09-Sep,Welt,23,10.0,10.43,22.0
