service_id,client_id,staff_id,service_date,service_type_code,duration_minutes
L000001,K0061,S007,2025-01-01,BEG,30
L000002,K0134,S024,2025-01-01,AST,30
L000003,K0102,S032,2025-01-01,SCH,120
L000004,K0140,S012,2025-01-01,SCH,60
L000005,K0009,S032,2025-01-01,SCH,60
L000006,K0024,S031,2025-01-01,BEG,90
L000007,K0046,S023,2025-01-01,BEG,30
L000008,K0083,S015,2025-01-01,AST,120
L000009,K0152,S001,2025-01-01,AST,30
L000010,K0122,S002,2025-01-01,AST,45
L000011,K0140,S020,2025-01-01,SCH,30
L000012,K0121,S013,2025-01-01,GRP,45
L000013,K0171,S018,2025-01-01,BEG,120
L000014,K0119,S001,2025-01-01,BEG,45
L000015,K0017,S013,2025-01-01,DOK,180
L000016,K0003,S029,2025-01-01,AST,45
L000017,K0053,S010,2025-01-01,AST,90
L000018,K0021,S015,2025-01-01,AST,60
L000019,K0144,S027,2025-01-01,BEG,30
L000020,K0099,S020,2025-01-01,BEG,60
L000021,K0061,S032,2025-01-01,SCH,120
L000022,K0035,S031,2025-01-01,SCH,180
L000023,K0105,S003,2025-01-01,FAL,45
L000024,K0134,S018,2025-01-01,AST,180
L000025,K0148,S029,2025-01-01,DOK,60
L000026,K0152,S023,2025-01-01,SCH,45
L000027,K0019,S029,2025-01-01,BEG,60
L000028,K0173,S010,2025-01-01,AST,60
L000029,K0036,S017,2025-01-01,AST,120
L000030,K0079,S013,2025-01-01,BEG,60
L000031,K0001,S027,2025-01-01,BER,60
L000032,K0151,S012,2025-01-01,FAL,60
L000033,K0054,S020,2025-01-01,BER,60
L000034,K0121,S023,2025-01-01,GRP,180
L000035,K0020,S018,2025-01-01,BEG,180
L000036,K0137,S006,2025-01-01,DOK,180
L000037,K0138,S017,2025-01-01,GRP,30
L000038,K0047,S024,2025-01-01,BEG,60
L000039,K0151,S010,2025-01-01,AST,60
L000040,K0030,S013,2025-01-01,AST,60
L000041,K0131,S028,2025-01-01,AST,45
L000042,K0147,S027,2025-01-01,BER,60
L000043,K0084,S025,2025-01-01,AST,60
L000044,K0152,S008,2025-01-01,DOK,180
L000045,K0069,S020,2025-01-01,GRP,30
L000046,K0032,S027,2025-01-01,AST,120
L000047,K0159,S004,2025-01-01,BER,180
L000048,K0083,S004,2025-01-01,AST,60
L000049,K0172,S018,2025-01-01,AST,45
L000050,K0004,S013,2025-01-01,AST,180
L000051,K0116,S005,2025-01-01,AST,30
L000052,K0044,S032,2025-01-02,BER,180
L000053,K0032,S027,2025-01-02,SCH,30
L000054,K0011,S010,2025-01-02,AST,45
L000055,K0141,S001,2025-01-02,FAL,60
L000056,K0065,S018,2025-01-02,FAL,90
L000057,K0102,S002,2025-01-02,DOK,60
L000058,K0105,S002,2025-01-02,GRP,90
L000059,K0009,S020,2025-01-02,FAL,30
L000060,K0035,S012,2025-01-02,DOK,30
L000061,K0067,S008,2025-01-02,GRP,120
L000062,K0171,S025,2025-01-02,FAL,90
L000063,K0153,S008,2025-01-02,GRP,120
L000064,K0005,S023,2025-01-02,DOK,60
L000065,K0009,S003,2025-01-02,SCH,120
L000066,K0040,S029,2025-01-02,AST,60
L000067,K0122,S018,2025-01-02,SCH,30
L000068,K0159,S018,2025-01-02,GRP,30
L000069,K0012,S005,2025-01-02,AST,30
L000070,K0150,S010,2025-01-02,DOK,45
L000071,K0084,S023,2025-01-02,DOK,120
L000072,K0135,S015,2025-01-02,DOK,30
L000073,K0126,S031,2025-01-02,BEG,180
L000074,K0119,S028,2025-01-02,AST,120
L000075,K0007,S007,2025-01-02,BEG,60
L000076,K0178,S032,2025-01-02,SCH,45
L000077,K0127,S032,2025-01-02,SCH,30
L000078,K0111,S018,2025-01-02,DOK,180
L000079,K0112,S006,2025-01-02,SCH,120
L000080,K0038,S025,2025-01-02,AST,60
L000081,K0120,S014,2025-01-02,SCH,60
L000082,K0126,S001,2025-01-02,DOK,180
L000083,K0014,S020,2025-01-02,GRP,60
L000084,K0032,S027,2025-01-02,AST,60
L000085,K0020,S025,2025-01-02,GRP,180
L000086,K0138,S022,2025-01-02,DOK,60
L000087,K0150,S018,2025-01-02,BEG,30
L000088,K0092,S022,2025-01-02,GRP,60
L000089,K0036,S018,2025-01-02,DOK,120
L000090,K0148,S022,2025-01-02,BEG,60
L000091,K0063,S008,2025-01-02,FAL,90
L000092,K0163,S022,2025-01-02,SCH,45
L000093,K0165,S031,2025-01-02,SCH,60
L000094,K0117,S014,2025-01-03,DOK,45
L000095,K0091,S032,2025-01-03,BEG,60
L000096,K0152,S002,2025-01-03,AST,180
L000097,K0037,S008,2025-01-03,AST,30
L000098,K0163,S004,2025-01-03,DOK,180
L000099,K0146,S020,2025-01-03,SCH,120
L000100,K0105,S028,2025-01-03,AST,90
L000101,K0121,S002,2025-01-03,BER,180
L000102,K0162,S031,2025-01-03,AST,90
L000103,K0144,S005,2025-01-03,AST,90
L000104,K0032,S034,2025-01-03,AST,90
L000105,K0014,S011,2025-01-03,SCH,120
L000106,K0100,S011,2025-01-03,BEG,90
L000107,K0142,S010,2025-01-03,AST,120
L000108,K0115,S010,2025-01-03,AST,60
L000109,K0176,S023,2025-01-03,SCH,120
L000110,K0055,S011,2025-01-03,DOK,45
L000111,K0140,S020,2025-01-03,BEG,180
L000112,K0092,S011,2025-01-03,GRP,60
L000113,K0067,S018,2025-01-03,DOK,60
L000114,K0144,S024,2025-01-03,AST,90
L000115,K0141,S034,2025-01-03,AST,60
L000116,K0009,S008,2025-01-03,FAL,45
L000117,K0159,S012,2025-01-03,SCH,30
L000118,K0138,S022,2025-01-03,BER,120
L000119,K0128,S005,2025-01-03,SCH,60
L000120,K0071,S004,2025-01-03,GRP,30
L000121,K0020,S005,2025-01-03,GRP,30
L000122,K0101,S008,2025-01-03,FAL,120
L000123,K0038,S005,2025-01-03,BER,45
L000124,K0049,S015,2025-01-03,AST,30
L000125,K0090,S003,2025-01-03,AST,120
L000126,K0027,S003,2025-01-03,BEG,120
L000127,K0131,S027,2025-01-03,BEG,45
L000128,K0079,S027,2025-01-03,SCH,60
L000129,K0151,S007,2025-01-03,DOK,60
L000130,K0027,S001,2025-01-03,AST,30
L000131,K0159,S008,2025-01-03,BEG,120
L000132,K0076,S032,2025-01-03,AST,45
L000133,K0095,S023,2025-01-03,BEG,30
L000134,K0083,S003,2025-01-03,AST,180
L000135,K0178,S025,2025-01-03,AST,180
L000136,K0031,S006,2025-01-03,DOK,45
L000137,K0053,S025,2025-01-03,SCH,30
L000138,K0151,S005,2025-01-03,GRP,180
L000139,K0034,S011,2025-01-03,SCH,45
L000140,K0043,S010,2025-01-03,BEG,60
L000141,K0101,S005,2025-01-03,DOK,90
L000142,K0024,S025,2025-01-03,AST,30
L000143,K0038,S028,2025-01-06,GRP,60
L000144,K0096,S001,2025-01-06,DOK,45
L000145,K0009,S003,2025-01-06,DOK,60
L000146,K0176,S029,2025-01-06,DOK,180
L000147,K0052,S005,2025-01-06,AST,30
L000148,K0050,S023,2025-01-06,FAL,120
L000149,K0095,S006,2025-01-06,SCH,45
L000150,K0009,S027,2025-01-06,GRP,60
L000151,K0178,S020,2025-01-06,SCH,90
L000152,K0106,S013,2025-01-06,DOK,60
L000153,K0160,S011,2025-01-06,SCH,180
L000154,K0092,S015,2025-01-06,BEG,60
L000155,K0025,S014,2025-01-06,DOK,45
L000156,K0084,S027,2025-01-06,AST,60
L000157,K0107,S004,2025-01-06,AST,120
L000158,K0124,S020,2025-01-06,FAL,180
L000159,K0060,S012,2025-01-06,DOK,120
L000160,K0144,S004,2025-01-06,AST,45
L000161,K0149,S015,2025-01-06,SCH,60
L000162,K0128,S001,2025-01-06,AST,60
L000163,K0001,S013,2025-01-06,DOK,120
L000164,K0063,S004,2025-01-06,BEG,60
L000165,K0151,S018,2025-01-06,AST,60
L000166,K0131,S024,2025-01-06,DOK,120
L000167,K0049,S023,2025-01-06,SCH,180
L000168,K0142,S011,2025-01-06,DOK,90
L000169,K0119,S003,2025-01-06,BER,45
L000170,K0038,S005,2025-01-06,GRP,90
L000171,K0032,S017,2025-01-06,AST,180
L000172,K0011,S001,2025-01-06,BEG,180
L000173,K0105,S014,2025-01-06,AST,90
L000174,K0087,S004,2025-01-06,SCH,60
L000175,K0025,S010,2025-01-06,AST,60
L000176,K0052,S027,2025-01-06,AST,180
L000177,K0147,S032,2025-01-06,AST,30
L000178,K0103,S015,2025-01-06,AST,30
L000179,K0037,S018,2025-01-06,AST,120
L000180,K0091,S029,2025-01-06,BER,90
L000181,K0179,S027,2025-01-06,AST,30
L000182,K0031,S023,2025-01-06,AST,45
L000183,K0040,S004,2025-01-06,AST,180
L000184,K0083,S013,2025-01-06,SCH,30
L000185,K0178,S031,2025-01-06,AST,30
L000186,K0120,S022,2025-01-06,AST,30
L000187,K0052,S020,2025-01-06,AST,180
L000188,K0149,S029,2025-01-06,AST,120
L000189,K0022,S001,2025-01-06,DOK,90
L000190,K0142,S011,2025-01-06,SCH,180
L000191,K0147,S022,2025-01-06,GRP,60
L000192,K0038,S018,2025-01-06,AST,45
L000193,K0116,S015,2025-01-06,SCH,60
L000194,K0006,S007,2025-01-07,GRP,120
L000195,K0020,S023,2025-01-07,AST,60
L000196,K0176,S017,2025-01-07,DOK,60
L000197,K0083,S001,2025-01-07,SCH,45
L000198,K0011,S032,2025-01-07,GRP,180
L000199,K0034,S025,2025-01-07,SCH,120
L000200,K0121,S020,2025-01-07,AST,60
L000201,K0096,S034,2025-01-07,DOK,90
L000202,K0050,S018,2025-01-07,FAL,90
L000203,K0162,S005,2025-01-07,AST,45
L000204,K0008,S024,2025-01-07,AST,120
L000205,K0050,S003,2025-01-07,SCH,120
L000206,K0178,S020,2025-01-07,GRP,180
L000207,K0092,S004,2025-01-07,AST,30
L000208,K0114,S006,2025-01-07,FAL,90
L000209,K0122,S027,2025-01-07,DOK,120
L000210,K0091,S018,2025-01-07,AST,120
L000211,K0020,S007,2025-01-07,GRP,90
L000212,K0116,S018,2025-01-07,BEG,30
L000213,K0098,S025,2025-01-07,GRP,45
L000214,K0020,S023,2025-01-07,BEG,120
L000215,K0164,S007,2025-01-07,BEG,60
L000216,K0014,S029,2025-01-07,GRP,60
L000217,K0020,S017,2025-01-07,DOK,30
L000218,K0044,S025,2025-01-07,AST,90
L000219,K0046,S013,2025-01-07,GRP,180
L000220,K0045,S032,2025-01-07,SCH,45
L000221,K0134,S022,2025-01-07,DOK,60
L000222,K0031,S015,2025-01-07,GRP,45
L000223,K0028,S012,2025-01-07,FAL,60
L000224,K0099,S034,2025-01-07,BEG,60
L000225,K0115,S001,2025-01-07,AST,60
L000226,K0151,S014,2025-01-07,SCH,60
L000227,K0076,S010,2025-01-07,AST,180
L000228,K0093,S020,2025-01-07,SCH,120
L000229,K0144,S031,2025-01-07,AST,90
L000230,K0114,S025,2025-01-07,AST,90
L000231,K0009,S025,2025-01-07,DOK,180
L000232,K0012,S024,2025-01-07,GRP,120
L000233,K0115,S012,2025-01-07,SCH,60
L000234,K0142,S005,2025-01-07,AST,60
L000235,K0024,S004,2025-01-07,BEG,180
L000236,K0096,S001,2025-01-07,AST,60
L000237,K0116,S031,2025-01-07,GRP,180
L000238,K0146,S029,2025-01-07,GRP,30
L000239,K0092,S013,2025-01-07,BEG,180
L000240,K0134,S013,2025-01-07,DOK,180
L000241,K0137,S005,2025-01-07,GRP,180
L000242,K0050,S011,2025-01-07,BEG,60
L000243,K0110,S008,2025-01-08,AST,30
L000244,K0124,S008,2025-01-08,AST,60
L000245,K0084,S020,2025-01-08,GRP,60
L000246,K0022,S023,2025-01-08,AST,90
L000247,K0040,S011,2025-01-08,GRP,30
L000248,K0063,S022,2025-01-08,GRP,60
L000249,K0005,S014,2025-01-08,GRP,120
L000250,K0004,S017,2025-01-08,AST,90
L000251,K0095,S024,2025-01-08,AST,30
L000252,K0162,S034,2025-01-08,GRP,90
L000253,K0173,S004,2025-01-08,AST,180
L000254,K0122,S002,2025-01-08,SCH,45
L000255,K0021,S008,2025-01-08,DOK,90
L000256,K0131,S005,2025-01-08,AST,180
L000257,K0010,S024,2025-01-08,SCH,180
L000258,K0135,S025,2025-01-08,FAL,180
L000259,K0005,S031,2025-01-08,GRP,30
L000260,K0122,S004,2025-01-08,BER,120
L000261,K0152,S031,2025-01-08,AST,180
L000262,K0153,S029,2025-01-08,GRP,120
L000263,K0008,S023,2025-01-08,SCH,60
L000264,K0160,S034,2025-01-08,AST,60
L000265,K0063,S031,2025-01-08,DOK,90
L000266,K0071,S028,2025-01-08,DOK,120
L000267,K0018,S015,2025-01-08,SCH,90
L000268,K0009,S008,2025-01-08,FAL,120
L000269,K0079,S022,2025-01-08,SCH,45
L000270,K0045,S025,2025-01-08,GRP,30
L000271,K0032,S024,2025-01-08,SCH,180
L000272,K0153,S022,2025-01-08,GRP,120
L000273,K0025,S001,2025-01-08,AST,60
L000274,K0164,S024,2025-01-08,AST,45
L000275,K0073,S015,2025-01-08,AST,60
L000276,K0034,S004,2025-01-08,AST,60
L000277,K0160,S004,2025-01-08,BEG,120
L000278,K0157,S007,2025-01-08,AST,90
L000279,K0011,S020,2025-01-09,SCH,120
L000280,K0076,S022,2025-01-09,SCH,60
L000281,K0116,S020,2025-01-09,AST,30
L000282,K0049,S015,2025-01-09,FAL,90
L000283,K0135,S023,2025-01-09,DOK,30
L000284,K0032,S017,2025-01-09,DOK,60
L000285,K0173,S001,2025-01-09,SCH,30
L000286,K0071,S017,2025-01-09,AST,30
L000287,K0055,S032,2025-01-09,BEG,180
L000288,K0046,S004,2025-01-09,AST,60
L000289,K0017,S006,2025-01-09,AST,60
L000290,K0044,S029,2025-01-09,BEG,60
L000291,K0045,S012,2025-01-09,FAL,45
L000292,K0102,S001,2025-01-09,AST,180
L000293,K0054,S012,2025-01-09,BEG,60
L000294,K0121,S034,2025-01-09,AST,120
L000295,K0027,S015,2025-01-09,GRP,120
L000296,K0129,S032,2025-01-09,AST,180
L000297,K0140,S025,2025-01-09,AST,60
L000298,K0171,S014,2025-01-09,AST,90
L000299,K0008,S018,2025-01-09,DOK,60
L000300,K0165,S017,2025-01-09,AST,60
L000301,K0076,S031,2025-01-09,GRP,120
L000302,K0098,S005,2025-01-09,AST,30
L000303,K0070,S006,2025-01-09,FAL,60
L000304,K0095,S002,2025-01-09,BEG,45
L000305,K0122,S018,2025-01-09,AST,180
L000306,K0017,S007,2025-01-09,AST,180
L000307,K0130,S018,2025-01-09,AST,60
L000308,K0145,S006,2025-01-09,DOK,45
L000309,K0052,S014,2025-01-09,SCH,90
L000310,K0144,S017,2025-01-09,AST,120
L000311,K0157,S007,2025-01-09,DOK,60
L000312,K0049,S001,2025-01-09,BER,30
L000313,K0119,S022,2025-01-09,SCH,120
L000314,K0016,S012,2025-01-09,DOK,60
L000315,K0065,S008,2025-01-09,BER,45
L000316,K0068,S034,2025-01-09,SCH,120
L000317,K0129,S012,2025-01-09,AST,120
L000318,K0171,S015,2025-01-09,GRP,120
L000319,K0173,S023,2025-01-09,GRP,30
L000320,K0045,S010,2025-01-09,SCH,60
L000321,K0016,S001,2025-01-09,AST,90
L000322,K0138,S029,2025-01-09,AST,45
L000323,K0124,S015,2025-01-09,AST,60
L000324,K0027,S012,2025-01-09,BEG,60
L000325,K0098,S010,2025-01-09,GRP,60
L000326,K0030,S034,2025-01-09,SCH,45
L000327,K0140,S029,2025-01-09,GRP,90
L000328,K0011,S027,2025-01-09,SCH,90
L000329,K0013,S002,2025-01-09,BER,60
L000330,K0007,S034,2025-01-10,AST,30
L000331,K0011,S003,2025-01-10,GRP,90
L000332,K0130,S010,2025-01-10,FAL,120
L000333,K0095,S012,2025-01-10,SCH,60
L000334,K0178,S005,2025-01-10,SCH,60
L000335,K0063,S029,2025-01-10,DOK,180
L000336,K0147,S023,2025-01-10,SCH,30
L000337,K0171,S015,2025-01-10,BER,180
L000338,K0046,S024,2025-01-10,FAL,45
L000339,K0173,S020,2025-01-10,SCH,60
L000340,K0145,S007,2025-01-10,DOK,120
L000341,K0005,S023,2025-01-10,FAL,60
L000342,K0016,S027,2025-01-10,GRP,30
L000343,K0179,S034,2025-01-10,SCH,90
L000344,K0102,S031,2025-01-10,SCH,30
L000345,K0178,S032,2025-01-10,AST,60
L000346,K0105,S034,2025-01-10,AST,45
L000347,K0031,S008,2025-01-10,BEG,45
L000348,K0124,S025,2025-01-10,BEG,180
L000349,K0049,S018,2025-01-10,AST,90
L000350,K0114,S027,2025-01-10,AST,90
L000351,K0030,S005,2025-01-10,BEG,90
L000352,K0049,S032,2025-01-10,SCH,60
L000353,K0068,S007,2025-01-10,BEG,60
L000354,K0005,S005,2025-01-10,AST,180
L000355,K0060,S002,2025-01-10,BEG,45
L000356,K0038,S027,2025-01-10,GRP,60
L000357,K0153,S024,2025-01-10,GRP,60
L000358,K0124,S006,2025-01-10,BER,45
L000359,K0112,S001,2025-01-10,GRP,90
L000360,K0050,S013,2025-01-10,SCH,90
L000361,K0103,S022,2025-01-10,DOK,60
L000362,K0106,S024,2025-01-10,BEG,60
L000363,K0112,S020,2025-01-10,AST,120
L000364,K0073,S022,2025-01-10,AST,60
L000365,K0032,S029,2025-01-10,GRP,60
L000366,K0115,S024,2025-01-10,AST,60
L000367,K0134,S031,2025-01-10,GRP,180
L000368,K0038,S005,2025-01-10,SCH,45
L000369,K0102,S029,2025-01-10,GRP,180
L000370,K0144,S007,2025-01-10,AST,60
L000371,K0140,S025,2025-01-10,SCH,45
L000372,K0107,S022,2025-01-10,GRP,60
L000373,K0138,S007,2025-01-10,DOK,180
L000374,K0178,S020,2025-01-10,SCH,60
L000375,K0065,S007,2025-01-10,GRP,90
L000376,K0001,S003,2025-01-10,DOK,90
L000377,K0137,S023,2025-01-10,SCH,30
L000378,K0049,S007,2025-01-10,GRP,30
L000379,K0107,S020,2025-01-10,SCH,60
L000380,K0148,S011,2025-01-10,FAL,30
L000381,K0101,S018,2025-01-10,AST,180
L000382,K0090,S025,2025-01-10,AST,45
L000383,K0025,S001,2025-01-10,DOK,180
L000384,K0115,S001,2025-01-10,SCH,120
L000385,K0159,S010,2025-01-13,DOK,45
L000386,K0054,S001,2025-01-13,GRP,120
L000387,K0138,S031,2025-01-13,BEG,60
L000388,K0171,S029,2025-01-13,AST,30
L000389,K0005,S020,2025-01-13,SCH,45
L000390,K0096,S020,2025-01-13,DOK,180
L000391,K0045,S012,2025-01-13,GRP,180
L000392,K0148,S004,2025-01-13,AST,180
L000393,K0165,S012,2025-01-13,SCH,60
L000394,K0124,S011,2025-01-13,GRP,45
L000395,K0171,S008,2025-01-13,GRP,60
L000396,K0014,S008,2025-01-13,AST,180
L000397,K0025,S008,2025-01-13,SCH,60
L000398,K0031,S017,2025-01-13,BEG,120
L000399,K0103,S011,2025-01-13,SCH,60
L000400,K0076,S014,2025-01-13,AST,180
L000401,K0142,S006,2025-01-13,DOK,60
L000402,K0046,S015,2025-01-13,AST,60
L000403,K0152,S024,2025-01-13,BEG,45
L000404,K0047,S013,2025-01-13,AST,45
L000405,K0146,S017,2025-01-13,SCH,120
L000406,K0117,S022,2025-01-13,DOK,60
L000407,K0067,S006,2025-01-13,GRP,120
L000408,K0079,S024,2025-01-13,AST,30
L000409,K0120,S014,2025-01-13,BER,60
L000410,K0130,S008,2025-01-13,DOK,120
L000411,K0099,S004,2025-01-13,BEG,180
L000412,K0103,S031,2025-01-13,SCH,60
L000413,K0079,S025,2025-01-13,BER,90
L000414,K0127,S022,2025-01-13,AST,60
L000415,K0178,S007,2025-01-13,SCH,180
L000416,K0147,S029,2025-01-13,SCH,45
L000417,K0162,S008,2025-01-13,DOK,45
L000418,K0164,S013,2025-01-13,AST,30
L000419,K0117,S022,2025-01-13,DOK,45
L000420,K0027,S032,2025-01-13,DOK,45
L000421,K0060,S013,2025-01-13,AST,60
L000422,K0098,S015,2025-01-13,SCH,180
L000423,K0132,S017,2025-01-13,SCH,45
L000424,K0008,S031,2025-01-13,BEG,90
L000425,K0106,S008,2025-01-13,SCH,60
L000426,K0027,S022,2025-01-13,AST,90
L000427,K0111,S027,2025-01-13,SCH,30
L000428,K0004,S008,2025-01-13,BER,45
L000429,K0017,S020,2025-01-13,BEG,60
L000430,K0005,S029,2025-01-13,BEG,45
L000431,K0047,S014,2025-01-13,AST,60
L000432,K0052,S002,2025-01-13,AST,30
L000433,K0005,S028,2025-01-13,AST,60
L000434,K0087,S017,2025-01-13,SCH,120
L000435,K0148,S025,2025-01-13,SCH,30
L000436,K0073,S010,2025-01-13,AST,180
L000437,K0053,S018,2025-01-13,GRP,30
L000438,K0172,S018,2025-01-13,BER,30
L000439,K0096,S031,2025-01-14,BER,120
L000440,K0016,S024,2025-01-14,GRP,90
L000441,K0148,S007,2025-01-14,SCH,90
L000442,K0031,S031,2025-01-14,FAL,60
L000443,K0120,S003,2025-01-14,SCH,180
L000444,K0157,S001,2025-01-14,AST,30
L000445,K0124,S014,2025-01-14,SCH,45
L000446,K0100,S029,2025-01-14,GRP,120
L000447,K0121,S027,2025-01-14,AST,90
L000448,K0172,S015,2025-01-14,BEG,120
L000449,K0034,S025,2025-01-14,DOK,45
L000450,K0032,S027,2025-01-14,DOK,60
L000451,K0032,S014,2025-01-14,DOK,180
L000452,K0147,S015,2025-01-14,AST,180
L000453,K0172,S017,2025-01-14,GRP,30
L000454,K0037,S017,2025-01-14,SCH,180
L000455,K0003,S007,2025-01-14,FAL,90
L000456,K0042,S015,2025-01-14,GRP,30
L000457,K0052,S008,2025-01-14,AST,90
L000458,K0110,S029,2025-01-14,SCH,30
L000459,K0019,S005,2025-01-14,AST,30
L000460,K0142,S018,2025-01-14,DOK,90
L000461,K0152,S022,2025-01-14,AST,60
L000462,K0069,S031,2025-01-14,DOK,45
L000463,K0127,S006,2025-01-14,BER,45
L000464,K0178,S001,2025-01-14,AST,45
L000465,K0152,S014,2025-01-14,GRP,30
L000466,K0024,S018,2025-01-14,BER,180
L000467,K0160,S010,2025-01-14,GRP,60
L000468,K0140,S029,2025-01-14,SCH,60
L000469,K0142,S034,2025-01-14,BEG,30
L000470,K0164,S025,2025-01-14,SCH,90
L000471,K0150,S010,2025-01-14,SCH,60
L000472,K0155,S023,2025-01-14,BEG,60
L000473,K0055,S018,2025-01-14,SCH,30
L000474,K0098,S005,2025-01-14,DOK,30
L000475,K0053,S022,2025-01-14,SCH,90
L000476,K0107,S001,2025-01-14,GRP,120
L000477,K0012,S031,2025-01-14,AST,45
L000478,K0076,S023,2025-01-14,BER,90
L000479,K0117,S025,2025-01-14,DOK,90
L000480,K0116,S022,2025-01-14,GRP,30
L000481,K0046,S008,2025-01-14,BEG,180
L000482,K0079,S022,2025-01-15,AST,30
L000483,K0105,S006,2025-01-15,AST,60
L000484,K0004,S022,2025-01-15,SCH,45
L000485,K0011,S010,2025-01-15,GRP,60
L000486,K0045,S017,2025-01-15,BER,120
L000487,K0093,S029,2025-01-15,BER,120
L000488,K0153,S024,2025-01-15,AST,180
L000489,K0030,S028,2025-01-15,GRP,60
L000490,K0100,S011,2025-01-15,DOK,30
L000491,K0115,S025,2025-01-15,FAL,60
L000492,K0172,S013,2025-01-15,AST,120
L000493,K0030,S018,2025-01-15,SCH,90
L000494,K0114,S023,2025-01-15,AST,30
L000495,K0042,S010,2025-01-15,BEG,90
L000496,K0173,S028,2025-01-15,DOK,180
L000497,K0025,S005,2025-01-15,AST,120
L000498,K0162,S018,2025-01-15,AST,180
L000499,K0102,S015,2025-01-15,GRP,120
L000500,K0018,S028,2025-01-15,SCH,45
L000501,K0121,S031,2025-01-15,AST,120
L000502,K0130,S012,2025-01-15,GRP,120
L000503,K0115,S017,2025-01-15,BER,30
L000504,K0016,S024,2025-01-15,SCH,30
L000505,K0018,S008,2025-01-15,BER,120
L000506,K0045,S006,2025-01-15,DOK,180
L000507,K0130,S002,2025-01-15,SCH,45
L000508,K0120,S004,2025-01-15,DOK,30
L000509,K0111,S027,2025-01-15,AST,180
L000510,K0060,S034,2025-01-15,SCH,30
L000511,K0043,S014,2025-01-15,BEG,60
L000512,K0032,S003,2025-01-15,AST,90
L000513,K0083,S028,2025-01-15,DOK,180
L000514,K0132,S023,2025-01-15,GRP,45
L000515,K0153,S002,2025-01-15,AST,60
L000516,K0021,S003,2025-01-15,DOK,120
L000517,K0152,S034,2025-01-15,DOK,60
L000518,K0111,S034,2025-01-15,BER,180
L000519,K0007,S012,2025-01-15,GRP,120
L000520,K0142,S028,2025-01-15,BEG,30
L000521,K0153,S029,2025-01-15,AST,60
L000522,K0073,S003,2025-01-15,GRP,180
L000523,K0105,S007,2025-01-15,DOK,45
L000524,K0130,S024,2025-01-15,GRP,60
L000525,K0172,S022,2025-01-15,FAL,60
L000526,K0070,S008,2025-01-15,BER,60
L000527,K0146,S022,2025-01-15,SCH,60
L000528,K0179,S024,2025-01-15,DOK,60
L000529,K0013,S015,2025-01-15,BEG,60
L000530,K0152,S001,2025-01-15,AST,45
L000531,K0045,S013,2025-01-16,DOK,90
L000532,K0047,S020,2025-01-16,BER,60
L000533,K0162,S004,2025-01-16,DOK,45
L000534,K0092,S015,2025-01-16,SCH,180
L000535,K0028,S006,2025-01-16,SCH,180
L000536,K0145,S004,2025-01-16,SCH,120
L000537,K0096,S013,2025-01-16,AST,90
L000538,K0151,S025,2025-01-16,SCH,180
L000539,K0085,S005,2025-01-16,BEG,120
L000540,K0128,S002,2025-01-16,AST,90
L000541,K0100,S025,2025-01-16,SCH,45
L000542,K0019,S020,2025-01-16,SCH,90
L000543,K0144,S028,2025-01-16,DOK,90
L000544,K0070,S006,2025-01-16,AST,180
L000545,K0053,S014,2025-01-16,AST,60
L000546,K0055,S020,2025-01-16,GRP,30
L000547,K0137,S008,2025-01-16,BEG,180
L000548,K0085,S002,2025-01-16,AST,60
L000549,K0013,S032,2025-01-16,AST,90
L000550,K0027,S028,2025-01-16,GRP,180
L000551,K0102,S034,2025-01-16,AST,30
L000552,K0034,S013,2025-01-16,SCH,60
L000553,K0014,S025,2025-01-16,AST,60
L000554,K0025,S022,2025-01-16,GRP,90
L000555,K0099,S018,2025-01-16,BEG,60
L000556,K0027,S022,2025-01-16,DOK,180
L000557,K0115,S008,2025-01-16,AST,180
L000558,K0153,S018,2025-01-16,SCH,30
L000559,K0162,S032,2025-01-16,AST,120
L000560,K0172,S032,2025-01-16,DOK,90
L000561,K0073,S004,2025-01-16,DOK,45
L000562,K0145,S032,2025-01-16,AST,30
L000563,K0112,S004,2025-01-16,AST,45
L000564,K0140,S010,2025-01-16,AST,60
L000565,K0010,S028,2025-01-16,BEG,60
L000566,K0124,S007,2025-01-16,BER,60
L000567,K0128,S013,2025-01-16,AST,60
L000568,K0076,S006,2025-01-16,SCH,180
L000569,K0164,S017,2025-01-16,GRP,60
L000570,K0019,S003,2025-01-16,SCH,45
L000571,K0038,S025,2025-01-16,BEG,30
L000572,K0157,S003,2025-01-16,DOK,120
L000573,K0121,S012,2025-01-16,BEG,120
L000574,K0138,S008,2025-01-16,AST,180
L000575,K0090,S005,2025-01-16,SCH,180
L000576,K0116,S028,2025-01-17,BEG,45
L000577,K0105,S012,2025-01-17,BEG,60
L000578,K0060,S005,2025-01-17,GRP,60
L000579,K0149,S007,2025-01-17,AST,60
L000580,K0099,S001,2025-01-17,AST,60
L000581,K0027,S023,2025-01-17,GRP,90
L000582,K0127,S024,2025-01-17,BEG,30
L000583,K0009,S027,2025-01-17,BEG,30
L000584,K0071,S004,2025-01-17,SCH,60
L000585,K0176,S008,2025-01-17,AST,60
L000586,K0114,S031,2025-01-17,SCH,60
L000587,K0028,S012,2025-01-17,GRP,90
L000588,K0011,S007,2025-01-17,GRP,120
L000589,K0037,S008,2025-01-17,AST,45
L000590,K0061,S017,2025-01-17,GRP,90
L000591,K0005,S007,2025-01-17,SCH,180
L000592,K0150,S010,2025-01-17,GRP,90
L000593,K0055,S017,2025-01-17,BEG,60
L000594,K0178,S027,2025-01-17,BER,60
L000595,K0100,S004,2025-01-17,SCH,60
L000596,K0110,S024,2025-01-17,AST,180
L000597,K0043,S007,2025-01-17,AST,60
L000598,K0105,S012,2025-01-17,GRP,60
L000599,K0135,S017,2025-01-17,BER,60
L000600,K0018,S024,2025-01-17,SCH,60
L000601,K0131,S007,2025-01-17,AST,60
L000602,K0068,S020,2025-01-17,AST,45
L000603,K0017,S017,2025-01-17,AST,45
L000604,K0019,S011,2025-01-17,AST,60
L000605,K0049,S018,2025-01-17,GRP,90
L000606,K0141,S011,2025-01-17,BEG,30
L000607,K0069,S028,2025-01-17,FAL,120
L000608,K0091,S028,2025-01-17,SCH,60
L000609,K0049,S005,2025-01-17,DOK,90
L000610,K0042,S027,2025-01-17,SCH,90
L000611,K0162,S020,2025-01-17,AST,60
L000612,K0121,S011,2025-01-17,BER,60
L000613,K0150,S004,2025-01-17,AST,180
L000614,K0178,S007,2025-01-17,SCH,45
L000615,K0179,S024,2025-01-17,SCH,45
L000616,K0150,S008,2025-01-17,SCH,180
L000617,K0006,S034,2025-01-17,GRP,30
L000618,K0165,S008,2025-01-17,BEG,180
L000619,K0018,S028,2025-01-17,AST,60
L000620,K0132,S013,2025-01-17,AST,30
L000621,K0157,S007,2025-01-17,AST,60
L000622,K0176,S025,2025-01-17,DOK,120
L000623,K0006,S003,2025-01-17,SCH,30
L000624,K0100,S031,2025-01-17,BEG,120
L000625,K0003,S027,2025-01-17,BER,180
L000626,K0110,S032,2025-01-17,BER,120
L000627,K0031,S022,2025-01-17,AST,60
L000628,K0128,S018,2025-01-17,GRP,60
L000629,K0043,S007,2025-01-17,DOK,45
L000630,K0055,S004,2025-01-17,AST,60
L000631,K0140,S025,2025-01-17,GRP,45
L000632,K0102,S024,2025-01-20,DOK,60
L000633,K0052,S020,2025-01-20,AST,90
L000634,K0145,S024,2025-01-20,DOK,180
L000635,K0008,S028,2025-01-20,AST,120
L000636,K0138,S002,2025-01-20,BEG,180
L000637,K0046,S008,2025-01-20,AST,60
L000638,K0095,S013,2025-01-20,FAL,180
L000639,K0018,S003,2025-01-20,BER,60
L000640,K0130,S017,2025-01-20,SCH,120
L000641,K0142,S015,2025-01-20,DOK,45
L000642,K0013,S024,2025-01-20,BEG,90
L000643,K0122,S012,2025-01-20,AST,30
L000644,K0003,S024,2025-01-20,DOK,120
L000645,K0172,S029,2025-01-20,AST,90
L000646,K0149,S004,2025-01-20,AST,30
L000647,K0099,S025,2025-01-20,GRP,45
L000648,K0130,S008,2025-01-20,AST,60
L000649,K0122,S006,2025-01-20,AST,180
L000650,K0085,S008,2025-01-20,DOK,45
L000651,K0134,S020,2025-01-20,FAL,30
L000652,K0129,S018,2025-01-20,GRP,30
L000653,K0024,S013,2025-01-20,AST,45
L000654,K0102,S025,2025-01-20,AST,45
L000655,K0155,S024,2025-01-20,FAL,180
L000656,K0060,S004,2025-01-20,DOK,120
L000657,K0025,S025,2025-01-20,BEG,120
L000658,K0142,S012,2025-01-20,AST,120
L000659,K0079,S031,2025-01-20,DOK,180
L000660,K0157,S013,2025-01-20,BER,180
L000661,K0020,S018,2025-01-20,BEG,60
L000662,K0001,S004,2025-01-20,BER,30
L000663,K0121,S002,2025-01-20,GRP,90
L000664,K0083,S024,2025-01-20,AST,30
L000665,K0122,S010,2025-01-20,GRP,60
L000666,K0031,S027,2025-01-20,AST,45
L000667,K0006,S023,2025-01-20,FAL,60
L000668,K0004,S004,2025-01-20,SCH,45
L000669,K0069,S025,2025-01-20,FAL,45
L000670,K0091,S005,2025-01-20,SCH,30
L000671,K0052,S034,2025-01-20,AST,30
L000672,K0068,S010,2025-01-20,DOK,60
L000673,K0061,S032,2025-01-20,SCH,45
L000674,K0162,S004,2025-01-20,FAL,45
L000675,K0120,S003,2025-01-20,BEG,30
L000676,K0165,S010,2025-01-21,AST,90
L000677,K0100,S031,2025-01-21,GRP,45
L000678,K0076,S006,2025-01-21,GRP,45
L000679,K0144,S007,2025-01-21,FAL,180
L000680,K0124,S032,2025-01-21,FAL,60
L000681,K0054,S005,2025-01-21,AST,60
L000682,K0093,S022,2025-01-21,AST,30
L000683,K0110,S003,2025-01-21,AST,180
L000684,K0032,S034,2025-01-21,SCH,60
L000685,K0112,S015,2025-01-21,DOK,180
L000686,K0138,S029,2025-01-21,SCH,90
L000687,K0085,S011,2025-01-21,AST,180
L000688,K0034,S024,2025-01-21,SCH,45
L000689,K0014,S023,2025-01-21,FAL,30
L000690,K0178,S013,2025-01-21,AST,60
L000691,K0101,S027,2025-01-21,GRP,90
L000692,K0044,S029,2025-01-21,DOK,90
L000693,K0117,S002,2025-01-21,DOK,30
L000694,K0035,S028,2025-01-21,BEG,30
L000695,K0174,S008,2025-01-21,DOK,30
L000696,K0163,S011,2025-01-21,SCH,60
L000697,K0040,S005,2025-01-21,BEG,30
L000698,K0124,S008,2025-01-21,GRP,60
L000699,K0100,S013,2025-01-21,SCH,60
L000700,K0060,S023,2025-01-21,AST,45
L000701,K0174,S017,2025-01-21,AST,45
L000702,K0148,S029,2025-01-21,DOK,60
L000703,K0134,S015,2025-01-21,DOK,30
L000704,K0034,S025,2025-01-21,GRP,30
L000705,K0076,S031,2025-01-21,GRP,45
L000706,K0116,S031,2025-01-21,AST,120
L000707,K0028,S014,2025-01-21,SCH,60
L000708,K0114,S029,2025-01-21,FAL,60
L000709,K0045,S015,2025-01-21,BEG,60
L000710,K0084,S011,2025-01-21,AST,45
L000711,K0152,S017,2025-01-21,GRP,90
L000712,K0130,S018,2025-01-21,SCH,180
L000713,K0037,S003,2025-01-21,FAL,120
L000714,K0176,S022,2025-01-21,DOK,30
L000715,K0021,S002,2025-01-21,AST,90
L000716,K0025,S007,2025-01-21,SCH,30
L000717,K0119,S012,2025-01-21,AST,30
L000718,K0145,S007,2025-01-21,AST,120
L000719,K0067,S005,2025-01-21,SCH,45
L000720,K0040,S014,2025-01-21,DOK,30
L000721,K0060,S031,2025-01-21,SCH,30
L000722,K0152,S005,2025-01-21,DOK,60
L000723,K0130,S006,2025-01-21,GRP,45
L000724,K0091,S008,2025-01-21,GRP,45
L000725,K0076,S027,2025-01-21,BER,180
L000726,K0145,S006,2025-01-21,DOK,30
L000727,K0022,S027,2025-01-21,AST,60
L000728,K0137,S005,2025-01-22,SCH,180
L000729,K0045,S007,2025-01-22,AST,30
L000730,K0147,S002,2025-01-22,SCH,30
L000731,K0112,S032,2025-01-22,AST,60
L000732,K0095,S001,2025-01-22,FAL,60
L000733,K0067,S012,2025-01-22,AST,90
L000734,K0079,S028,2025-01-22,AST,45
L000735,K0142,S012,2025-01-22,AST,180
L000736,K0106,S022,2025-01-22,FAL,60
L000737,K0098,S014,2025-01-22,DOK,45
L000738,K0148,S023,2025-01-22,GRP,180
L000739,K0020,S012,2025-01-22,DOK,90
L000740,K0152,S034,2025-01-22,SCH,180
L000741,K0102,S005,2025-01-22,BEG,30
L000742,K0159,S007,2025-01-22,GRP,60
L000743,K0110,S027,2025-01-22,BEG,60
L000744,K0008,S004,2025-01-22,BEG,90
L000745,K0174,S029,2025-01-22,AST,120
L000746,K0020,S005,2025-01-22,SCH,60
L000747,K0112,S034,2025-01-22,SCH,60
L000748,K0119,S022,2025-01-22,SCH,60
L000749,K0165,S020,2025-01-22,AST,60
L000750,K0115,S015,2025-01-22,AST,180
L000751,K0085,S031,2025-01-22,AST,180
L000752,K0052,S024,2025-01-22,AST,120
L000753,K0126,S011,2025-01-22,AST,90
L000754,K0179,S007,2025-01-22,AST,30
L000755,K0129,S023,2025-01-22,BER,180
L000756,K0005,S007,2025-01-22,AST,30
L000757,K0153,S015,2025-01-22,AST,60
L000758,K0149,S022,2025-01-22,FAL,180
L000759,K0105,S020,2025-01-22,AST,45
L000760,K0117,S024,2025-01-22,AST,90
L000761,K0155,S008,2025-01-22,FAL,120
L000762,K0114,S031,2025-01-22,DOK,180
L000763,K0137,S018,2025-01-22,GRP,30
L000764,K0025,S013,2025-01-22,AST,90
L000765,K0012,S012,2025-01-22,GRP,60
L000766,K0172,S031,2025-01-22,DOK,120
L000767,K0093,S028,2025-01-22,DOK,180
L000768,K0008,S007,2025-01-22,AST,45
L000769,K0127,S011,2025-01-22,AST,45
L000770,K0006,S007,2025-01-23,BEG,180
L000771,K0127,S025,2025-01-23,DOK,30
L000772,K0148,S004,2025-01-23,AST,120
L000773,K0129,S017,2025-01-23,GRP,60
L000774,K0084,S032,2025-01-23,DOK,180
L000775,K0044,S024,2025-01-23,AST,45
L000776,K0157,S020,2025-01-23,GRP,60
L000777,K0110,S027,2025-01-23,FAL,60
L000778,K0073,S027,2025-01-23,AST,30
L000779,K0028,S034,2025-01-23,BEG,180
L000780,K0010,S002,2025-01-23,FAL,60
L000781,K0101,S014,2025-01-23,BEG,120
L000782,K0024,S011,2025-01-23,FAL,120
L000783,K0126,S023,2025-01-23,GRP,60
L000784,K0001,S006,2025-01-23,BEG,120
L000785,K0162,S001,2025-01-23,DOK,90
L000786,K0047,S013,2025-01-23,BER,60
L000787,K0022,S006,2025-01-23,AST,90
L000788,K0129,S011,2025-01-23,DOK,60
L000789,K0151,S004,2025-01-23,DOK,180
L000790,K0153,S008,2025-01-23,BER,60
L000791,K0006,S023,2025-01-23,DOK,180
L000792,K0025,S020,2025-01-23,AST,90
L000793,K0052,S013,2025-01-23,DOK,120
L000794,K0091,S031,2025-01-23,SCH,180
L000795,K0087,S031,2025-01-23,BEG,120
L000796,K0007,S006,2025-01-23,SCH,120
L000797,K0017,S014,2025-01-23,DOK,60
L000798,K0162,S003,2025-01-23,AST,120
L000799,K0137,S008,2025-01-23,SCH,30
L000800,K0129,S010,2025-01-23,AST,30
L000801,K0079,S003,2025-01-23,AST,30
L000802,K0044,S032,2025-01-23,AST,60
L000803,K0047,S013,2025-01-23,AST,120
L000804,K0120,S029,2025-01-23,GRP,90
L000805,K0105,S006,2025-01-23,SCH,180
L000806,K0172,S023,2025-01-23,SCH,120
L000807,K0073,S004,2025-01-23,AST,60
L000808,K0021,S028,2025-01-23,BEG,60
L000809,K0106,S002,2025-01-23,AST,180
L000810,K0005,S034,2025-01-23,GRP,30
L000811,K0044,S004,2025-01-23,AST,90
L000812,K0127,S003,2025-01-23,DOK,60
L000813,K0102,S006,2025-01-23,DOK,60
L000814,K0020,S005,2025-01-23,BEG,30
L000815,K0173,S015,2025-01-23,BEG,90
L000816,K0111,S025,2025-01-23,DOK,90
L000817,K0171,S017,2025-01-23,GRP,180
L000818,K0034,S003,2025-01-23,AST,180
L000819,K0006,S017,2025-01-23,AST,60
L000820,K0036,S034,2025-01-23,DOK,45
L000821,K0071,S027,2025-01-23,GRP,60
L000822,K0079,S010,2025-01-23,SCH,180
L000823,K0040,S023,2025-01-23,DOK,120
L000824,K0141,S005,2025-01-23,AST,45
L000825,K0019,S006,2025-01-23,DOK,90
L000826,K0179,S008,2025-01-23,GRP,60
L000827,K0121,S027,2025-01-23,SCH,45
L000828,K0105,S023,2025-01-23,BEG,60
L000829,K0117,S011,2025-01-23,BER,60
L000830,K0049,S032,2025-01-23,SCH,45
L000831,K0036,S001,2025-01-23,DOK,45
L000832,K0159,S013,2025-01-23,AST,90
L000833,K0020,S014,2025-01-23,SCH,180
L000834,K0044,S018,2025-01-24,BEG,30
L000835,K0017,S011,2025-01-24,AST,120
L000836,K0117,S015,2025-01-24,SCH,180
L000837,K0044,S017,2025-01-24,DOK,30
L000838,K0171,S027,2025-01-24,SCH,60
L000839,K0105,S034,2025-01-24,AST,60
L000840,K0060,S003,2025-01-24,DOK,30
L000841,K0145,S024,2025-01-24,FAL,120
L000842,K0110,S007,2025-01-24,BEG,30
L000843,K0004,S025,2025-01-24,AST,180
L000844,K0009,S028,2025-01-24,AST,60
L000845,K0144,S017,2025-01-24,DOK,180
L000846,K0073,S001,2025-01-24,SCH,120
L000847,K0095,S013,2025-01-24,AST,90
L000848,K0087,S031,2025-01-24,AST,90
L000849,K0021,S005,2025-01-24,AST,60
L000850,K0020,S006,2025-01-24,DOK,60
L000851,K0032,S006,2025-01-24,SCH,60
L000852,K0179,S010,2025-01-24,AST,30
L000853,K0032,S027,2025-01-24,AST,120
L000854,K0054,S028,2025-01-24,AST,120
L000855,K0110,S029,2025-01-24,GRP,60
L000856,K0105,S018,2025-01-24,GRP,60
L000857,K0045,S004,2025-01-24,DOK,30
L000858,K0134,S029,2025-01-24,AST,120
L000859,K0165,S028,2025-01-24,GRP,120
L000860,K0063,S004,2025-01-24,AST,120
L000861,K0100,S012,2025-01-24,BER,180
L000862,K0128,S008,2025-01-24,GRP,90
L000863,K0146,S028,2025-01-24,DOK,180
L000864,K0043,S017,2025-01-24,DOK,45
L000865,K0045,S024,2025-01-24,AST,30
L000866,K0035,S018,2025-01-24,DOK,45
L000867,K0173,S007,2025-01-24,GRP,90
L000868,K0037,S032,2025-01-24,AST,90
L000869,K0003,S012,2025-01-24,SCH,180
L000870,K0036,S028,2025-01-24,DOK,60
L000871,K0101,S028,2025-01-24,DOK,120
L000872,K0069,S002,2025-01-24,BEG,45
L000873,K0137,S022,2025-01-24,BEG,180
L000874,K0061,S031,2025-01-24,DOK,30
L000875,K0103,S022,2025-01-24,AST,120
L000876,K0036,S005,2025-01-24,SCH,90
L000877,K0047,S024,2025-01-24,FAL,45
L000878,K0032,S013,2025-01-24,BEG,45
L000879,K0090,S017,2025-01-24,AST,60
L000880,K0024,S014,2025-01-24,AST,60
L000881,K0036,S006,2025-01-24,AST,60
L000882,K0146,S004,2025-01-24,AST,45
L000883,K0163,S015,2025-01-24,SCH,60
L000884,K0020,S008,2025-01-24,AST,120
L000885,K0025,S005,2025-01-27,SCH,60
L000886,K0021,S010,2025-01-27,FAL,180
L000887,K0138,S031,2025-01-27,SCH,60
L000888,K0053,S011,2025-01-27,AST,120
L000889,K0092,S028,2025-01-27,GRP,180
L000890,K0150,S017,2025-01-27,DOK,180
L000891,K0149,S027,2025-01-27,BER,60
L000892,K0100,S029,2025-01-27,AST,120
L000893,K0040,S029,2025-01-27,AST,90
L000894,K0099,S003,2025-01-27,AST,45
L000895,K0005,S023,2025-01-27,BER,180
L000896,K0146,S003,2025-01-27,GRP,60
L000897,K0121,S025,2025-01-27,BER,60
L000898,K0085,S028,2025-01-27,SCH,60
L000899,K0157,S006,2025-01-27,DOK,60
L000900,K0085,S006,2025-01-27,BEG,90
L000901,K0140,S029,2025-01-27,SCH,180
L000902,K0079,S004,2025-01-27,SCH,120
L000903,K0111,S032,2025-01-27,DOK,30
L000904,K0085,S013,2025-01-27,GRP,45
L000905,K0152,S011,2025-01-27,AST,180
L000906,K0171,S007,2025-01-27,BEG,45
L000907,K0127,S022,2025-01-27,AST,120
L000908,K0038,S029,2025-01-27,AST,180
L000909,K0020,S022,2025-01-27,AST,180
L000910,K0022,S023,2025-01-27,FAL,90
L000911,K0112,S008,2025-01-27,FAL,120
L000912,K0008,S002,2025-01-27,AST,180
L000913,K0055,S022,2025-01-27,BER,60
L000914,K0004,S004,2025-01-27,AST,60
L000915,K0140,S017,2025-01-27,SCH,90
L000916,K0179,S025,2025-01-27,BER,60
L000917,K0016,S017,2025-01-27,DOK,120
L000918,K0114,S010,2025-01-27,DOK,45
L000919,K0096,S002,2025-01-27,GRP,30
L000920,K0149,S011,2025-01-27,BER,60
L000921,K0126,S034,2025-01-27,AST,30
L000922,K0147,S012,2025-01-27,DOK,120
L000923,K0076,S017,2025-01-27,DOK,90
L000924,K0047,S029,2025-01-27,BEG,60
L000925,K0054,S027,2025-01-27,SCH,90
L000926,K0110,S004,2025-01-27,AST,120
L000927,K0011,S005,2025-01-27,GRP,45
L000928,K0155,S006,2025-01-27,DOK,60
L000929,K0178,S034,2025-01-27,SCH,180
L000930,K0137,S014,2025-01-27,AST,120
L000931,K0126,S020,2025-01-27,AST,90
L000932,K0151,S015,2025-01-27,FAL,60
L000933,K0047,S032,2025-01-27,DOK,60
L000934,K0053,S003,2025-01-27,AST,30
L000935,K0093,S025,2025-01-27,BEG,45
L000936,K0090,S025,2025-01-27,BEG,45
L000937,K0049,S013,2025-01-27,DOK,30
L000938,K0103,S005,2025-01-27,SCH,90
L000939,K0110,S017,2025-01-27,AST,45
L000940,K0042,S006,2025-01-28,FAL,90
L000941,K0106,S018,2025-01-28,AST,45
L000942,K0076,S024,2025-01-28,AST,90
L000943,K0042,S013,2025-01-28,BER,60
L000944,K0148,S014,2025-01-28,GRP,90
L000945,K0006,S028,2025-01-28,DOK,60
L000946,K0052,S001,2025-01-28,SCH,90
L000947,K0157,S028,2025-01-28,SCH,180
L000948,K0050,S011,2025-01-28,GRP,120
L000949,K0040,S020,2025-01-28,DOK,90
L000950,K0085,S018,2025-01-28,AST,180
L000951,K0092,S034,2025-01-28,FAL,180
L000952,K0063,S010,2025-01-28,AST,45
L000953,K0140,S004,2025-01-28,DOK,180
L000954,K0126,S014,2025-01-28,FAL,90
L000955,K0061,S010,2025-01-28,FAL,30
L000956,K0006,S034,2025-01-28,AST,60
L000957,K0032,S013,2025-01-28,BEG,60
L000958,K0031,S032,2025-01-28,SCH,60
L000959,K0114,S005,2025-01-28,GRP,60
L000960,K0141,S024,2025-01-28,DOK,45
L000961,K0178,S023,2025-01-28,BER,60
L000962,K0134,S002,2025-01-28,DOK,120
L000963,K0010,S034,2025-01-28,AST,180
L000964,K0148,S023,2025-01-28,SCH,45
L000965,K0006,S006,2025-01-28,BEG,60
L000966,K0049,S027,2025-01-28,BEG,60
L000967,K0127,S008,2025-01-28,BEG,60
L000968,K0153,S011,2025-01-28,SCH,60
L000969,K0046,S001,2025-01-28,BER,30
L000970,K0090,S029,2025-01-28,GRP,45
L000971,K0011,S017,2025-01-28,DOK,120
L000972,K0040,S017,2025-01-28,DOK,30
L000973,K0050,S005,2025-01-28,SCH,90
L000974,K0090,S003,2025-01-28,SCH,60
L000975,K0012,S003,2025-01-28,DOK,120
L000976,K0070,S027,2025-01-28,AST,120
L000977,K0010,S012,2025-01-28,GRP,180
L000978,K0012,S011,2025-01-28,BEG,30
L000979,K0012,S032,2025-01-28,AST,90
L000980,K0018,S025,2025-01-28,FAL,30
L000981,K0115,S013,2025-01-28,SCH,45
L000982,K0120,S022,2025-01-28,AST,120
L000983,K0069,S001,2025-01-28,SCH,90
L000984,K0045,S011,2025-01-28,SCH,60
L000985,K0179,S002,2025-01-28,BEG,60
L000986,K0145,S002,2025-01-28,BER,120
L000987,K0122,S014,2025-01-28,AST,90
L000988,K0052,S022,2025-01-28,FAL,180
L000989,K0164,S010,2025-01-28,BEG,120
L000990,K0164,S032,2025-01-29,AST,60
L000991,K0037,S014,2025-01-29,BER,180
L000992,K0016,S017,2025-01-29,SCH,60
L000993,K0132,S031,2025-01-29,AST,30
L000994,K0127,S029,2025-01-29,BEG,180
L000995,K0110,S018,2025-01-29,GRP,30
L000996,K0149,S017,2025-01-29,DOK,45
L000997,K0171,S012,2025-01-29,AST,180
L000998,K0069,S034,2025-01-29,AST,180
L000999,K0145,S024,2025-01-29,BEG,120
L001000,K0065,S014,2025-01-29,DOK,45
L001001,K0145,S008,2025-01-29,DOK,45
L001002,K0111,S001,2025-01-29,BEG,90
L001003,K0127,S017,2025-01-29,FAL,90
L001004,K0138,S028,2025-01-29,GRP,60
L001005,K0115,S013,2025-01-29,BEG,60
L001006,K0157,S027,2025-01-29,AST,90
L001007,K0019,S006,2025-01-29,BEG,90
L001008,K0049,S034,2025-01-29,GRP,120
L001009,K0076,S011,2025-01-29,GRP,60
L001010,K0045,S007,2025-01-29,BEG,30
L001011,K0047,S018,2025-01-29,AST,30
L001012,K0134,S020,2025-01-29,BEG,120
L001013,K0086,S020,2025-01-29,SCH,120
L001014,K0121,S012,2025-01-29,DOK,60
L001015,K0115,S029,2025-01-29,AST,60
L001016,K0085,S027,2025-01-29,GRP,45
L001017,K0063,S015,2025-01-29,AST,90
L001018,K0179,S004,2025-01-29,DOK,90
L001019,K0009,S013,2025-01-29,BER,180
L001020,K0128,S008,2025-01-29,SCH,180
L001021,K0003,S034,2025-01-29,BEG,45
L001022,K0165,S004,2025-01-29,BEG,180
L001023,K0065,S014,2025-01-29,SCH,180
L001024,K0007,S011,2025-01-29,BER,60
L001025,K0011,S031,2025-01-29,AST,30
L001026,K0126,S029,2025-01-29,BER,120
L001027,K0046,S010,2025-01-29,AST,90
L001028,K0079,S020,2025-01-29,SCH,180
L001029,K0024,S024,2025-01-29,SCH,120
L001030,K0044,S004,2025-01-29,DOK,60
L001031,K0140,S025,2025-01-29,GRP,90
L001032,K0069,S011,2025-01-29,SCH,120
L001033,K0040,S001,2025-01-29,BER,90
L001034,K0124,S014,2025-01-29,DOK,45
L001035,K0174,S032,2025-01-29,AST,180
L001036,K0147,S029,2025-01-29,SCH,30
L001037,K0019,S032,2025-01-29,BEG,60
L001038,K0179,S023,2025-01-29,AST,45
L001039,K0046,S025,2025-01-29,SCH,90
L001040,K0095,S005,2025-01-29,SCH,30
L001041,K0096,S004,2025-01-29,SCH,90
L001042,K0086,S022,2025-01-29,GRP,180
L001043,K0004,S014,2025-01-29,AST,45
L001044,K0146,S002,2025-01-29,AST,180
L001045,K0049,S027,2025-01-29,BEG,90
L001046,K0137,S020,2025-01-30,DOK,60
L001047,K0003,S005,2025-01-30,GRP,60
L001048,K0003,S005,2025-01-30,DOK,60
L001049,K0045,S001,2025-01-30,FAL,60
L001050,K0083,S023,2025-01-30,DOK,180
L001051,K0044,S028,2025-01-30,GRP,120
L001052,K0017,S017,2025-01-30,GRP,90
L001053,K0071,S031,2025-01-30,AST,120
L001054,K0138,S007,2025-01-30,AST,30
L001055,K0020,S032,2025-01-30,DOK,180
L001056,K0038,S034,2025-01-30,DOK,30
L001057,K0018,S015,2025-01-30,SCH,60
L001058,K0105,S020,2025-01-30,SCH,45
L001059,K0035,S023,2025-01-30,AST,90
L001060,K0107,S015,2025-01-30,DOK,45
L001061,K0173,S020,2025-01-30,AST,45
L001062,K0103,S008,2025-01-30,AST,180
L001063,K0003,S012,2025-01-30,DOK,90
L001064,K0005,S006,2025-01-30,DOK,90
L001065,K0014,S022,2025-01-30,AST,180
L001066,K0060,S029,2025-01-30,AST,180
L001067,K0109,S003,2025-01-30,FAL,45
L001068,K0063,S013,2025-01-30,AST,60
L001069,K0027,S027,2025-01-30,DOK,180
L001070,K0116,S032,2025-01-30,SCH,120
L001071,K0148,S031,2025-01-30,BEG,60
L001072,K0016,S014,2025-01-30,DOK,45
L001073,K0105,S015,2025-01-30,FAL,180
L001074,K0126,S027,2025-01-30,BEG,45
L001075,K0052,S007,2025-01-30,GRP,45
L001076,K0176,S024,2025-01-30,SCH,90
L001077,K0049,S017,2025-01-30,DOK,60
L001078,K0131,S028,2025-01-30,FAL,180
L001079,K0165,S011,2025-01-30,DOK,30
L001080,K0096,S014,2025-01-30,DOK,60
L001081,K0040,S032,2025-01-30,SCH,60
L001082,K0112,S003,2025-01-30,DOK,60
L001083,K0100,S031,2025-01-30,AST,30
L001084,K0124,S029,2025-01-30,SCH,90
L001085,K0034,S034,2025-01-30,SCH,120
L001086,K0162,S010,2025-01-30,DOK,30
L001087,K0038,S012,2025-01-30,FAL,180
L001088,K0141,S004,2025-01-30,GRP,120
L001089,K0011,S025,2025-01-30,GRP,30
L001090,K0063,S015,2025-01-30,AST,90
L001091,K0070,S005,2025-01-30,SCH,30
L001092,K0020,S015,2025-01-30,AST,45
L001093,K0012,S018,2025-01-30,AST,30
L001094,K0124,S003,2025-01-30,BEG,60
L001095,K0049,S013,2025-01-30,BEG,30
L001096,K0009,S031,2025-01-31,DOK,120
L001097,K0095,S013,2025-01-31,BEG,180
L001098,K0157,S010,2025-01-31,AST,45
L001099,K0069,S010,2025-01-31,AST,45
L001100,K0117,S034,2025-01-31,AST,60
L001101,K0086,S015,2025-01-31,AST,45
L001102,K0092,S003,2025-01-31,BER,60
L001103,K0063,S022,2025-01-31,SCH,30
L001104,K0099,S007,2025-01-31,AST,180
L001105,K0105,S032,2025-01-31,AST,180
L001106,K0047,S001,2025-01-31,GRP,90
L001107,K0001,S005,2025-01-31,SCH,180
L001108,K0012,S031,2025-01-31,GRP,60
L001109,K0025,S027,2025-01-31,DOK,60
L001110,K0114,S002,2025-01-31,BER,90
L001111,K0128,S008,2025-01-31,DOK,90
L001112,K0134,S003,2025-01-31,SCH,30
L001113,K0038,S022,2025-01-31,AST,45
L001114,K0147,S007,2025-01-31,DOK,60
L001115,K0096,S015,2025-01-31,DOK,45
L001116,K0152,S031,2025-01-31,AST,60
L001117,K0092,S010,2025-01-31,GRP,180
L001118,K0020,S008,2025-01-31,AST,60
L001119,K0008,S011,2025-01-31,AST,45
L001120,K0071,S028,2025-01-31,AST,30
L001121,K0138,S010,2025-01-31,SCH,90
L001122,K0162,S018,2025-01-31,AST,45
L001123,K0049,S005,2025-01-31,BEG,180
L001124,K0069,S029,2025-01-31,BER,180
L001125,K0142,S029,2025-01-31,AST,30
L001126,K0132,S013,2025-01-31,AST,45
L001127,K0120,S024,2025-01-31,SCH,60
L001128,K0092,S029,2025-01-31,GRP,45
L001129,K0049,S028,2025-01-31,SCH,60
L001130,K0157,S024,2025-01-31,AST,45
L001131,K0071,S024,2025-01-31,AST,60
L001132,K0068,S020,2025-01-31,GRP,180
L001133,K0025,S001,2025-01-31,BEG,30
L001134,K0138,S022,2025-01-31,SCH,60
L001135,K0114,S012,2025-01-31,GRP,90
L001136,K0084,S027,2025-01-31,AST,120
L001137,K0121,S028,2025-01-31,AST,120
L001138,K0178,S010,2025-01-31,AST,60
L001139,K0148,S004,2025-01-31,AST,120
L001140,K0038,S006,2025-01-31,AST,60
L001141,K0149,S028,2025-01-31,DOK,30
L001142,K0165,S010,2025-01-31,AST,180
L001143,K0121,S022,2025-01-31,GRP,45
L001144,K0071,S020,2025-01-31,AST,180
L001145,K0081,S023,2025-01-31,GRP,180
L001146,K0049,S002,2025-01-31,DOK,60
L001147,K0178,S018,2025-01-31,BEG,60
L001148,K0045,S031,2025-01-31,AST,60
L001149,K0137,S031,2025-02-03,GRP,120
L001150,K0009,S011,2025-02-03,SCH,60
L001151,K0092,S015,2025-02-03,BER,30
L001152,K0044,S028,2025-02-03,AST,45
L001153,K0063,S004,2025-02-03,GRP,120
L001154,K0083,S016,2025-02-03,AST,60
L001155,K0070,S006,2025-02-03,FAL,90
L001156,K0155,S034,2025-02-03,DOK,180
L001157,K0005,S014,2025-02-03,AST,30
L001158,K0102,S013,2025-02-03,DOK,180
L001159,K0021,S003,2025-02-03,AST,90
L001160,K0149,S027,2025-02-03,FAL,30
L001161,K0110,S023,2025-02-03,BER,120
L001162,K0007,S004,2025-02-03,SCH,60
L001163,K0013,S020,2025-02-03,BEG,45
L001164,K0178,S011,2025-02-03,GRP,60
L001165,K0025,S012,2025-02-03,GRP,90
L001166,K0012,S001,2025-02-03,AST,30
L001167,K0149,S024,2025-02-03,GRP,120
L001168,K0020,S018,2025-02-03,FAL,180
L001169,K0096,S002,2025-02-03,DOK,30
L001170,K0145,S023,2025-02-03,AST,45
L001171,K0019,S012,2025-02-03,BEG,30
L001172,K0063,S014,2025-02-03,BEG,120
L001173,K0081,S011,2025-02-03,AST,60
L001174,K0006,S017,2025-02-03,FAL,60
L001175,K0061,S004,2025-02-03,BEG,180
L001176,K0090,S010,2025-02-03,GRP,90
L001177,K0091,S014,2025-02-03,SCH,180
L001178,K0040,S023,2025-02-03,AST,30
L001179,K0145,S031,2025-02-03,DOK,60
L001180,K0107,S025,2025-02-03,DOK,180
L001181,K0003,S031,2025-02-03,FAL,45
L001182,K0179,S005,2025-02-03,DOK,45
L001183,K0010,S014,2025-02-03,BEG,30
L001184,K0117,S029,2025-02-03,GRP,90
L001185,K0145,S007,2025-02-03,SCH,60
L001186,K0150,S031,2025-02-03,AST,60
L001187,K0069,S012,2025-02-03,DOK,120
L001188,K0178,S003,2025-02-03,AST,90
L001189,K0043,S003,2025-02-03,AST,180
L001190,K0151,S010,2025-02-03,BER,60
L001191,K0076,S027,2025-02-03,FAL,45
L001192,K0162,S031,2025-02-03,SCH,180
L001193,K0093,S020,2025-02-03,SCH,30
L001194,K0009,S032,2025-02-03,SCH,120
L001195,K0162,S027,2025-02-03,AST,45
L001196,K0146,S006,2025-02-03,DOK,90
L001197,K0070,S022,2025-02-03,GRP,60
L001198,K0138,S011,2025-02-04,GRP,180
L001199,K0145,S018,2025-02-04,BEG,180
L001200,K0174,S014,2025-02-04,AST,60
L001201,K0092,S022,2025-02-04,AST,120
L001202,K0086,S010,2025-02-04,GRP,60
L001203,K0038,S006,2025-02-04,FAL,120
L001204,K0013,S024,2025-02-04,DOK,60
L001205,K0044,S008,2025-02-04,SCH,180
L001206,K0110,S018,2025-02-04,GRP,60
L001207,K0016,S020,2025-02-04,DOK,120
L001208,K0121,S023,2025-02-04,AST,180
L001209,K0099,S025,2025-02-04,SCH,120
L001210,K0131,S003,2025-02-04,BEG,30
L001211,K0073,S018,2025-02-04,AST,30
L001212,K0068,S022,2025-02-04,SCH,60
L001213,K0147,S006,2025-02-04,AST,120
L001214,K0116,S034,2025-02-04,AST,90
L001215,K0162,S010,2025-02-04,GRP,60
L001216,K0138,S017,2025-02-04,SCH,120
L001217,K0043,S011,2025-02-04,BEG,60
L001218,K0055,S010,2025-02-04,AST,30
L001219,K0045,S017,2025-02-04,DOK,45
L001220,K0083,S013,2025-02-04,SCH,90
L001221,K0050,S018,2025-02-04,AST,30
L001222,K0028,S003,2025-02-04,GRP,180
L001223,K0055,S034,2025-02-04,AST,60
L001224,K0172,S031,2025-02-04,BEG,45
L001225,K0128,S022,2025-02-04,SCH,120
L001226,K0065,S018,2025-02-04,AST,90
L001227,K0122,S014,2025-02-04,BER,30
L001228,K0126,S028,2025-02-04,AST,60
L001229,K0110,S002,2025-02-04,SCH,120
L001230,K0095,S013,2025-02-04,AST,60
L001231,K0178,S007,2025-02-04,BER,90
L001232,K0141,S031,2025-02-04,BEG,45
L001233,K0116,S022,2025-02-04,AST,120
L001234,K0035,S022,2025-02-04,SCH,180
L001235,K0106,S017,2025-02-04,GRP,60
L001236,K0101,S001,2025-02-04,GRP,180
L001237,K0017,S034,2025-02-04,BEG,120
L001238,K0152,S014,2025-02-04,SCH,120
L001239,K0152,S004,2025-02-04,BEG,120
L001240,K0050,S029,2025-02-04,AST,30
L001241,K0018,S016,2025-02-05,DOK,30
L001242,K0084,S031,2025-02-05,SCH,120
L001243,K0178,S008,2025-02-05,AST,45
L001244,K0028,S008,2025-02-05,BEG,30
L001245,K0141,S024,2025-02-05,DOK,90
L001246,K0126,S029,2025-02-05,FAL,45
L001247,K0086,S001,2025-02-05,AST,60
L001248,K0120,S025,2025-02-05,GRP,180
L001249,K0151,S023,2025-02-05,BEG,60
L001250,K0146,S025,2025-02-05,BER,90
L001251,K0067,S022,2025-02-05,GRP,120
L001252,K0157,S012,2025-02-05,BEG,60
L001253,K0116,S004,2025-02-05,AST,30
L001254,K0130,S023,2025-02-05,FAL,45
L001255,K0055,S031,2025-02-05,AST,60
L001256,K0079,S017,2025-02-05,GRP,30
L001257,K0173,S013,2025-02-05,DOK,60
L001258,K0122,S001,2025-02-05,BEG,45
L001259,K0046,S004,2025-02-05,DOK,180
L001260,K0050,S022,2025-02-05,SCH,45
L001261,K0130,S014,2025-02-05,SCH,90
L001262,K0116,S028,2025-02-05,FAL,180
L001263,K0060,S028,2025-02-05,AST,90
L001264,K0079,S022,2025-02-05,FAL,180
L001265,K0063,S012,2025-02-05,SCH,45
L001266,K0011,S017,2025-02-05,BEG,180
L001267,K0145,S034,2025-02-05,BER,180
L001268,K0119,S024,2025-02-05,AST,120
L001269,K0114,S032,2025-02-05,BEG,60
L001270,K0012,S027,2025-02-05,AST,60
L001271,K0096,S005,2025-02-05,SCH,120
L001272,K0162,S018,2025-02-05,AST,90
L001273,K0036,S015,2025-02-05,BEG,45
L001274,K0096,S010,2025-02-05,DOK,45
L001275,K0100,S032,2025-02-05,AST,30
L001276,K0157,S031,2025-02-05,AST,60
L001277,K0045,S031,2025-02-05,AST,180
L001278,K0114,S031,2025-02-05,GRP,30
L001279,K0063,S001,2025-02-05,BER,120
L001280,K0103,S007,2025-02-05,DOK,45
L001281,K0157,S011,2025-02-05,AST,120
L001282,K0164,S032,2025-02-05,AST,180
L001283,K0152,S010,2025-02-05,BEG,60
L001284,K0115,S006,2025-02-05,BEG,60
L001285,K0087,S031,2025-02-05,FAL,30
L001286,K0153,S016,2025-02-05,FAL,90
L001287,K0131,S001,2025-02-05,AST,120
L001288,K0055,S027,2025-02-05,SCH,90
L001289,K0105,S002,2025-02-05,FAL,30
L001290,K0120,S027,2025-02-05,AST,90
L001291,K0150,S017,2025-02-06,FAL,60
L001292,K0093,S015,2025-02-06,GRP,120
L001293,K0038,S029,2025-02-06,GRP,30
L001294,K0171,S024,2025-02-06,AST,120
L001295,K0006,S031,2025-02-06,GRP,60
L001296,K0110,S018,2025-02-06,SCH,120
L001297,K0042,S006,2025-02-06,AST,60
L001298,K0159,S022,2025-02-06,SCH,120
L001299,K0101,S022,2025-02-06,AST,60
L001300,K0142,S023,2025-02-06,BER,60
L001301,K0061,S013,2025-02-06,SCH,120
L001302,K0122,S002,2025-02-06,AST,60
L001303,K0099,S017,2025-02-06,DOK,45
L001304,K0065,S017,2025-02-06,AST,60
L001305,K0042,S018,2025-02-06,GRP,180
L001306,K0038,S029,2025-02-06,SCH,30
L001307,K0042,S007,2025-02-06,DOK,60
L001308,K0162,S024,2025-02-06,SCH,180
L001309,K0174,S003,2025-02-06,AST,180
L001310,K0086,S005,2025-02-06,AST,180
L001311,K0001,S032,2025-02-06,BEG,45
L001312,K0083,S014,2025-02-06,BEG,90
L001313,K0081,S013,2025-02-06,AST,120
L001314,K0081,S012,2025-02-06,DOK,60
L001315,K0106,S023,2025-02-06,BEG,60
L001316,K0073,S012,2025-02-06,BER,180
L001317,K0007,S012,2025-02-06,BEG,60
L001318,K0087,S005,2025-02-06,DOK,120
L001319,K0152,S023,2025-02-06,BEG,30
L001320,K0102,S031,2025-02-06,GRP,30
L001321,K0124,S025,2025-02-06,DOK,30
L001322,K0016,S027,2025-02-06,DOK,60
L001323,K0030,S006,2025-02-06,SCH,180
L001324,K0061,S013,2025-02-06,AST,60
L001325,K0111,S034,2025-02-06,BEG,60
L001326,K0016,S020,2025-02-06,AST,60
L001327,K0084,S022,2025-02-06,SCH,120
L001328,K0063,S032,2025-02-06,BEG,45
L001329,K0071,S020,2025-02-06,AST,60
L001330,K0117,S015,2025-02-06,GRP,60
L001331,K0149,S003,2025-02-06,BEG,60
L001332,K0053,S001,2025-02-06,GRP,60
L001333,K0032,S029,2025-02-07,SCH,45
L001334,K0144,S001,2025-02-07,AST,180
L001335,K0159,S017,2025-02-07,GRP,120
L001336,K0009,S023,2025-02-07,SCH,120
L001337,K0008,S003,2025-02-07,SCH,90
L001338,K0164,S034,2025-02-07,FAL,60
L001339,K0099,S020,2025-02-07,AST,180
L001340,K0003,S023,2025-02-07,DOK,90
L001341,K0090,S013,2025-02-07,AST,60
L001342,K0131,S031,2025-02-07,GRP,90
L001343,K0174,S015,2025-02-07,DOK,120
L001344,K0014,S005,2025-02-07,GRP,45
L001345,K0053,S017,2025-02-07,AST,60
L001346,K0100,S013,2025-02-07,DOK,90
L001347,K0009,S007,2025-02-07,AST,45
L001348,K0105,S017,2025-02-07,SCH,60
L001349,K0128,S028,2025-02-07,SCH,45
L001350,K0152,S028,2025-02-07,SCH,45
L001351,K0096,S034,2025-02-07,SCH,90
L001352,K0165,S004,2025-02-07,AST,45
L001353,K0106,S029,2025-02-07,GRP,30
L001354,K0020,S011,2025-02-07,DOK,30
L001355,K0171,S029,2025-02-07,GRP,45
L001356,K0047,S020,2025-02-07,AST,45
L001357,K0054,S034,2025-02-07,GRP,30
L001358,K0103,S012,2025-02-07,AST,30
L001359,K0103,S031,2025-02-07,DOK,180
L001360,K0176,S012,2025-02-07,AST,120
L001361,K0076,S007,2025-02-07,GRP,30
L001362,K0076,S005,2025-02-07,AST,90
L001363,K0037,S022,2025-02-07,DOK,30
L001364,K0014,S025,2025-02-07,DOK,30
L001365,K0073,S004,2025-02-07,AST,30
L001366,K0121,S017,2025-02-07,BER,120
L001367,K0092,S025,2025-02-07,DOK,60
L001368,K0024,S018,2025-02-07,AST,45
L001369,K0116,S027,2025-02-07,GRP,120
L001370,K0024,S012,2025-02-07,AST,60
L001371,K0172,S003,2025-02-07,BER,60
L001372,K0083,S017,2025-02-07,SCH,45
L001373,K0115,S008,2025-02-07,AST,60
L001374,K0121,S016,2025-02-07,AST,45
L001375,K0172,S006,2025-02-07,AST,180
L001376,K0140,S020,2025-02-07,BEG,60
L001377,K0070,S024,2025-02-07,DOK,120
L001378,K0099,S013,2025-02-07,SCH,60
L001379,K0130,S025,2025-02-07,SCH,30
L001380,K0140,S008,2025-02-07,BEG,30
L001381,K0138,S015,2025-02-07,AST,30
L001382,K0007,S008,2025-02-07,BER,60
L001383,K0052,S015,2025-02-07,GRP,120
L001384,K0010,S015,2025-02-07,AST,30
L001385,K0008,S011,2025-02-10,AST,180
L001386,K0099,S031,2025-02-10,AST,60
L001387,K0108,S007,2025-02-10,AST,60
L001388,K0042,S005,2025-02-10,AST,60
L001389,K0014,S017,2025-02-10,AST,45
L001390,K0031,S029,2025-02-10,DOK,60
L001391,K0115,S001,2025-02-10,AST,120
L001392,K0090,S024,2025-02-10,DOK,120
L001393,K0151,S003,2025-02-10,DOK,60
L001394,K0063,S016,2025-02-10,AST,30
L001395,K0006,S034,2025-02-10,SCH,30
L001396,K0042,S027,2025-02-10,FAL,45
L001397,K0068,S014,2025-02-10,AST,60
L001398,K0176,S002,2025-02-10,BEG,180
L001399,K0018,S015,2025-02-10,BEG,90
L001400,K0114,S010,2025-02-10,AST,60
L001401,K0009,S005,2025-02-10,DOK,60
L001402,K0049,S024,2025-02-10,GRP,60
L001403,K0020,S028,2025-02-10,FAL,180
L001404,K0164,S016,2025-02-10,FAL,45
L001405,K0120,S027,2025-02-10,BEG,90
L001406,K0111,S029,2025-02-10,SCH,180
L001407,K0024,S031,2025-02-10,AST,180
L001408,K0145,S001,2025-02-10,SCH,60
L001409,K0153,S022,2025-02-10,FAL,120
L001410,K0067,S011,2025-02-10,AST,60
L001411,K0001,S001,2025-02-10,AST,45
L001412,K0084,S032,2025-02-10,SCH,90
L001413,K0105,S031,2025-02-10,SCH,60
L001414,K0032,S029,2025-02-10,AST,60
L001415,K0001,S027,2025-02-10,AST,45
L001416,K0016,S001,2025-02-10,SCH,45
L001417,K0036,S004,2025-02-10,BEG,180
L001418,K0004,S034,2025-02-10,GRP,30
L001419,K0148,S003,2025-02-10,DOK,90
L001420,K0105,S010,2025-02-10,GRP,90
L001421,K0079,S032,2025-02-10,SCH,60
L001422,K0032,S032,2025-02-10,GRP,45
L001423,K0155,S013,2025-02-10,AST,180
L001424,K0126,S016,2025-02-10,SCH,60
L001425,K0115,S004,2025-02-10,DOK,60
L001426,K0045,S003,2025-02-10,AST,60
L001427,K0044,S003,2025-02-10,BEG,60
L001428,K0063,S007,2025-02-10,GRP,180
L001429,K0107,S005,2025-02-10,AST,120
L001430,K0119,S005,2025-02-10,SCH,30
L001431,K0006,S003,2025-02-10,SCH,120
L001432,K0117,S028,2025-02-10,DOK,90
L001433,K0149,S031,2025-02-10,GRP,180
L001434,K0011,S024,2025-02-11,DOK,60
L001435,K0030,S013,2025-02-11,BEG,60
L001436,K0043,S022,2025-02-11,FAL,90
L001437,K0134,S015,2025-02-11,GRP,30
L001438,K0061,S020,2025-02-11,AST,30
L001439,K0141,S022,2025-02-11,SCH,30
L001440,K0124,S011,2025-02-11,AST,30
L001441,K0124,S013,2025-02-11,BEG,180
L001442,K0061,S027,2025-02-11,AST,60
L001443,K0107,S012,2025-02-11,AST,120
L001444,K0126,S011,2025-02-11,FAL,60
L001445,K0016,S031,2025-02-11,BEG,90
L001446,K0110,S006,2025-02-11,BEG,90
L001447,K0003,S002,2025-02-11,AST,120
L001448,K0179,S016,2025-02-11,AST,30
L001449,K0142,S018,2025-02-11,SCH,180
L001450,K0172,S027,2025-02-11,SCH,60
L001451,K0054,S028,2025-02-11,SCH,90
L001452,K0146,S002,2025-02-11,AST,30
L001453,K0017,S015,2025-02-11,BEG,60
L001454,K0153,S027,2025-02-11,AST,90
L001455,K0027,S011,2025-02-11,BEG,60
L001456,K0108,S034,2025-02-11,SCH,60
L001457,K0159,S034,2025-02-11,GRP,120
L001458,K0114,S004,2025-02-11,AST,120
L001459,K0012,S029,2025-02-11,DOK,60
L001460,K0160,S034,2025-02-11,GRP,180
L001461,K0157,S029,2025-02-11,DOK,120
L001462,K0145,S022,2025-02-11,FAL,30
L001463,K0171,S007,2025-02-11,AST,180
L001464,K0098,S027,2025-02-11,AST,90
L001465,K0120,S023,2025-02-11,SCH,90
L001466,K0176,S034,2025-02-11,AST,60
L001467,K0032,S012,2025-02-11,AST,30
L001468,K0043,S014,2025-02-11,DOK,45
L001469,K0155,S028,2025-02-11,SCH,120
L001470,K0032,S007,2025-02-11,BEG,60
L001471,K0110,S003,2025-02-11,AST,45
L001472,K0081,S002,2025-02-11,BEG,60
L001473,K0132,S031,2025-02-11,FAL,60
L001474,K0004,S013,2025-02-11,SCH,60
L001475,K0019,S012,2025-02-11,AST,30
L001476,K0099,S001,2025-02-11,FAL,180
L001477,K0093,S032,2025-02-11,SCH,45
L001478,K0145,S015,2025-02-11,AST,90
L001479,K0152,S010,2025-02-11,SCH,45
L001480,K0119,S016,2025-02-11,DOK,90
L001481,K0134,S018,2025-02-11,DOK,120
L001482,K0043,S022,2025-02-12,GRP,30
L001483,K0044,S015,2025-02-12,FAL,120
L001484,K0116,S023,2025-02-12,GRP,60
L001485,K0055,S025,2025-02-12,SCH,90
L001486,K0019,S032,2025-02-12,BER,30
L001487,K0004,S028,2025-02-12,GRP,120
L001488,K0176,S027,2025-02-12,DOK,45
L001489,K0122,S023,2025-02-12,AST,120
L001490,K0116,S003,2025-02-12,SCH,45
L001491,K0128,S001,2025-02-12,SCH,120
L001492,K0047,S022,2025-02-12,AST,90
L001493,K0102,S006,2025-02-12,DOK,90
L001494,K0053,S027,2025-02-12,AST,45
L001495,K0165,S001,2025-02-12,DOK,90
L001496,K0140,S025,2025-02-12,SCH,60
L001497,K0178,S008,2025-02-12,DOK,60
L001498,K0045,S001,2025-02-12,SCH,60
L001499,K0079,S012,2025-02-12,DOK,45
L001500,K0090,S029,2025-02-12,AST,45
L001501,K0083,S020,2025-02-12,AST,30
L001502,K0053,S025,2025-02-12,BEG,60
L001503,K0006,S015,2025-02-12,GRP,45
L001504,K0009,S013,2025-02-12,DOK,180
L001505,K0141,S014,2025-02-12,BER,30
L001506,K0044,S011,2025-02-12,BEG,30
L001507,K0127,S014,2025-02-12,GRP,120
L001508,K0025,S012,2025-02-12,AST,60
L001509,K0173,S010,2025-02-12,AST,30
L001510,K0126,S015,2025-02-12,AST,180
L001511,K0110,S023,2025-02-12,BER,45
L001512,K0050,S006,2025-02-12,GRP,60
L001513,K0124,S008,2025-02-12,SCH,120
L001514,K0132,S015,2025-02-12,SCH,30
L001515,K0076,S017,2025-02-12,BER,120
L001516,K0117,S017,2025-02-12,GRP,60
L001517,K0162,S031,2025-02-12,SCH,60
L001518,K0138,S011,2025-02-12,FAL,45
L001519,K0087,S024,2025-02-12,AST,45
L001520,K0114,S024,2025-02-12,SCH,30
L001521,K0151,S011,2025-02-12,BEG,60
L001522,K0096,S028,2025-02-12,AST,30
L001523,K0063,S024,2025-02-12,AST,30
L001524,K0024,S001,2025-02-12,FAL,60
L001525,K0006,S003,2025-02-12,AST,60
L001526,K0174,S018,2025-02-12,AST,60
L001527,K0022,S023,2025-02-12,GRP,180
L001528,K0017,S004,2025-02-12,FAL,60
L001529,K0032,S004,2025-02-12,BEG,180
L001530,K0037,S020,2025-02-12,BEG,45
L001531,K0144,S015,2025-02-12,GRP,90
L001532,K0107,S002,2025-02-13,AST,120
L001533,K0131,S014,2025-02-13,DOK,90
L001534,K0171,S002,2025-02-13,SCH,60
L001535,K0045,S001,2025-02-13,BEG,60
L001536,K0099,S002,2025-02-13,DOK,60
L001537,K0030,S013,2025-02-13,BEG,120
L001538,K0147,S010,2025-02-13,GRP,120
L001539,K0030,S034,2025-02-13,DOK,60
L001540,K0048,S034,2025-02-13,AST,180
L001541,K0054,S018,2025-02-13,BER,90
L001542,K0008,S013,2025-02-13,SCH,60
L001543,K0153,S032,2025-02-13,GRP,45
L001544,K0049,S027,2025-02-13,DOK,60
L001545,K0018,S014,2025-02-13,DOK,60
L001546,K0052,S018,2025-02-13,SCH,90
L001547,K0121,S017,2025-02-13,SCH,120
L001548,K0145,S007,2025-02-13,SCH,60
L001549,K0141,S032,2025-02-13,GRP,90
L001550,K0160,S016,2025-02-13,DOK,45
L001551,K0101,S007,2025-02-13,GRP,30
L001552,K0126,S025,2025-02-13,BER,120
L001553,K0068,S007,2025-02-13,SCH,45
L001554,K0124,S022,2025-02-13,AST,180
L001555,K0086,S012,2025-02-13,FAL,45
L001556,K0017,S018,2025-02-13,GRP,90
L001557,K0045,S014,2025-02-13,SCH,90
L001558,K0003,S034,2025-02-13,DOK,90
L001559,K0096,S029,2025-02-13,DOK,60
L001560,K0010,S029,2025-02-13,AST,60
L001561,K0068,S034,2025-02-13,GRP,120
L001562,K0119,S022,2025-02-13,BEG,60
L001563,K0025,S029,2025-02-13,AST,60
L001564,K0086,S001,2025-02-13,GRP,180
L001565,K0108,S011,2025-02-13,AST,60
L001566,K0150,S012,2025-02-13,DOK,120
L001567,K0115,S034,2025-02-13,SCH,90
L001568,K0044,S016,2025-02-13,GRP,45
L001569,K0115,S027,2025-02-13,AST,45
L001570,K0079,S005,2025-02-13,SCH,90
L001571,K0045,S006,2025-02-13,BER,30
L001572,K0141,S006,2025-02-13,BER,120
L001573,K0117,S029,2025-02-13,DOK,30
L001574,K0106,S023,2025-02-13,BEG,30
L001575,K0085,S028,2025-02-13,AST,60
L001576,K0124,S031,2025-02-13,DOK,60
L001577,K0131,S010,2025-02-13,SCH,180
L001578,K0007,S031,2025-02-13,AST,120
L001579,K0006,S013,2025-02-13,FAL,120
L001580,K0009,S015,2025-02-13,BEG,45
L001581,K0131,S014,2025-02-13,DOK,90
L001582,K0008,S001,2025-02-13,AST,120
L001583,K0004,S016,2025-02-13,SCH,90
L001584,K0048,S010,2025-02-13,SCH,120
L001585,K0173,S004,2025-02-13,AST,60
L001586,K0003,S004,2025-02-13,BEG,90
L001587,K0098,S013,2025-02-13,BEG,60
L001588,K0018,S004,2025-02-13,DOK,120
L001589,K0014,S014,2025-02-13,BEG,120
L001590,K0142,S017,2025-02-14,SCH,180
L001591,K0054,S017,2025-02-14,SCH,60
L001592,K0129,S029,2025-02-14,AST,60
L001593,K0145,S002,2025-02-14,DOK,120
L001594,K0004,S010,2025-02-14,AST,180
L001595,K0164,S006,2025-02-14,GRP,45
L001596,K0011,S010,2025-02-14,DOK,60
L001597,K0028,S001,2025-02-14,SCH,90
L001598,K0034,S024,2025-02-14,BEG,30
L001599,K0008,S015,2025-02-14,SCH,60
L001600,K0102,S001,2025-02-14,AST,60
L001601,K0115,S002,2025-02-14,AST,180
L001602,K0144,S031,2025-02-14,SCH,120
L001603,K0165,S034,2025-02-14,AST,60
L001604,K0159,S004,2025-02-14,AST,90
L001605,K0165,S008,2025-02-14,SCH,120
L001606,K0131,S001,2025-02-14,AST,45
L001607,K0114,S011,2025-02-14,DOK,45
L001608,K0173,S003,2025-02-14,DOK,120
L001609,K0178,S020,2025-02-14,BEG,60
L001610,K0040,S016,2025-02-14,BER,60
L001611,K0176,S006,2025-02-14,AST,180
L001612,K0018,S008,2025-02-14,AST,90
L001613,K0108,S022,2025-02-14,GRP,30
L001614,K0037,S012,2025-02-14,DOK,45
L001615,K0011,S004,2025-02-14,AST,30
L001616,K0164,S016,2025-02-14,BEG,90
L001617,K0017,S008,2025-02-14,BEG,45
L001618,K0146,S016,2025-02-14,AST,60
L001619,K0099,S017,2025-02-14,AST,60
L001620,K0173,S027,2025-02-14,SCH,180
L001621,K0114,S017,2025-02-14,BEG,90
L001622,K0045,S029,2025-02-14,BER,60
L001623,K0055,S018,2025-02-14,BER,30
L001624,K0098,S004,2025-02-14,SCH,30
L001625,K0127,S023,2025-02-14,AST,45
L001626,K0050,S034,2025-02-14,SCH,120
L001627,K0146,S012,2025-02-14,GRP,180
L001628,K0005,S004,2025-02-14,GRP,180
L001629,K0043,S031,2025-02-14,SCH,180
L001630,K0106,S004,2025-02-14,BER,180
L001631,K0153,S008,2025-02-14,GRP,90
L001632,K0092,S025,2025-02-14,AST,60
L001633,K0128,S029,2025-02-14,SCH,90
L001634,K0128,S006,2025-02-14,GRP,180
L001635,K0172,S017,2025-02-14,BER,30
L001636,K0147,S014,2025-02-14,SCH,120
L001637,K0068,S029,2025-02-14,AST,180
L001638,K0149,S034,2025-02-14,AST,120
L001639,K0055,S032,2025-02-14,GRP,120
L001640,K0120,S028,2025-02-14,AST,120
L001641,K0007,S002,2025-02-17,SCH,30
L001642,K0054,S007,2025-02-17,SCH,90
L001643,K0069,S008,2025-02-17,AST,120
L001644,K0129,S018,2025-02-17,AST,45
L001645,K0036,S032,2025-02-17,GRP,60
L001646,K0061,S025,2025-02-17,AST,60
L001647,K0101,S013,2025-02-17,BEG,60
L001648,K0028,S015,2025-02-17,GRP,180
L001649,K0045,S027,2025-02-17,SCH,180
L001650,K0145,S016,2025-02-17,GRP,45
L001651,K0022,S025,2025-02-17,DOK,45
L001652,K0121,S004,2025-02-17,DOK,30
L001653,K0109,S020,2025-02-17,SCH,180
L001654,K0010,S013,2025-02-17,DOK,120
L001655,K0037,S016,2025-02-17,AST,30
L001656,K0150,S022,2025-02-17,AST,30
L001657,K0148,S001,2025-02-17,BER,180
L001658,K0034,S017,2025-02-17,AST,30
L001659,K0004,S003,2025-02-17,SCH,180
L001660,K0171,S008,2025-02-17,AST,90
L001661,K0147,S034,2025-02-17,AST,180
L001662,K0038,S017,2025-02-17,SCH,30
L001663,K0081,S034,2025-02-17,BEG,60
L001664,K0083,S018,2025-02-17,AST,180
L001665,K0105,S011,2025-02-17,AST,45
L001666,K0150,S020,2025-02-17,BER,45
L001667,K0004,S007,2025-02-17,DOK,120
L001668,K0048,S008,2025-02-17,GRP,60
L001669,K0042,S008,2025-02-17,AST,120
L001670,K0103,S006,2025-02-17,SCH,60
L001671,K0173,S002,2025-02-17,SCH,45
L001672,K0004,S005,2025-02-17,FAL,180
L001673,K0122,S001,2025-02-17,AST,45
L001674,K0159,S010,2025-02-17,GRP,90
L001675,K0012,S011,2025-02-17,GRP,120
L001676,K0067,S002,2025-02-17,GRP,120
L001677,K0046,S022,2025-02-17,AST,120
L001678,K0054,S029,2025-02-17,FAL,180
L001679,K0165,S003,2025-02-17,BEG,120
L001680,K0098,S012,2025-02-17,SCH,60
L001681,K0010,S025,2025-02-17,DOK,180
L001682,K0037,S020,2025-02-17,AST,30
L001683,K0047,S013,2025-02-17,SCH,60
L001684,K0131,S003,2025-02-17,SCH,180
L001685,K0151,S031,2025-02-17,SCH,45
L001686,K0103,S016,2025-02-18,AST,30
L001687,K0053,S027,2025-02-18,GRP,60
L001688,K0122,S002,2025-02-18,SCH,120
L001689,K0069,S022,2025-02-18,DOK,60
L001690,K0032,S014,2025-02-18,AST,120
L001691,K0176,S006,2025-02-18,SCH,120
L001692,K0006,S012,2025-02-18,BEG,120
L001693,K0145,S014,2025-02-18,GRP,180
L001694,K0157,S024,2025-02-18,AST,60
L001695,K0115,S028,2025-02-18,BEG,180
L001696,K0129,S028,2025-02-18,GRP,90
L001697,K0152,S008,2025-02-18,SCH,120
L001698,K0155,S017,2025-02-18,SCH,30
L001699,K0164,S015,2025-02-18,AST,180
L001700,K0019,S014,2025-02-18,AST,180
L001701,K0122,S011,2025-02-18,BEG,30
L001702,K0148,S018,2025-02-18,SCH,90
L001703,K0028,S032,2025-02-18,AST,180
L001704,K0132,S014,2025-02-18,AST,45
L001705,K0120,S008,2025-02-18,AST,45
L001706,K0103,S005,2025-02-18,AST,45
L001707,K0092,S023,2025-02-18,SCH,45
L001708,K0021,S015,2025-02-18,DOK,90
L001709,K0149,S001,2025-02-18,DOK,180
L001710,K0044,S034,2025-02-18,BEG,180
L001711,K0071,S025,2025-02-18,FAL,30
L001712,K0084,S025,2025-02-18,SCH,30
L001713,K0162,S034,2025-02-18,AST,45
L001714,K0095,S018,2025-02-18,AST,30
L001715,K0112,S004,2025-02-18,GRP,120
L001716,K0105,S020,2025-02-18,BEG,120
L001717,K0007,S020,2025-02-18,AST,60
L001718,K0020,S027,2025-02-18,GRP,180
L001719,K0128,S034,2025-02-18,SCH,45
L001720,K0121,S016,2025-02-18,FAL,60
L001721,K0045,S034,2025-02-18,GRP,30
L001722,K0087,S022,2025-02-18,FAL,45
L001723,K0176,S015,2025-02-18,GRP,180
L001724,K0020,S025,2025-02-18,AST,90
L001725,K0084,S018,2025-02-18,DOK,120
L001726,K0152,S028,2025-02-18,AST,60
L001727,K0052,S001,2025-02-18,SCH,60
L001728,K0110,S023,2025-02-18,GRP,90
L001729,K0103,S032,2025-02-19,BEG,60
L001730,K0046,S007,2025-02-19,FAL,30
L001731,K0119,S003,2025-02-19,GRP,30
L001732,K0083,S029,2025-02-19,AST,60
L001733,K0126,S006,2025-02-19,DOK,45
L001734,K0153,S027,2025-02-19,BEG,90
L001735,K0068,S005,2025-02-19,SCH,60
L001736,K0046,S007,2025-02-19,FAL,60
L001737,K0019,S020,2025-02-19,AST,180
L001738,K0009,S032,2025-02-19,AST,180
L001739,K0070,S012,2025-02-19,AST,180
L001740,K0090,S018,2025-02-19,GRP,60
L001741,K0004,S012,2025-02-19,DOK,180
L001742,K0135,S006,2025-02-19,GRP,45
L001743,K0144,S003,2025-02-19,AST,60
L001744,K0016,S007,2025-02-19,BEG,120
L001745,K0102,S017,2025-02-19,DOK,45
L001746,K0042,S027,2025-02-19,AST,60
L001747,K0162,S004,2025-02-19,AST,60
L001748,K0017,S029,2025-02-19,SCH,30
L001749,K0114,S004,2025-02-19,AST,45
L001750,K0021,S024,2025-02-19,BEG,30
L001751,K0083,S032,2025-02-19,AST,45
L001752,K0108,S031,2025-02-19,GRP,180
L001753,K0107,S011,2025-02-19,AST,45
L001754,K0165,S025,2025-02-19,GRP,60
L001755,K0092,S001,2025-02-19,GRP,60
L001756,K0028,S017,2025-02-19,AST,90
L001757,K0065,S016,2025-02-19,AST,120
L001758,K0103,S028,2025-02-19,FAL,90
L001759,K0115,S032,2025-02-19,AST,120
L001760,K0028,S022,2025-02-19,DOK,60
L001761,K0007,S008,2025-02-19,FAL,90
L001762,K0081,S010,2025-02-19,BER,120
L001763,K0106,S005,2025-02-19,FAL,120
L001764,K0134,S017,2025-02-19,DOK,90
L001765,K0147,S027,2025-02-19,SCH,60
L001766,K0005,S014,2025-02-19,DOK,180
L001767,K0069,S024,2025-02-19,BEG,60
L001768,K0036,S022,2025-02-19,BEG,90
L001769,K0164,S014,2025-02-19,SCH,30
L001770,K0110,S016,2025-02-19,AST,90
L001771,K0001,S032,2025-02-19,DOK,30
L001772,K0138,S028,2025-02-20,SCH,60
L001773,K0025,S031,2025-02-20,AST,60
L001774,K0050,S013,2025-02-20,AST,30
L001775,K0079,S029,2025-02-20,GRP,120
L001776,K0084,S008,2025-02-20,FAL,60
L001777,K0163,S005,2025-02-20,AST,60
L001778,K0043,S025,2025-02-20,GRP,120
L001779,K0031,S006,2025-02-20,AST,60
L001780,K0159,S010,2025-02-20,FAL,60
L001781,K0040,S023,2025-02-20,SCH,45
L001782,K0087,S023,2025-02-20,AST,45
L001783,K0157,S012,2025-02-20,BER,60
L001784,K0085,S012,2025-02-20,DOK,30
L001785,K0162,S024,2025-02-20,AST,60
L001786,K0153,S013,2025-02-20,SCH,180
L001787,K0099,S027,2025-02-20,BEG,180
L001788,K0052,S002,2025-02-20,FAL,180
L001789,K0076,S010,2025-02-20,AST,120
L001790,K0106,S015,2025-02-20,GRP,30
L001791,K0024,S007,2025-02-20,FAL,60
L001792,K0095,S017,2025-02-20,DOK,60
L001793,K0124,S023,2025-02-20,AST,60
L001794,K0019,S014,2025-02-20,SCH,90
L001795,K0024,S016,2025-02-20,GRP,90
L001796,K0102,S025,2025-02-20,AST,60
L001797,K0076,S006,2025-02-20,AST,60
L001798,K0146,S011,2025-02-20,SCH,120
L001799,K0043,S013,2025-02-20,AST,180
L001800,K0130,S023,2025-02-20,BEG,60
L001801,K0135,S001,2025-02-20,AST,90
L001802,K0071,S003,2025-02-20,AST,30
L001803,K0174,S006,2025-02-20,AST,60
L001804,K0165,S020,2025-02-20,DOK,30
L001805,K0153,S032,2025-02-20,GRP,120
L001806,K0046,S027,2025-02-20,DOK,60
L001807,K0138,S003,2025-02-20,AST,30
L001808,K0160,S034,2025-02-20,BER,120
L001809,K0068,S010,2025-02-20,BER,60
L001810,K0028,S008,2025-02-20,DOK,60
L001811,K0098,S029,2025-02-20,AST,180
L001812,K0119,S022,2025-02-20,DOK,30
L001813,K0068,S018,2025-02-20,AST,120
L001814,K0090,S015,2025-02-20,GRP,60
L001815,K0159,S032,2025-02-20,AST,120
L001816,K0110,S004,2025-02-20,GRP,30
L001817,K0022,S004,2025-02-20,AST,180
L001818,K0068,S023,2025-02-20,AST,60
L001819,K0017,S020,2025-02-20,AST,180
L001820,K0178,S013,2025-02-20,GRP,30
L001821,K0024,S006,2025-02-20,GRP,30
L001822,K0178,S022,2025-02-20,SCH,60
L001823,K0081,S013,2025-02-20,SCH,30
L001824,K0145,S032,2025-02-20,SCH,180
L001825,K0001,S010,2025-02-20,AST,120
L001826,K0108,S015,2025-02-20,BEG,90
L001827,K0135,S005,2025-02-20,FAL,180
L001828,K0124,S005,2025-02-20,BER,90
L001829,K0137,S027,2025-02-20,GRP,90
L001830,K0018,S023,2025-02-21,DOK,120
L001831,K0020,S004,2025-02-21,DOK,60
L001832,K0164,S010,2025-02-21,BEG,60
L001833,K0010,S002,2025-02-21,GRP,30
L001834,K0008,S020,2025-02-21,AST,45
L001835,K0128,S012,2025-02-21,BEG,60
L001836,K0159,S028,2025-02-21,DOK,120
L001837,K0095,S001,2025-02-21,AST,90
L001838,K0037,S014,2025-02-21,GRP,45
L001839,K0091,S003,2025-02-21,GRP,120
L001840,K0028,S007,2025-02-21,AST,90
L001841,K0121,S006,2025-02-21,SCH,45
L001842,K0148,S007,2025-02-21,AST,60
L001843,K0006,S015,2025-02-21,SCH,60
L001844,K0028,S022,2025-02-21,GRP,45
L001845,K0173,S029,2025-02-21,FAL,90
L001846,K0128,S028,2025-02-21,AST,45
L001847,K0119,S023,2025-02-21,SCH,90
L001848,K0031,S013,2025-02-21,SCH,90
L001849,K0025,S028,2025-02-21,DOK,30
L001850,K0069,S013,2025-02-21,AST,60
L001851,K0129,S001,2025-02-21,AST,120
L001852,K0111,S004,2025-02-21,FAL,120
L001853,K0135,S001,2025-02-21,AST,90
L001854,K0115,S034,2025-02-21,AST,120
L001855,K0065,S027,2025-02-21,FAL,45
L001856,K0150,S004,2025-02-21,AST,180
L001857,K0179,S034,2025-02-21,AST,45
L001858,K0159,S027,2025-02-21,DOK,60
L001859,K0014,S016,2025-02-21,DOK,120
L001860,K0100,S031,2025-02-21,SCH,120
L001861,K0105,S007,2025-02-21,DOK,180
L001862,K0055,S027,2025-02-21,AST,120
L001863,K0164,S027,2025-02-21,AST,90
L001864,K0008,S001,2025-02-21,FAL,60
L001865,K0084,S031,2025-02-21,SCH,45
L001866,K0011,S014,2025-02-21,BER,60
L001867,K0174,S015,2025-02-21,AST,60
L001868,K0137,S017,2025-02-21,SCH,30
L001869,K0022,S034,2025-02-21,SCH,60
L001870,K0068,S012,2025-02-21,DOK,45
L001871,K0160,S017,2025-02-21,SCH,60
L001872,K0160,S010,2025-02-21,SCH,60
L001873,K0061,S020,2025-02-21,SCH,90
L001874,K0049,S028,2025-02-21,SCH,60
L001875,K0042,S024,2025-02-21,DOK,120
L001876,K0095,S003,2025-02-21,DOK,120
L001877,K0025,S016,2025-02-21,AST,120
L001878,K0142,S008,2025-02-21,AST,30
L001879,K0179,S006,2025-02-21,AST,90
L001880,K0122,S015,2025-02-21,DOK,180
L001881,K0035,S024,2025-02-24,BEG,45
L001882,K0151,S002,2025-02-24,SCH,30
L001883,K0060,S029,2025-02-24,GRP,120
L001884,K0034,S025,2025-02-24,SCH,30
L001885,K0086,S020,2025-02-24,AST,30
L001886,K0069,S031,2025-02-24,SCH,90
L001887,K0047,S032,2025-02-24,AST,30
L001888,K0144,S011,2025-02-24,AST,120
L001889,K0046,S011,2025-02-24,SCH,30
L001890,K0171,S031,2025-02-24,AST,180
L001891,K0081,S001,2025-02-24,AST,180
L001892,K0028,S012,2025-02-24,GRP,120
L001893,K0044,S010,2025-02-24,BEG,60
L001894,K0173,S014,2025-02-24,AST,30
L001895,K0030,S001,2025-02-24,AST,90
L001896,K0176,S003,2025-02-24,SCH,45
L001897,K0155,S022,2025-02-24,DOK,45
L001898,K0016,S011,2025-02-24,SCH,30
L001899,K0008,S013,2025-02-24,BEG,30
L001900,K0153,S027,2025-02-24,AST,120
L001901,K0160,S014,2025-02-24,GRP,90
L001902,K0124,S005,2025-02-24,AST,180
L001903,K0065,S018,2025-02-24,GRP,60
L001904,K0095,S005,2025-02-24,DOK,60
L001905,K0012,S012,2025-02-24,AST,30
L001906,K0005,S024,2025-02-24,FAL,90
L001907,K0127,S008,2025-02-24,AST,180
L001908,K0106,S024,2025-02-24,BEG,45
L001909,K0163,S007,2025-02-24,BEG,45
L001910,K0046,S008,2025-02-24,DOK,60
L001911,K0085,S013,2025-02-24,AST,60
L001912,K0157,S003,2025-02-24,SCH,90
L001913,K0138,S024,2025-02-24,DOK,60
L001914,K0052,S011,2025-02-24,AST,45
L001915,K0115,S032,2025-02-24,SCH,60
L001916,K0146,S015,2025-02-24,FAL,120
L001917,K0147,S014,2025-02-24,AST,180
L001918,K0172,S024,2025-02-24,DOK,90
L001919,K0100,S025,2025-02-24,GRP,60
L001920,K0054,S012,2025-02-24,AST,60
L001921,K0140,S011,2025-02-24,GRP,180
L001922,K0092,S006,2025-02-24,AST,60
L001923,K0085,S029,2025-02-24,DOK,180
L001924,K0138,S031,2025-02-25,AST,120
L001925,K0050,S034,2025-02-25,SCH,30
L001926,K0068,S032,2025-02-25,GRP,45
L001927,K0067,S013,2025-02-25,BEG,120
L001928,K0179,S017,2025-02-25,AST,60
L001929,K0119,S014,2025-02-25,AST,90
L001930,K0153,S024,2025-02-25,SCH,45
L001931,K0157,S027,2025-02-25,GRP,180
L001932,K0107,S002,2025-02-25,DOK,90
L001933,K0108,S032,2025-02-25,GRP,60
L001934,K0054,S028,2025-02-25,SCH,60
L001935,K0090,S002,2025-02-25,DOK,120
L001936,K0044,S006,2025-02-25,GRP,90
L001937,K0076,S001,2025-02-25,SCH,120
L001938,K0060,S015,2025-02-25,BEG,180
L001939,K0031,S024,2025-02-25,AST,90
L001940,K0130,S014,2025-02-25,GRP,60
L001941,K0127,S027,2025-02-25,DOK,120
L001942,K0159,S022,2025-02-25,GRP,45
L001943,K0079,S008,2025-02-25,AST,30
L001944,K0017,S013,2025-02-25,GRP,180
L001945,K0110,S029,2025-02-25,SCH,60
L001946,K0112,S012,2025-02-25,SCH,60
L001947,K0122,S026,2025-02-25,SCH,30
L001948,K0096,S015,2025-02-25,BEG,180
L001949,K0052,S032,2025-02-25,SCH,120
L001950,K0120,S016,2025-02-25,AST,45
L001951,K0017,S011,2025-02-25,BER,45
L001952,K0061,S015,2025-02-25,GRP,60
L001953,K0117,S007,2025-02-25,BER,60
L001954,K0111,S014,2025-02-25,AST,60
L001955,K0132,S002,2025-02-25,GRP,30
L001956,K0019,S025,2025-02-25,BER,120
L001957,K0110,S012,2025-02-25,AST,60
L001958,K0130,S004,2025-02-25,GRP,60
L001959,K0148,S027,2025-02-25,AST,45
L001960,K0100,S011,2025-02-25,AST,90
L001961,K0055,S018,2025-02-25,BEG,180
L001962,K0086,S004,2025-02-25,AST,180
L001963,K0106,S002,2025-02-25,AST,120
L001964,K0096,S025,2025-02-25,SCH,60
L001965,K0025,S034,2025-02-25,AST,45
L001966,K0008,S015,2025-02-25,AST,90
L001967,K0044,S034,2025-02-25,AST,60
L001968,K0044,S022,2025-02-25,SCH,90
L001969,K0135,S011,2025-02-25,FAL,60
L001970,K0102,S031,2025-02-25,GRP,120
L001971,K0117,S031,2025-02-25,AST,30
L001972,K0001,S002,2025-02-25,AST,30
L001973,K0107,S031,2025-02-25,AST,45
L001974,K0165,S018,2025-02-25,AST,60
L001975,K0132,S014,2025-02-25,AST,45
L001976,K0171,S002,2025-02-25,AST,120
L001977,K0007,S018,2025-02-25,AST,180
L001978,K0031,S028,2025-02-26,BEG,180
L001979,K0102,S005,2025-02-26,AST,120
L001980,K0048,S014,2025-02-26,SCH,60
L001981,K0149,S032,2025-02-26,DOK,60
L001982,K0034,S011,2025-02-26,DOK,60
L001983,K0142,S015,2025-02-26,BEG,60
L001984,K0122,S004,2025-02-26,FAL,120
L001985,K0063,S013,2025-02-26,FAL,120
L001986,K0114,S020,2025-02-26,FAL,45
L001987,K0005,S029,2025-02-26,AST,180
L001988,K0063,S004,2025-02-26,DOK,180
L001989,K0055,S025,2025-02-26,AST,45
L001990,K0070,S024,2025-02-26,GRP,120
L001991,K0130,S013,2025-02-26,SCH,90
L001992,K0178,S026,2025-02-26,SCH,45
L001993,K0122,S016,2025-02-26,AST,30
L001994,K0151,S026,2025-02-26,GRP,45
L001995,K0126,S023,2025-02-26,SCH,180
L001996,K0152,S008,2025-02-26,AST,120
L001997,K0043,S025,2025-02-26,AST,180
L001998,K0009,S032,2025-02-26,AST,90
L001999,K0060,S028,2025-02-26,GRP,120
L002000,K0014,S026,2025-02-26,SCH,90
L002001,K0157,S012,2025-02-26,BER,60
L002002,K0111,S011,2025-02-26,DOK,60
L002003,K0087,S005,2025-02-26,BER,90
L002004,K0145,S018,2025-02-26,DOK,45
L002005,K0086,S012,2025-02-26,BEG,90
L002006,K0004,S024,2025-02-26,SCH,60
L002007,K0106,S006,2025-02-26,AST,180
L002008,K0105,S016,2025-02-26,DOK,120
L002009,K0112,S012,2025-02-26,AST,60
L002010,K0065,S010,2025-02-26,BEG,45
L002011,K0120,S002,2025-02-26,BEG,120
L002012,K0031,S008,2025-02-26,GRP,30
L002013,K0084,S006,2025-02-26,SCH,180
L002014,K0017,S034,2025-02-26,FAL,120
L002015,K0141,S016,2025-02-26,SCH,60
L002016,K0164,S004,2025-02-26,BEG,90
L002017,K0031,S015,2025-02-26,FAL,60
L002018,K0165,S006,2025-02-26,SCH,90
L002019,K0048,S017,2025-02-26,GRP,120
L002020,K0128,S001,2025-02-26,DOK,60
L002021,K0068,S013,2025-02-26,AST,30
L002022,K0163,S020,2025-02-26,GRP,120
L002023,K0063,S026,2025-02-26,BER,45
L002024,K0176,S005,2025-02-26,GRP,45
L002025,K0090,S022,2025-02-26,AST,90
L002026,K0022,S034,2025-02-26,AST,60
L002027,K0032,S018,2025-02-26,SCH,90
L002028,K0173,S010,2025-02-26,DOK,60
L002029,K0115,S025,2025-02-27,AST,90
L002030,K0069,S008,2025-02-27,AST,60
L002031,K0073,S005,2025-02-27,GRP,30
L002032,K0172,S011,2025-02-27,BEG,45
L002033,K0132,S022,2025-02-27,AST,180
L002034,K0054,S003,2025-02-27,SCH,90
L002035,K0034,S007,2025-02-27,BEG,90
L002036,K0165,S029,2025-02-27,BEG,60
L002037,K0024,S028,2025-02-27,GRP,120
L002038,K0042,S029,2025-02-27,AST,180
L002039,K0021,S028,2025-02-27,SCH,120
L002040,K0165,S014,2025-02-27,DOK,180
L002041,K0028,S006,2025-02-27,FAL,30
L002042,K0069,S011,2025-02-27,BEG,45
L002043,K0067,S003,2025-02-27,SCH,45
L002044,K0116,S012,2025-02-27,SCH,120
L002045,K0001,S031,2025-02-27,SCH,120
L002046,K0116,S012,2025-02-27,AST,180
L002047,K0044,S008,2025-02-27,BEG,60
L002048,K0130,S026,2025-02-27,AST,30
L002049,K0178,S004,2025-02-27,BER,90
L002050,K0176,S003,2025-02-27,GRP,90
L002051,K0042,S001,2025-02-27,DOK,60
L002052,K0093,S005,2025-02-27,DOK,90
L002053,K0032,S031,2025-02-27,AST,45
L002054,K0098,S028,2025-02-27,SCH,90
L002055,K0032,S016,2025-02-27,BER,90
L002056,K0159,S004,2025-02-27,AST,60
L002057,K0017,S015,2025-02-27,SCH,45
L002058,K0087,S017,2025-02-27,GRP,120
L002059,K0130,S010,2025-02-27,SCH,120
L002060,K0025,S005,2025-02-27,SCH,60
L002061,K0126,S017,2025-02-27,SCH,45
L002062,K0083,S004,2025-02-27,AST,120
L002063,K0095,S024,2025-02-27,AST,180
L002064,K0009,S001,2025-02-27,SCH,30
L002065,K0061,S005,2025-02-27,SCH,180
L002066,K0173,S008,2025-02-27,AST,60
L002067,K0027,S001,2025-02-27,AST,60
L002068,K0131,S027,2025-02-27,GRP,120
L002069,K0028,S001,2025-02-27,GRP,60
L002070,K0090,S018,2025-02-27,SCH,60
L002071,K0155,S013,2025-02-27,DOK,60
L002072,K0053,S031,2025-02-27,DOK,180
L002073,K0149,S029,2025-02-27,AST,60
L002074,K0137,S001,2025-02-27,FAL,30
L002075,K0045,S025,2025-02-27,AST,180
L002076,K0106,S013,2025-02-27,GRP,180
L002077,K0110,S025,2025-02-27,DOK,60
L002078,K0148,S007,2025-02-28,FAL,30
L002079,K0112,S022,2025-02-28,AST,120
L002080,K0084,S011,2025-02-28,AST,45
L002081,K0124,S029,2025-02-28,GRP,45
L002082,K0140,S029,2025-02-28,DOK,30
L002083,K0081,S025,2025-02-28,DOK,60
L002084,K0014,S001,2025-02-28,BER,45
L002085,K0145,S001,2025-02-28,SCH,90
L002086,K0134,S016,2025-02-28,FAL,60
L002087,K0050,S020,2025-02-28,BER,180
L002088,K0084,S010,2025-02-28,AST,60
L002089,K0011,S012,2025-02-28,DOK,90
L002090,K0016,S017,2025-02-28,AST,120
L002091,K0128,S006,2025-02-28,GRP,30
L002092,K0042,S026,2025-02-28,AST,180
L002093,K0115,S010,2025-02-28,GRP,60
L002094,K0055,S018,2025-02-28,AST,60
L002095,K0116,S016,2025-02-28,SCH,60
L002096,K0115,S027,2025-02-28,GRP,45
L002097,K0109,S011,2025-02-28,SCH,60
L002098,K0135,S031,2025-02-28,SCH,60
L002099,K0079,S012,2025-02-28,AST,60
L002100,K0112,S020,2025-02-28,AST,60
L002101,K0119,S004,2025-02-28,GRP,30
L002102,K0032,S006,2025-02-28,BEG,90
L002103,K0034,S026,2025-02-28,BER,120
L002104,K0028,S010,2025-02-28,BEG,180
L002105,K0103,S011,2025-02-28,SCH,60
L002106,K0174,S002,2025-02-28,DOK,180
L002107,K0042,S004,2025-02-28,BEG,180
L002108,K0063,S006,2025-02-28,SCH,120
L002109,K0037,S006,2025-02-28,GRP,180
L002110,K0053,S032,2025-02-28,AST,45
L002111,K0012,S004,2025-02-28,AST,45
L002112,K0048,S032,2025-02-28,SCH,180
L002113,K0171,S004,2025-02-28,FAL,60
L002114,K0084,S017,2025-02-28,AST,45
L002115,K0144,S003,2025-02-28,BER,60
L002116,K0090,S012,2025-02-28,BER,30
L002117,K0048,S004,2025-02-28,BEG,45
L002118,K0129,S001,2025-02-28,GRP,30
L002119,K0063,S034,2025-02-28,AST,90
L002120,K0151,S014,2025-02-28,SCH,45
L002121,K0024,S005,2025-02-28,BER,30
L002122,K0101,S002,2025-02-28,BEG,60
L002123,K0144,S006,2025-02-28,GRP,45
L002124,K0050,S029,2025-02-28,AST,60
L002125,K0163,S004,2025-02-28,SCH,60
L002126,K0006,S023,2025-02-28,SCH,60
L002127,K0003,S010,2025-02-28,BEG,120
L002128,K0115,S013,2025-03-03,BEG,60
L002129,K0135,S032,2025-03-03,SCH,30
L002130,K0011,S023,2025-03-03,AST,60
L002131,K0126,S001,2025-03-03,SCH,45
L002132,K0017,S004,2025-03-03,SCH,30
L002133,K0147,S016,2025-03-03,GRP,180
L002134,K0176,S006,2025-03-03,BER,120
L002135,K0019,S018,2025-03-03,BEG,45
L002136,K0178,S024,2025-03-03,AST,45
L002137,K0081,S008,2025-03-03,AST,30
L002138,K0134,S001,2025-03-03,AST,180
L002139,K0037,S001,2025-03-03,AST,60
L002140,K0084,S029,2025-03-03,SCH,60
L002141,K0145,S007,2025-03-03,DOK,180
L002142,K0130,S012,2025-03-03,DOK,60
L002143,K0036,S001,2025-03-03,AST,30
L002144,K0021,S016,2025-03-03,DOK,60
L002145,K0008,S026,2025-03-03,BEG,90
L002146,K0054,S008,2025-03-03,AST,90
L002147,K0122,S018,2025-03-03,AST,90
L002148,K0141,S014,2025-03-03,AST,60
L002149,K0011,S034,2025-03-03,SCH,180
L002150,K0120,S031,2025-03-03,AST,60
L002151,K0086,S014,2025-03-03,SCH,120
L002152,K0007,S005,2025-03-03,AST,60
L002153,K0025,S015,2025-03-03,AST,120
L002154,K0146,S025,2025-03-03,SCH,120
L002155,K0020,S008,2025-03-03,DOK,60
L002156,K0146,S013,2025-03-03,BEG,60
L002157,K0020,S015,2025-03-03,BEG,30
L002158,K0151,S017,2025-03-03,SCH,120
L002159,K0009,S006,2025-03-03,SCH,60
L002160,K0036,S003,2025-03-03,SCH,30
L002161,K0118,S018,2025-03-03,BEG,90
L002162,K0098,S031,2025-03-03,BEG,180
L002163,K0085,S006,2025-03-03,DOK,180
L002164,K0179,S005,2025-03-03,SCH,45
L002165,K0046,S013,2025-03-03,GRP,120
L002166,K0045,S013,2025-03-03,AST,90
L002167,K0176,S022,2025-03-04,DOK,60
L002168,K0171,S020,2025-03-04,DOK,120
L002169,K0111,S014,2025-03-04,DOK,60
L002170,K0003,S017,2025-03-04,GRP,30
L002171,K0067,S012,2025-03-04,BEG,45
L002172,K0022,S031,2025-03-04,GRP,45
L002173,K0134,S015,2025-03-04,GRP,30
L002174,K0099,S026,2025-03-04,BEG,45
L002175,K0087,S017,2025-03-04,SCH,120
L002176,K0018,S014,2025-03-04,DOK,45
L002177,K0110,S016,2025-03-04,BER,120
L002178,K0087,S005,2025-03-04,BER,180
L002179,K0007,S001,2025-03-04,FAL,60
L002180,K0117,S034,2025-03-04,AST,30
L002181,K0124,S024,2025-03-04,DOK,60
L002182,K0068,S029,2025-03-04,AST,90
L002183,K0176,S034,2025-03-04,AST,60
L002184,K0146,S008,2025-03-04,BEG,30
L002185,K0044,S031,2025-03-04,DOK,120
L002186,K0142,S002,2025-03-04,SCH,60
L002187,K0119,S026,2025-03-04,AST,180
L002188,K0012,S011,2025-03-04,GRP,60
L002189,K0061,S015,2025-03-04,AST,45
L002190,K0119,S001,2025-03-04,BEG,180
L002191,K0027,S004,2025-03-04,SCH,60
L002192,K0108,S031,2025-03-04,AST,45
L002193,K0071,S013,2025-03-04,BEG,30
L002194,K0164,S014,2025-03-04,GRP,180
L002195,K0153,S026,2025-03-04,SCH,60
L002196,K0018,S032,2025-03-04,DOK,60
L002197,K0172,S008,2025-03-04,AST,90
L002198,K0179,S003,2025-03-04,DOK,180
L002199,K0045,S004,2025-03-04,DOK,60
L002200,K0146,S020,2025-03-04,DOK,45
L002201,K0032,S015,2025-03-04,SCH,180
L002202,K0126,S005,2025-03-04,AST,30
L002203,K0098,S031,2025-03-04,BER,60
L002204,K0127,S020,2025-03-04,DOK,120
L002205,K0028,S029,2025-03-05,AST,180
L002206,K0165,S017,2025-03-05,GRP,45
L002207,K0030,S002,2025-03-05,DOK,90
L002208,K0042,S003,2025-03-05,AST,120
L002209,K0004,S027,2025-03-05,GRP,180
L002210,K0108,S025,2025-03-05,BEG,90
L002211,K0115,S020,2025-03-05,GRP,90
L002212,K0142,S012,2025-03-05,DOK,90
L002213,K0019,S024,2025-03-05,AST,30
L002214,K0014,S002,2025-03-05,AST,45
L002215,K0053,S031,2025-03-05,AST,60
L002216,K0034,S017,2025-03-05,AST,90
L002217,K0009,S007,2025-03-05,AST,90
L002218,K0081,S008,2025-03-05,BEG,45
L002219,K0119,S020,2025-03-05,DOK,60
L002220,K0102,S034,2025-03-05,AST,180
L002221,K0145,S027,2025-03-05,GRP,90
L002222,K0086,S031,2025-03-05,SCH,180
L002223,K0031,S028,2025-03-05,SCH,120
L002224,K0115,S026,2025-03-05,SCH,60
L002225,K0095,S001,2025-03-05,SCH,60
L002226,K0131,S025,2025-03-05,FAL,120
L002227,K0055,S026,2025-03-05,SCH,30
L002228,K0016,S022,2025-03-05,SCH,60
L002229,K0035,S003,2025-03-05,GRP,60
L002230,K0035,S004,2025-03-05,GRP,45
L002231,K0124,S020,2025-03-05,BEG,120
L002232,K0050,S005,2025-03-05,BEG,45
L002233,K0155,S003,2025-03-05,BEG,60
L002234,K0071,S025,2025-03-05,GRP,30
L002235,K0073,S020,2025-03-05,DOK,180
L002236,K0093,S022,2025-03-05,AST,30
L002237,K0142,S011,2025-03-05,SCH,120
L002238,K0030,S022,2025-03-05,AST,45
L002239,K0101,S014,2025-03-05,FAL,30
L002240,K0037,S006,2025-03-05,BEG,45
L002241,K0021,S007,2025-03-05,AST,90
L002242,K0093,S017,2025-03-05,AST,45
L002243,K0055,S003,2025-03-05,SCH,30
L002244,K0093,S024,2025-03-05,SCH,45
L002245,K0115,S027,2025-03-05,BEG,90
L002246,K0130,S020,2025-03-06,DOK,60
L002247,K0049,S029,2025-03-06,SCH,180
L002248,K0150,S010,2025-03-06,GRP,90
L002249,K0102,S026,2025-03-06,AST,180
L002250,K0063,S028,2025-03-06,SCH,60
L002251,K0100,S010,2025-03-06,AST,45
L002252,K0030,S014,2025-03-06,AST,30
L002253,K0102,S017,2025-03-06,AST,45
L002254,K0132,S024,2025-03-06,GRP,45
L002255,K0024,S027,2025-03-06,AST,120
L002256,K0106,S014,2025-03-06,AST,30
L002257,K0063,S007,2025-03-06,GRP,30
L002258,K0101,S018,2025-03-06,FAL,45
L002259,K0155,S006,2025-03-06,DOK,90
L002260,K0171,S026,2025-03-06,AST,30
L002261,K0152,S017,2025-03-06,DOK,60
L002262,K0085,S023,2025-03-06,AST,60
L002263,K0131,S034,2025-03-06,SCH,60
L002264,K0044,S034,2025-03-06,DOK,30
L002265,K0164,S003,2025-03-06,SCH,120
L002266,K0176,S017,2025-03-06,SCH,90
L002267,K0157,S020,2025-03-06,SCH,30
L002268,K0003,S002,2025-03-06,AST,45
L002269,K0117,S014,2025-03-06,BEG,90
L002270,K0127,S003,2025-03-06,SCH,60
L002271,K0070,S004,2025-03-06,BEG,120
L002272,K0043,S002,2025-03-06,AST,180
L002273,K0116,S005,2025-03-06,DOK,30
L002274,K0065,S027,2025-03-06,BEG,30
L002275,K0032,S022,2025-03-06,BEG,180
L002276,K0016,S023,2025-03-06,DOK,45
L002277,K0138,S010,2025-03-06,BER,60
L002278,K0043,S015,2025-03-06,AST,90
L002279,K0052,S032,2025-03-06,GRP,180
L002280,K0046,S017,2025-03-06,AST,30
L002281,K0114,S008,2025-03-06,FAL,90
L002282,K0020,S014,2025-03-06,AST,60
L002283,K0112,S006,2025-03-06,AST,45
L002284,K0005,S017,2025-03-06,SCH,60
L002285,K0030,S005,2025-03-06,SCH,45
L002286,K0011,S013,2025-03-06,AST,60
L002287,K0179,S029,2025-03-06,AST,60
L002288,K0079,S032,2025-03-06,FAL,90
L002289,K0035,S022,2025-03-06,SCH,30
L002290,K0152,S008,2025-03-06,AST,60
L002291,K0132,S001,2025-03-06,FAL,30
L002292,K0044,S007,2025-03-06,GRP,180
L002293,K0079,S004,2025-03-06,SCH,60
L002294,K0092,S023,2025-03-06,BEG,60
L002295,K0152,S031,2025-03-07,BEG,180
L002296,K0117,S004,2025-03-07,SCH,60
L002297,K0027,S007,2025-03-07,SCH,60
L002298,K0050,S001,2025-03-07,SCH,180
L002299,K0067,S026,2025-03-07,AST,60
L002300,K0070,S013,2025-03-07,BEG,120
L002301,K0155,S003,2025-03-07,SCH,180
L002302,K0131,S028,2025-03-07,GRP,45
L002303,K0006,S002,2025-03-07,DOK,60
L002304,K0049,S029,2025-03-07,AST,45
L002305,K0118,S031,2025-03-07,BEG,180
L002306,K0092,S032,2025-03-07,AST,60
L002307,K0105,S015,2025-03-07,BEG,120
L002308,K0021,S008,2025-03-07,SCH,60
L002309,K0079,S020,2025-03-07,AST,45
L002310,K0020,S029,2025-03-07,AST,120
L002311,K0050,S027,2025-03-07,AST,60
L002312,K0126,S031,2025-03-07,AST,45
L002313,K0100,S002,2025-03-07,DOK,120
L002314,K0145,S012,2025-03-07,SCH,45
L002315,K0016,S007,2025-03-07,GRP,30
L002316,K0008,S022,2025-03-07,GRP,60
L002317,K0012,S023,2025-03-07,AST,120
L002318,K0155,S001,2025-03-07,AST,45
L002319,K0042,S028,2025-03-07,GRP,45
L002320,K0176,S028,2025-03-07,AST,60
L002321,K0046,S013,2025-03-07,GRP,90
L002322,K0017,S018,2025-03-07,AST,60
L002323,K0152,S012,2025-03-07,AST,60
L002324,K0140,S034,2025-03-07,BER,60
L002325,K0012,S013,2025-03-07,BER,30
L002326,K0010,S034,2025-03-07,AST,60
L002327,K0013,S016,2025-03-07,GRP,90
L002328,K0079,S013,2025-03-07,BER,45
L002329,K0002,S005,2025-03-07,GRP,30
L002330,K0084,S003,2025-03-07,AST,45
L002331,K0147,S015,2025-03-07,AST,90
L002332,K0172,S007,2025-03-07,GRP,180
L002333,K0132,S003,2025-03-07,DOK,60
L002334,K0102,S013,2025-03-07,DOK,60
L002335,K0173,S012,2025-03-07,GRP,90
L002336,K0011,S006,2025-03-07,AST,180
L002337,K0119,S016,2025-03-07,SCH,60
L002338,K0101,S008,2025-03-07,BEG,45
L002339,K0171,S004,2025-03-07,AST,120
L002340,K0098,S010,2025-03-07,GRP,45
L002341,K0134,S004,2025-03-10,BER,90
L002342,K0091,S025,2025-03-10,FAL,45
L002343,K0107,S026,2025-03-10,AST,60
L002344,K0047,S025,2025-03-10,DOK,120
L002345,K0035,S031,2025-03-10,AST,60
L002346,K0151,S022,2025-03-10,DOK,120
L002347,K0117,S032,2025-03-10,DOK,45
L002348,K0112,S011,2025-03-10,AST,120
L002349,K0134,S034,2025-03-10,AST,45
L002350,K0045,S008,2025-03-10,DOK,45
L002351,K0152,S017,2025-03-10,AST,180
L002352,K0105,S017,2025-03-10,AST,45
L002353,K0071,S017,2025-03-10,SCH,180
L002354,K0010,S020,2025-03-10,AST,90
L002355,K0137,S032,2025-03-10,BEG,60
L002356,K0010,S017,2025-03-10,SCH,45
L002357,K0179,S025,2025-03-10,BEG,30
L002358,K0019,S011,2025-03-10,AST,90
L002359,K0153,S003,2025-03-10,DOK,30
L002360,K0065,S011,2025-03-10,AST,60
L002361,K0178,S032,2025-03-10,DOK,180
L002362,K0024,S029,2025-03-10,BEG,90
L002363,K0070,S018,2025-03-10,AST,120
L002364,K0160,S011,2025-03-10,DOK,45
L002365,K0063,S005,2025-03-10,DOK,120
L002366,K0130,S031,2025-03-10,GRP,45
L002367,K0160,S031,2025-03-10,SCH,90
L002368,K0028,S011,2025-03-10,DOK,120
L002369,K0100,S005,2025-03-10,FAL,180
L002370,K0145,S026,2025-03-10,GRP,45
L002371,K0147,S032,2025-03-10,AST,60
L002372,K0085,S029,2025-03-10,SCH,90
L002373,K0021,S027,2025-03-10,BEG,60
L002374,K0081,S023,2025-03-10,AST,30
L002375,K0021,S003,2025-03-10,GRP,60
L002376,K0105,S029,2025-03-10,DOK,60
L002377,K0127,S001,2025-03-10,FAL,45
L002378,K0012,S003,2025-03-10,AST,30
L002379,K0137,S025,2025-03-10,AST,60
L002380,K0007,S034,2025-03-10,AST,60
L002381,K0049,S023,2025-03-10,DOK,30
L002382,K0024,S034,2025-03-10,AST,60
L002383,K0116,S032,2025-03-10,DOK,60
L002384,K0121,S032,2025-03-10,AST,30
L002385,K0130,S012,2025-03-10,SCH,45
L002386,K0129,S026,2025-03-10,BER,60
L002387,K0006,S007,2025-03-10,FAL,90
L002388,K0085,S015,2025-03-10,BER,30
L002389,K0160,S005,2025-03-10,AST,60
L002390,K0099,S023,2025-03-10,AST,120
L002391,K0044,S024,2025-03-10,SCH,60
L002392,K0159,S024,2025-03-10,DOK,60
L002393,K0131,S001,2025-03-10,GRP,60
L002394,K0157,S025,2025-03-10,SCH,120
L002395,K0131,S032,2025-03-10,FAL,90
L002396,K0102,S012,2025-03-10,AST,30
L002397,K0012,S008,2025-03-10,FAL,60
L002398,K0009,S026,2025-03-11,AST,60
L002399,K0067,S002,2025-03-11,AST,45
L002400,K0087,S027,2025-03-11,AST,120
L002401,K0164,S004,2025-03-11,DOK,30
L002402,K0147,S034,2025-03-11,AST,60
L002403,K0086,S007,2025-03-11,AST,180
L002404,K0159,S023,2025-03-11,AST,120
L002405,K0036,S032,2025-03-11,SCH,45
L002406,K0046,S028,2025-03-11,AST,30
L002407,K0068,S018,2025-03-11,BER,90
L002408,K0025,S025,2025-03-11,AST,90
L002409,K0114,S017,2025-03-11,GRP,60
L002410,K0173,S027,2025-03-11,GRP,120
L002411,K0049,S006,2025-03-11,BEG,60
L002412,K0069,S014,2025-03-11,BEG,120
L002413,K0120,S018,2025-03-11,AST,30
L002414,K0101,S004,2025-03-11,BEG,30
L002415,K0006,S007,2025-03-11,BEG,120
L002416,K0005,S011,2025-03-11,AST,90
L002417,K0010,S005,2025-03-11,BEG,45
L002418,K0028,S002,2025-03-11,AST,60
L002419,K0070,S020,2025-03-11,SCH,45
L002420,K0010,S016,2025-03-11,BEG,90
L002421,K0100,S032,2025-03-11,SCH,45
L002422,K0155,S010,2025-03-11,BER,30
L002423,K0122,S025,2025-03-11,BER,30
L002424,K0099,S034,2025-03-11,BER,180
L002425,K0002,S024,2025-03-11,DOK,45
L002426,K0096,S010,2025-03-11,DOK,90
L002427,K0053,S006,2025-03-11,DOK,90
L002428,K0108,S005,2025-03-11,AST,120
L002429,K0149,S023,2025-03-11,AST,60
L002430,K0150,S003,2025-03-11,BER,60
L002431,K0017,S034,2025-03-11,DOK,60
L002432,K0179,S008,2025-03-11,GRP,45
L002433,K0163,S010,2025-03-11,BER,60
L002434,K0036,S029,2025-03-11,FAL,90
L002435,K0020,S028,2025-03-12,BEG,45
L002436,K0102,S006,2025-03-12,GRP,45
L002437,K0102,S011,2025-03-12,FAL,60
L002438,K0093,S006,2025-03-12,DOK,120
L002439,K0063,S031,2025-03-12,AST,90
L002440,K0004,S017,2025-03-12,AST,45
L002441,K0087,S013,2025-03-12,AST,120
L002442,K0022,S025,2025-03-12,BER,60
L002443,K0087,S010,2025-03-12,AST,60
L002444,K0042,S031,2025-03-12,SCH,90
L002445,K0119,S011,2025-03-12,DOK,90
L002446,K0117,S018,2025-03-12,FAL,30
L002447,K0144,S008,2025-03-12,AST,60
L002448,K0163,S004,2025-03-12,DOK,45
L002449,K0071,S004,2025-03-12,DOK,120
L002450,K0010,S018,2025-03-12,BEG,45
L002451,K0004,S011,2025-03-12,AST,90
L002452,K0061,S026,2025-03-12,BEG,180
L002453,K0164,S022,2025-03-12,SCH,30
L002454,K0063,S029,2025-03-12,SCH,180
L002455,K0085,S011,2025-03-12,SCH,30
L002456,K0045,S003,2025-03-12,GRP,45
L002457,K0004,S034,2025-03-12,DOK,45
L002458,K0060,S008,2025-03-12,BER,180
L002459,K0048,S004,2025-03-12,BEG,30
L002460,K0047,S023,2025-03-12,DOK,90
L002461,K0084,S016,2025-03-12,BEG,60
L002462,K0163,S004,2025-03-12,AST,60
L002463,K0117,S027,2025-03-12,BEG,45
L002464,K0035,S016,2025-03-12,AST,180
L002465,K0152,S013,2025-03-12,SCH,180
L002466,K0021,S001,2025-03-12,DOK,45
L002467,K0151,S025,2025-03-12,SCH,90
L002468,K0020,S023,2025-03-12,FAL,60
L002469,K0069,S007,2025-03-12,AST,30
L002470,K0140,S001,2025-03-12,DOK,45
L002471,K0069,S025,2025-03-12,BEG,60
L002472,K0153,S020,2025-03-12,AST,30
L002473,K0163,S018,2025-03-12,AST,90
L002474,K0105,S014,2025-03-12,BER,180
L002475,K0096,S012,2025-03-12,BEG,180
L002476,K0119,S032,2025-03-12,SCH,120
L002477,K0111,S025,2025-03-12,AST,30
L002478,K0100,S023,2025-03-12,BER,120
L002479,K0069,S031,2025-03-12,BEG,90
L002480,K0009,S028,2025-03-12,SCH,180
L002481,K0160,S025,2025-03-12,AST,30
L002482,K0081,S015,2025-03-12,DOK,120
L002483,K0171,S005,2025-03-12,FAL,45
L002484,K0172,S010,2025-03-12,BEG,120
L002485,K0103,S001,2025-03-12,SCH,180
L002486,K0099,S020,2025-03-12,AST,60
L002487,K0054,S007,2025-03-12,BEG,60
L002488,K0010,S002,2025-03-12,DOK,120
L002489,K0061,S029,2025-03-12,SCH,120
L002490,K0038,S028,2025-03-13,GRP,60
L002491,K0012,S007,2025-03-13,AST,60
L002492,K0083,S024,2025-03-13,DOK,180
L002493,K0112,S024,2025-03-13,FAL,180
L002494,K0142,S006,2025-03-13,FAL,90
L002495,K0105,S023,2025-03-13,BEG,45
L002496,K0010,S013,2025-03-13,BEG,45
L002497,K0085,S012,2025-03-13,AST,90
L002498,K0145,S004,2025-03-13,AST,45
L002499,K0140,S028,2025-03-13,BEG,120
L002500,K0071,S022,2025-03-13,SCH,60
L002501,K0049,S014,2025-03-13,GRP,90
L002502,K0129,S034,2025-03-13,GRP,60
L002503,K0004,S028,2025-03-13,DOK,90
L002504,K0162,S008,2025-03-13,SCH,180
L002505,K0083,S007,2025-03-13,AST,45
L002506,K0031,S003,2025-03-13,SCH,60
L002507,K0050,S012,2025-03-13,FAL,60
L002508,K0146,S028,2025-03-13,AST,180
L002509,K0130,S003,2025-03-13,GRP,45
L002510,K0061,S029,2025-03-13,BEG,60
L002511,K0012,S001,2025-03-13,AST,120
L002512,K0060,S029,2025-03-13,SCH,45
L002513,K0020,S016,2025-03-13,BEG,60
L002514,K0096,S004,2025-03-13,SCH,30
L002515,K0114,S014,2025-03-13,DOK,60
L002516,K0047,S006,2025-03-13,AST,120
L002517,K0099,S010,2025-03-13,BER,60
L002518,K0134,S002,2025-03-13,BEG,45
L002519,K0012,S023,2025-03-13,AST,180
L002520,K0079,S008,2025-03-13,AST,120
L002521,K0155,S004,2025-03-13,AST,30
L002522,K0091,S013,2025-03-13,BEG,45
L002523,K0061,S017,2025-03-13,BEG,60
L002524,K0036,S004,2025-03-13,AST,45
L002525,K0027,S013,2025-03-13,SCH,30
L002526,K0153,S011,2025-03-13,BER,45
L002527,K0090,S022,2025-03-13,BEG,45
L002528,K0046,S005,2025-03-13,AST,90
L002529,K0003,S010,2025-03-13,SCH,120
L002530,K0004,S001,2025-03-14,AST,60
L002531,K0046,S013,2025-03-14,GRP,60
L002532,K0092,S024,2025-03-14,GRP,45
L002533,K0076,S024,2025-03-14,GRP,60
L002534,K0012,S008,2025-03-14,DOK,30
L002535,K0093,S004,2025-03-14,AST,60
L002536,K0105,S006,2025-03-14,SCH,90
L002537,K0132,S031,2025-03-14,BEG,180
L002538,K0129,S018,2025-03-14,SCH,45
L002539,K0043,S005,2025-03-14,GRP,60
L002540,K0001,S025,2025-03-14,GRP,60
L002541,K0135,S003,2025-03-14,BEG,30
L002542,K0045,S031,2025-03-14,DOK,30
L002543,K0148,S017,2025-03-14,DOK,90
L002544,K0098,S022,2025-03-14,AST,30
L002545,K0105,S014,2025-03-14,BER,90
L002546,K0011,S012,2025-03-14,SCH,45
L002547,K0117,S031,2025-03-14,BEG,30
L002548,K0045,S018,2025-03-14,SCH,60
L002549,K0037,S007,2025-03-14,AST,60
L002550,K0081,S011,2025-03-14,GRP,60
L002551,K0083,S007,2025-03-14,GRP,90
L002552,K0063,S006,2025-03-14,AST,180
L002553,K0036,S025,2025-03-14,GRP,180
L002554,K0004,S020,2025-03-14,AST,60
L002555,K0022,S031,2025-03-14,AST,60
L002556,K0030,S034,2025-03-14,BEG,180
L002557,K0110,S005,2025-03-14,AST,45
L002558,K0144,S032,2025-03-14,AST,45
L002559,K0085,S007,2025-03-14,AST,45
L002560,K0030,S025,2025-03-14,DOK,60
L002561,K0012,S028,2025-03-14,GRP,60
L002562,K0012,S005,2025-03-14,FAL,45
L002563,K0163,S026,2025-03-14,BEG,60
L002564,K0054,S005,2025-03-14,BER,45
L002565,K0127,S002,2025-03-14,SCH,60
L002566,K0098,S017,2025-03-14,AST,60
L002567,K0031,S032,2025-03-17,BEG,60
L002568,K0122,S023,2025-03-17,AST,45
L002569,K0162,S012,2025-03-17,AST,180
L002570,K0045,S005,2025-03-17,SCH,60
L002571,K0014,S020,2025-03-17,AST,60
L002572,K0095,S029,2025-03-17,FAL,45
L002573,K0019,S031,2025-03-17,SCH,60
L002574,K0101,S014,2025-03-17,BER,60
L002575,K0178,S013,2025-03-17,GRP,60
L002576,K0132,S026,2025-03-17,BER,60
L002577,K0091,S031,2025-03-17,BER,120
L002578,K0147,S004,2025-03-17,SCH,90
L002579,K0146,S005,2025-03-17,AST,60
L002580,K0040,S020,2025-03-17,SCH,120
L002581,K0099,S015,2025-03-17,SCH,60
L002582,K0086,S006,2025-03-17,DOK,60
L002583,K0030,S014,2025-03-17,DOK,90
L002584,K0004,S012,2025-03-17,BEG,45
L002585,K0131,S028,2025-03-17,GRP,90
L002586,K0162,S010,2025-03-17,SCH,60
L002587,K0132,S029,2025-03-17,SCH,60
L002588,K0134,S012,2025-03-17,AST,45
L002589,K0098,S034,2025-03-17,SCH,90
L002590,K0030,S011,2025-03-17,BEG,60
L002591,K0048,S012,2025-03-17,DOK,30
L002592,K0044,S014,2025-03-17,AST,60
L002593,K0098,S032,2025-03-17,SCH,90
L002594,K0105,S016,2025-03-17,AST,60
L002595,K0102,S025,2025-03-17,BEG,90
L002596,K0129,S024,2025-03-17,AST,180
L002597,K0116,S008,2025-03-17,AST,60
L002598,K0005,S023,2025-03-17,AST,60
L002599,K0147,S001,2025-03-17,GRP,45
L002600,K0135,S010,2025-03-17,GRP,180
L002601,K0163,S014,2025-03-17,AST,60
L002602,K0171,S020,2025-03-17,AST,45
L002603,K0017,S013,2025-03-17,SCH,60
L002604,K0117,S007,2025-03-17,GRP,30
L002605,K0057,S013,2025-03-17,AST,45
L002606,K0109,S027,2025-03-17,AST,120
L002607,K0091,S007,2025-03-17,AST,30
L002608,K0047,S005,2025-03-17,AST,60
L002609,K0116,S024,2025-03-17,GRP,180
L002610,K0010,S034,2025-03-17,SCH,60
L002611,K0138,S015,2025-03-17,SCH,120
L002612,K0081,S004,2025-03-17,BEG,120
L002613,K0070,S010,2025-03-17,GRP,30
L002614,K0027,S029,2025-03-17,DOK,180
L002615,K0099,S011,2025-03-18,FAL,30
L002616,K0118,S013,2025-03-18,AST,30
L002617,K0003,S007,2025-03-18,SCH,180
L002618,K0138,S031,2025-03-18,FAL,30
L002619,K0050,S026,2025-03-18,BEG,90
L002620,K0165,S002,2025-03-18,DOK,180
L002621,K0146,S011,2025-03-18,BER,30
L002622,K0011,S031,2025-03-18,SCH,45
L002623,K0014,S003,2025-03-18,SCH,60
L002624,K0057,S016,2025-03-18,AST,60
L002625,K0095,S005,2025-03-18,BER,60
L002626,K0102,S003,2025-03-18,AST,60
L002627,K0134,S010,2025-03-18,DOK,60
L002628,K0119,S022,2025-03-18,AST,60
L002629,K0046,S010,2025-03-18,DOK,180
L002630,K0138,S013,2025-03-18,SCH,90
L002631,K0065,S020,2025-03-18,AST,60
L002632,K0130,S003,2025-03-18,DOK,90
L002633,K0109,S005,2025-03-18,GRP,45
L002634,K0110,S004,2025-03-18,BEG,60
L002635,K0137,S022,2025-03-18,SCH,180
L002636,K0011,S027,2025-03-18,GRP,180
L002637,K0060,S022,2025-03-18,GRP,60
L002638,K0132,S027,2025-03-18,BER,30
L002639,K0019,S025,2025-03-18,SCH,120
L002640,K0020,S018,2025-03-18,AST,180
L002641,K0131,S005,2025-03-18,AST,180
L002642,K0146,S015,2025-03-18,BEG,120
L002643,K0045,S011,2025-03-18,AST,60
L002644,K0004,S027,2025-03-18,BEG,90
L002645,K0119,S005,2025-03-18,GRP,45
L002646,K0053,S032,2025-03-18,AST,45
L002647,K0079,S006,2025-03-18,DOK,60
L002648,K0085,S007,2025-03-18,DOK,30
L002649,K0047,S028,2025-03-18,AST,90
L002650,K0093,S013,2025-03-18,SCH,60
L002651,K0118,S015,2025-03-18,AST,45
L002652,K0069,S026,2025-03-18,AST,60
L002653,K0017,S008,2025-03-18,AST,60
L002654,K0021,S024,2025-03-18,AST,180
L002655,K0035,S016,2025-03-18,SCH,120
L002656,K0007,S013,2025-03-18,BEG,90
L002657,K0165,S031,2025-03-18,AST,180
L002658,K0111,S034,2025-03-18,AST,180
L002659,K0042,S006,2025-03-18,AST,30
L002660,K0070,S013,2025-03-18,GRP,180
L002661,K0117,S029,2025-03-18,DOK,90
L002662,K0179,S013,2025-03-18,AST,45
L002663,K0127,S015,2025-03-18,DOK,60
L002664,K0105,S005,2025-03-18,BEG,60
L002665,K0160,S029,2025-03-18,GRP,30
L002666,K0122,S015,2025-03-18,AST,180
L002667,K0004,S008,2025-03-18,DOK,60
L002668,K0050,S034,2025-03-18,GRP,120
L002669,K0172,S015,2025-03-19,SCH,60
L002670,K0011,S029,2025-03-19,AST,120
L002671,K0038,S026,2025-03-19,SCH,45
L002672,K0129,S025,2025-03-19,BEG,45
L002673,K0007,S028,2025-03-19,AST,120
L002674,K0060,S031,2025-03-19,SCH,120
L002675,K0085,S031,2025-03-19,DOK,30
L002676,K0046,S007,2025-03-19,GRP,60
L002677,K0052,S023,2025-03-19,BEG,30
L002678,K0155,S020,2025-03-19,FAL,120
L002679,K0145,S032,2025-03-19,SCH,30
L002680,K0140,S005,2025-03-19,SCH,60
L002681,K0022,S026,2025-03-19,GRP,45
L002682,K0118,S026,2025-03-19,FAL,90
L002683,K0146,S023,2025-03-19,AST,45
L002684,K0034,S004,2025-03-19,SCH,180
L002685,K0090,S006,2025-03-19,GRP,180
L002686,K0127,S020,2025-03-19,DOK,120
L002687,K0114,S004,2025-03-19,GRP,60
L002688,K0090,S011,2025-03-19,AST,180
L002689,K0109,S026,2025-03-19,AST,45
L002690,K0042,S028,2025-03-19,DOK,120
L002691,K0173,S002,2025-03-19,DOK,60
L002692,K0096,S017,2025-03-19,AST,60
L002693,K0035,S008,2025-03-19,FAL,30
L002694,K0150,S022,2025-03-19,SCH,60
L002695,K0159,S008,2025-03-19,AST,45
L002696,K0065,S002,2025-03-19,BER,60
L002697,K0002,S028,2025-03-19,FAL,90
L002698,K0034,S005,2025-03-19,GRP,30
L002699,K0144,S024,2025-03-19,AST,30
L002700,K0137,S011,2025-03-19,SCH,180
L002701,K0179,S025,2025-03-19,GRP,60
L002702,K0045,S018,2025-03-19,GRP,30
L002703,K0027,S027,2025-03-19,BEG,60
L002704,K0178,S028,2025-03-19,GRP,60
L002705,K0140,S029,2025-03-19,BEG,30
L002706,K0119,S004,2025-03-19,SCH,180
L002707,K0063,S003,2025-03-19,AST,90
L002708,K0069,S020,2025-03-19,AST,120
L002709,K0018,S012,2025-03-19,DOK,120
L002710,K0121,S002,2025-03-19,DOK,45
L002711,K0025,S010,2025-03-19,AST,180
L002712,K0116,S029,2025-03-19,SCH,90
L002713,K0146,S020,2025-03-19,BEG,45
L002714,K0035,S005,2025-03-19,AST,90
L002715,K0121,S013,2025-03-19,DOK,30
L002716,K0111,S002,2025-03-19,BER,30
L002717,K0014,S004,2025-03-19,DOK,90
L002718,K0173,S014,2025-03-20,AST,180
L002719,K0012,S026,2025-03-20,FAL,120
L002720,K0032,S007,2025-03-20,AST,120
L002721,K0024,S011,2025-03-20,AST,180
L002722,K0103,S014,2025-03-20,BEG,60
L002723,K0115,S031,2025-03-20,DOK,180
L002724,K0150,S014,2025-03-20,BEG,90
L002725,K0085,S018,2025-03-20,BEG,120
L002726,K0159,S034,2025-03-20,SCH,60
L002727,K0065,S022,2025-03-20,DOK,90
L002728,K0042,S006,2025-03-20,GRP,45
L002729,K0045,S032,2025-03-20,AST,120
L002730,K0002,S006,2025-03-20,AST,120
L002731,K0176,S027,2025-03-20,FAL,180
L002732,K0014,S031,2025-03-20,AST,30
L002733,K0152,S034,2025-03-20,AST,30
L002734,K0024,S013,2025-03-20,SCH,60
L002735,K0045,S016,2025-03-20,GRP,60
L002736,K0040,S016,2025-03-20,AST,90
L002737,K0037,S029,2025-03-20,AST,30
L002738,K0120,S016,2025-03-20,SCH,30
L002739,K0063,S028,2025-03-20,SCH,45
L002740,K0076,S020,2025-03-20,FAL,120
L002741,K0140,S004,2025-03-20,AST,120
L002742,K0171,S016,2025-03-20,DOK,60
L002743,K0052,S017,2025-03-20,FAL,45
L002744,K0172,S015,2025-03-20,GRP,180
L002745,K0119,S023,2025-03-20,BEG,90
L002746,K0086,S007,2025-03-20,DOK,60
L002747,K0053,S005,2025-03-20,BEG,60
L002748,K0106,S020,2025-03-20,SCH,45
L002749,K0007,S020,2025-03-20,BER,45
L002750,K0067,S029,2025-03-20,BER,180
L002751,K0060,S024,2025-03-20,SCH,45
L002752,K0115,S002,2025-03-20,AST,120
L002753,K0073,S014,2025-03-20,BEG,120
L002754,K0079,S008,2025-03-20,BER,90
L002755,K0103,S026,2025-03-20,SCH,60
L002756,K0137,S032,2025-03-20,BEG,60
L002757,K0095,S008,2025-03-20,GRP,180
L002758,K0137,S023,2025-03-20,AST,60
L002759,K0002,S026,2025-03-20,SCH,45
L002760,K0068,S007,2025-03-20,GRP,60
L002761,K0161,S007,2025-03-20,GRP,120
L002762,K0138,S023,2025-03-20,DOK,60
L002763,K0160,S020,2025-03-20,AST,60
L002764,K0122,S011,2025-03-20,GRP,180
L002765,K0137,S018,2025-03-20,GRP,45
L002766,K0035,S012,2025-03-20,AST,60
L002767,K0012,S024,2025-03-20,AST,45
L002768,K0114,S023,2025-03-20,AST,60
L002769,K0008,S008,2025-03-21,AST,180
L002770,K0114,S014,2025-03-21,GRP,120
L002771,K0093,S022,2025-03-21,AST,90
L002772,K0052,S003,2025-03-21,AST,60
L002773,K0019,S017,2025-03-21,DOK,60
L002774,K0054,S016,2025-03-21,AST,90
L002775,K0019,S016,2025-03-21,GRP,60
L002776,K0112,S001,2025-03-21,AST,45
L002777,K0145,S022,2025-03-21,AST,60
L002778,K0131,S029,2025-03-21,DOK,45
L002779,K0109,S017,2025-03-21,FAL,45
L002780,K0013,S025,2025-03-21,SCH,60
L002781,K0157,S016,2025-03-21,SCH,120
L002782,K0044,S010,2025-03-21,BER,30
L002783,K0105,S013,2025-03-21,AST,180
L002784,K0163,S027,2025-03-21,BEG,90
L002785,K0035,S011,2025-03-21,AST,120
L002786,K0129,S007,2025-03-21,BEG,60
L002787,K0020,S001,2025-03-21,BEG,30
L002788,K0121,S016,2025-03-21,DOK,60
L002789,K0069,S007,2025-03-21,AST,60
L002790,K0145,S020,2025-03-21,BEG,120
L002791,K0042,S008,2025-03-21,BEG,120
L002792,K0034,S006,2025-03-21,BEG,60
L002793,K0069,S034,2025-03-21,SCH,30
L002794,K0070,S023,2025-03-21,SCH,30
L002795,K0149,S027,2025-03-21,BER,90
L002796,K0108,S023,2025-03-21,SCH,90
L002797,K0030,S004,2025-03-21,AST,90
L002798,K0098,S024,2025-03-21,AST,30
L002799,K0005,S001,2025-03-21,DOK,60
L002800,K0172,S018,2025-03-21,GRP,60
L002801,K0043,S018,2025-03-21,AST,90
L002802,K0164,S022,2025-03-21,BEG,60
L002803,K0063,S011,2025-03-21,SCH,60
L002804,K0083,S032,2025-03-21,AST,60
L002805,K0012,S022,2025-03-21,FAL,60
L002806,K0017,S011,2025-03-21,AST,30
L002807,K0138,S003,2025-03-21,AST,90
L002808,K0145,S020,2025-03-21,DOK,60
L002809,K0002,S027,2025-03-21,AST,30
L002810,K0069,S016,2025-03-21,AST,30
L002811,K0109,S011,2025-03-21,DOK,30
L002812,K0095,S024,2025-03-21,SCH,45
L002813,K0109,S022,2025-03-21,AST,90
L002814,K0120,S026,2025-03-21,SCH,90
L002815,K0063,S010,2025-03-24,GRP,30
L002816,K0106,S026,2025-03-24,BER,120
L002817,K0095,S025,2025-03-24,AST,120
L002818,K0173,S004,2025-03-24,AST,30
L002819,K0114,S001,2025-03-24,FAL,90
L002820,K0021,S004,2025-03-24,AST,45
L002821,K0110,S005,2025-03-24,AST,45
L002822,K0034,S007,2025-03-24,GRP,180
L002823,K0100,S013,2025-03-24,BEG,45
L002824,K0165,S018,2025-03-24,AST,60
L002825,K0179,S031,2025-03-24,AST,30
L002826,K0171,S017,2025-03-24,DOK,60
L002827,K0083,S031,2025-03-24,DOK,60
L002828,K0018,S007,2025-03-24,BEG,90
L002829,K0092,S014,2025-03-24,AST,90
L002830,K0017,S029,2025-03-24,SCH,120
L002831,K0111,S003,2025-03-24,FAL,60
L002832,K0084,S029,2025-03-24,AST,120
L002833,K0038,S001,2025-03-24,AST,120
L002834,K0003,S011,2025-03-24,BEG,180
L002835,K0067,S014,2025-03-24,AST,45
L002836,K0128,S029,2025-03-24,GRP,180
L002837,K0118,S025,2025-03-24,SCH,45
L002838,K0009,S018,2025-03-24,SCH,90
L002839,K0109,S029,2025-03-24,AST,60
L002840,K0106,S005,2025-03-24,FAL,60
L002841,K0069,S029,2025-03-24,SCH,60
L002842,K0069,S014,2025-03-24,AST,180
L002843,K0147,S032,2025-03-24,SCH,30
L002844,K0049,S028,2025-03-24,AST,180
L002845,K0010,S003,2025-03-24,AST,120
L002846,K0076,S032,2025-03-24,DOK,120
L002847,K0081,S024,2025-03-24,DOK,60
L002848,K0161,S022,2025-03-24,DOK,30
L002849,K0135,S013,2025-03-24,SCH,180
L002850,K0140,S013,2025-03-24,BEG,45
L002851,K0114,S015,2025-03-24,AST,60
L002852,K0162,S018,2025-03-24,DOK,60
L002853,K0098,S004,2025-03-25,BEG,120
L002854,K0134,S012,2025-03-25,AST,60
L002855,K0157,S031,2025-03-25,DOK,120
L002856,K0011,S023,2025-03-25,BEG,120
L002857,K0037,S008,2025-03-25,AST,180
L002858,K0046,S007,2025-03-25,AST,60
L002859,K0101,S008,2025-03-25,BER,90
L002860,K0060,S010,2025-03-25,AST,45
L002861,K0126,S027,2025-03-25,FAL,60
L002862,K0173,S018,2025-03-25,AST,180
L002863,K0126,S023,2025-03-25,GRP,60
L002864,K0112,S018,2025-03-25,AST,120
L002865,K0107,S015,2025-03-25,SCH,180
L002866,K0141,S005,2025-03-25,BEG,45
L002867,K0028,S011,2025-03-25,SCH,60
L002868,K0110,S018,2025-03-25,BEG,60
L002869,K0173,S004,2025-03-25,AST,60
L002870,K0073,S010,2025-03-25,GRP,30
L002871,K0115,S023,2025-03-25,AST,180
L002872,K0019,S028,2025-03-25,BEG,120
L002873,K0009,S027,2025-03-25,SCH,120
L002874,K0162,S020,2025-03-25,SCH,30
L002875,K0068,S006,2025-03-25,GRP,90
L002876,K0120,S011,2025-03-25,DOK,120
L002877,K0047,S012,2025-03-25,AST,90
L002878,K0011,S016,2025-03-25,SCH,60
L002879,K0130,S022,2025-03-25,AST,60
L002880,K0092,S013,2025-03-25,DOK,90
L002881,K0036,S029,2025-03-25,DOK,45
L002882,K0164,S032,2025-03-25,SCH,60
L002883,K0100,S023,2025-03-25,SCH,45
L002884,K0164,S029,2025-03-25,SCH,30
L002885,K0130,S025,2025-03-25,SCH,60
L002886,K0116,S010,2025-03-25,DOK,120
L002887,K0132,S015,2025-03-25,GRP,60
L002888,K0120,S023,2025-03-25,AST,60
L002889,K0061,S002,2025-03-25,AST,180
L002890,K0079,S020,2025-03-25,FAL,180
L002891,K0147,S008,2025-03-25,BER,180
L002892,K0085,S032,2025-03-25,AST,60
L002893,K0035,S008,2025-03-25,DOK,45
L002894,K0063,S025,2025-03-25,SCH,60
L002895,K0061,S034,2025-03-25,BEG,60
L002896,K0140,S031,2025-03-25,FAL,120
L002897,K0116,S016,2025-03-25,DOK,45
L002898,K0145,S003,2025-03-26,AST,90
L002899,K0091,S007,2025-03-26,AST,60
L002900,K0107,S017,2025-03-26,BEG,60
L002901,K0093,S013,2025-03-26,BEG,120
L002902,K0070,S023,2025-03-26,BEG,60
L002903,K0090,S007,2025-03-26,GRP,180
L002904,K0042,S002,2025-03-26,GRP,120
L002905,K0031,S003,2025-03-26,AST,60
L002906,K0148,S005,2025-03-26,AST,180
L002907,K0147,S025,2025-03-26,GRP,120
L002908,K0063,S008,2025-03-26,DOK,60
L002909,K0105,S020,2025-03-26,SCH,180
L002910,K0161,S025,2025-03-26,BEG,180
L002911,K0069,S032,2025-03-26,GRP,30
L002912,K0007,S012,2025-03-26,DOK,60
L002913,K0142,S023,2025-03-26,AST,45
L002914,K0127,S018,2025-03-26,DOK,45
L002915,K0018,S006,2025-03-26,SCH,120
L002916,K0109,S017,2025-03-26,AST,60
L002917,K0108,S020,2025-03-26,DOK,90
L002918,K0116,S022,2025-03-26,AST,120
L002919,K0096,S026,2025-03-26,BEG,60
L002920,K0024,S017,2025-03-26,DOK,60
L002921,K0093,S024,2025-03-26,BER,45
L002922,K0153,S020,2025-03-26,SCH,180
L002923,K0011,S001,2025-03-26,AST,45
L002924,K0155,S002,2025-03-26,AST,60
L002925,K0044,S014,2025-03-26,AST,60
L002926,K0053,S018,2025-03-26,BER,30
L002927,K0144,S018,2025-03-26,DOK,120
L002928,K0021,S007,2025-03-26,AST,30
L002929,K0178,S032,2025-03-26,GRP,45
L002930,K0008,S003,2025-03-26,DOK,120
L002931,K0070,S013,2025-03-26,DOK,180
L002932,K0130,S022,2025-03-26,AST,30
L002933,K0010,S020,2025-03-26,AST,60
L002934,K0076,S014,2025-03-26,GRP,120
L002935,K0111,S001,2025-03-26,BER,180
L002936,K0043,S003,2025-03-26,AST,120
L002937,K0100,S024,2025-03-26,AST,30
L002938,K0047,S022,2025-03-26,DOK,60
L002939,K0135,S028,2025-03-26,GRP,60
L002940,K0157,S014,2025-03-26,AST,120
L002941,K0057,S012,2025-03-26,BER,45
L002942,K0073,S006,2025-03-26,BER,120
L002943,K0110,S004,2025-03-26,AST,180
L002944,K0047,S001,2025-03-26,AST,120
L002945,K0076,S027,2025-03-27,BEG,90
L002946,K0044,S028,2025-03-27,AST,180
L002947,K0176,S027,2025-03-27,DOK,30
L002948,K0151,S031,2025-03-27,SCH,180
L002949,K0119,S008,2025-03-27,SCH,45
L002950,K0071,S023,2025-03-27,AST,180
L002951,K0132,S006,2025-03-27,GRP,90
L002952,K0045,S032,2025-03-27,AST,180
L002953,K0117,S027,2025-03-27,AST,180
L002954,K0022,S034,2025-03-27,BEG,60
L002955,K0001,S027,2025-03-27,GRP,60
L002956,K0032,S012,2025-03-27,GRP,45
L002957,K0142,S029,2025-03-27,DOK,90
L002958,K0001,S003,2025-03-27,AST,60
L002959,K0040,S003,2025-03-27,GRP,60
L002960,K0149,S008,2025-03-27,DOK,45
L002961,K0054,S018,2025-03-27,AST,60
L002962,K0010,S024,2025-03-27,DOK,30
L002963,K0006,S025,2025-03-27,AST,30
L002964,K0132,S014,2025-03-27,GRP,180
L002965,K0129,S025,2025-03-27,GRP,120
L002966,K0028,S011,2025-03-27,AST,90
L002967,K0025,S017,2025-03-27,SCH,180
L002968,K0019,S016,2025-03-27,SCH,90
L002969,K0085,S023,2025-03-27,DOK,180
L002970,K0054,S012,2025-03-27,DOK,120
L002971,K0111,S002,2025-03-27,AST,45
L002972,K0005,S011,2025-03-27,GRP,45
L002973,K0084,S012,2025-03-27,BER,180
L002974,K0012,S006,2025-03-27,SCH,60
L002975,K0173,S015,2025-03-27,BEG,60
L002976,K0158,S008,2025-03-27,DOK,120
L002977,K0108,S007,2025-03-27,SCH,180
L002978,K0137,S023,2025-03-27,BEG,90
L002979,K0132,S013,2025-03-27,GRP,90
L002980,K0163,S017,2025-03-27,BEG,30
L002981,K0100,S005,2025-03-27,DOK,120
L002982,K0138,S018,2025-03-27,DOK,60
L002983,K0138,S012,2025-03-27,AST,30
L002984,K0035,S011,2025-03-27,AST,180
L002985,K0032,S002,2025-03-27,BER,45
L002986,K0118,S025,2025-03-28,AST,45
L002987,K0142,S029,2025-03-28,DOK,60
L002988,K0083,S007,2025-03-28,AST,60
L002989,K0152,S018,2025-03-28,AST,45
L002990,K0093,S008,2025-03-28,BEG,90
L002991,K0110,S007,2025-03-28,SCH,90
L002992,K0103,S024,2025-03-28,SCH,30
L002993,K0171,S011,2025-03-28,GRP,90
L002994,K0087,S032,2025-03-28,AST,120
L002995,K0090,S034,2025-03-28,SCH,90
L002996,K0070,S029,2025-03-28,AST,30
L002997,K0161,S025,2025-03-28,SCH,120
L002998,K0112,S010,2025-03-28,AST,60
L002999,K0122,S001,2025-03-28,BEG,90
L003000,K0007,S026,2025-03-28,AST,90
L003001,K0151,S007,2025-03-28,DOK,90
L003002,K0009,S028,2025-03-28,FAL,60
L003003,K0013,S034,2025-03-28,SCH,120
L003004,K0053,S022,2025-03-28,SCH,90
L003005,K0063,S025,2025-03-28,AST,90
L003006,K0007,S005,2025-03-28,FAL,120
L003007,K0110,S017,2025-03-28,AST,180
L003008,K0009,S023,2025-03-28,BER,90
L003009,K0036,S023,2025-03-28,SCH,90
L003010,K0103,S028,2025-03-28,SCH,45
L003011,K0031,S034,2025-03-28,BEG,90
L003012,K0137,S015,2025-03-28,GRP,180
L003013,K0085,S011,2025-03-28,SCH,90
L003014,K0099,S026,2025-03-28,GRP,180
L003015,K0098,S022,2025-03-28,BER,180
L003016,K0093,S024,2025-03-28,DOK,45
L003017,K0047,S022,2025-03-28,DOK,30
L003018,K0098,S012,2025-03-28,BEG,60
L003019,K0103,S008,2025-03-28,SCH,180
L003020,K0047,S028,2025-03-28,DOK,60
L003021,K0021,S006,2025-03-28,BER,180
L003022,K0013,S016,2025-03-28,BEG,60
L003023,K0037,S015,2025-03-28,DOK,30
L003024,K0141,S022,2025-03-28,AST,45
L003025,K0162,S007,2025-03-28,SCH,120
L003026,K0174,S010,2025-03-28,GRP,180
L003027,K0176,S013,2025-03-28,AST,60
L003028,K0093,S020,2025-03-28,AST,180
L003029,K0050,S015,2025-03-28,GRP,30
L003030,K0037,S005,2025-03-28,DOK,30
L003031,K0124,S001,2025-03-28,AST,90
L003032,K0083,S004,2025-03-28,AST,60
L003033,K0098,S010,2025-03-28,SCH,90
L003034,K0165,S022,2025-03-28,BEG,90
L003035,K0092,S004,2025-03-28,GRP,60
L003036,K0147,S007,2025-03-28,BEG,60
L003037,K0100,S004,2025-03-28,SCH,60
L003038,K0093,S029,2025-03-31,SCH,60
L003039,K0049,S001,2025-03-31,AST,180
L003040,K0038,S006,2025-03-31,AST,60
L003041,K0028,S007,2025-03-31,SCH,180
L003042,K0100,S012,2025-03-31,GRP,60
L003043,K0126,S005,2025-03-31,GRP,45
L003044,K0007,S029,2025-03-31,FAL,45
L003045,K0126,S022,2025-03-31,AST,60
L003046,K0050,S010,2025-03-31,AST,90
L003047,K0005,S029,2025-03-31,GRP,60
L003048,K0141,S028,2025-03-31,AST,180
L003049,K0129,S028,2025-03-31,AST,90
L003050,K0118,S011,2025-03-31,BEG,120
L003051,K0173,S027,2025-03-31,DOK,30
L003052,K0162,S007,2025-03-31,BEG,60
L003053,K0096,S013,2025-03-31,GRP,180
L003054,K0179,S027,2025-03-31,FAL,60
L003055,K0044,S006,2025-03-31,SCH,45
L003056,K0092,S017,2025-03-31,DOK,45
L003057,K0103,S012,2025-03-31,GRP,60
L003058,K0042,S024,2025-03-31,GRP,60
L003059,K0048,S028,2025-03-31,DOK,45
L003060,K0043,S002,2025-03-31,AST,60
L003061,K0144,S001,2025-03-31,GRP,60
L003062,K0017,S013,2025-03-31,DOK,180
L003063,K0134,S002,2025-03-31,AST,30
L003064,K0045,S016,2025-03-31,AST,90
L003065,K0144,S005,2025-03-31,AST,60
L003066,K0148,S008,2025-03-31,DOK,60
L003067,K0005,S026,2025-03-31,AST,120
L003068,K0055,S020,2025-03-31,FAL,60
L003069,K0002,S020,2025-03-31,AST,45
L003070,K0153,S006,2025-03-31,AST,120
L003071,K0173,S029,2025-03-31,AST,120
L003072,K0102,S029,2025-03-31,DOK,60
L003073,K0134,S012,2025-03-31,BEG,90
L003074,K0086,S010,2025-04-01,DOK,90
L003075,K0006,S003,2025-04-01,DOK,120
L003076,K0005,S014,2025-04-01,AST,120
L003077,K0131,S013,2025-04-01,BEG,45
L003078,K0135,S003,2025-04-01,BEG,180
L003079,K0176,S029,2025-04-01,GRP,180
L003080,K0070,S034,2025-04-01,GRP,90
L003081,K0083,S025,2025-04-01,AST,30
L003082,K0120,S026,2025-04-01,BER,30
L003083,K0105,S026,2025-04-01,AST,30
L003084,K0118,S010,2025-04-01,DOK,30
L003085,K0112,S011,2025-04-01,BEG,45
L003086,K0010,S025,2025-04-01,GRP,120
L003087,K0128,S025,2025-04-01,GRP,60
L003088,K0122,S013,2025-04-01,GRP,180
L003089,K0144,S005,2025-04-01,SCH,120
L003090,K0057,S018,2025-04-01,SCH,120
L003091,K0019,S018,2025-04-01,AST,60
L003092,K0119,S028,2025-04-01,DOK,30
L003093,K0040,S010,2025-04-01,GRP,30
L003094,K0111,S016,2025-04-01,GRP,60
L003095,K0137,S023,2025-04-01,SCH,60
L003096,K0117,S005,2025-04-01,SCH,90
L003097,K0044,S003,2025-04-01,SCH,120
L003098,K0042,S008,2025-04-01,DOK,60
L003099,K0117,S002,2025-04-01,SCH,30
L003100,K0095,S008,2025-04-01,GRP,120
L003101,K0031,S015,2025-04-01,GRP,90
L003102,K0102,S002,2025-04-01,SCH,180
L003103,K0005,S012,2025-04-01,AST,60
L003104,K0071,S007,2025-04-01,AST,60
L003105,K0091,S003,2025-04-01,GRP,45
L003106,K0001,S024,2025-04-01,AST,45
L003107,K0018,S016,2025-04-01,SCH,90
L003108,K0035,S010,2025-04-01,AST,60
L003109,K0148,S017,2025-04-01,AST,60
L003110,K0086,S013,2025-04-01,GRP,30
L003111,K0020,S002,2025-04-01,BER,60
L003112,K0003,S018,2025-04-01,AST,90
L003113,K0065,S007,2025-04-01,SCH,120
L003114,K0052,S002,2025-04-01,SCH,180
L003115,K0002,S032,2025-04-01,AST,60
L003116,K0007,S002,2025-04-01,SCH,120
L003117,K0116,S025,2025-04-01,FAL,180
L003118,K0146,S017,2025-04-01,BEG,60
L003119,K0014,S004,2025-04-01,AST,60
L003120,K0060,S011,2025-04-01,DOK,60
L003121,K0005,S004,2025-04-01,BEG,180
L003122,K0100,S020,2025-04-01,AST,30
L003123,K0019,S002,2025-04-01,GRP,120
L003124,K0027,S029,2025-04-01,SCH,60
L003125,K0090,S005,2025-04-01,SCH,45
L003126,K0111,S029,2025-04-01,BEG,60
L003127,K0147,S031,2025-04-02,BER,180
L003128,K0014,S004,2025-04-02,AST,60
L003129,K0159,S008,2025-04-02,GRP,120
L003130,K0105,S025,2025-04-02,AST,45
L003131,K0149,S034,2025-04-02,AST,180
L003132,K0010,S004,2025-04-02,AST,30
L003133,K0053,S013,2025-04-02,BER,45
L003134,K0046,S025,2025-04-02,DOK,30
L003135,K0013,S014,2025-04-02,BEG,45
L003136,K0110,S028,2025-04-02,AST,90
L003137,K0096,S014,2025-04-02,DOK,60
L003138,K0019,S003,2025-04-02,FAL,90
L003139,K0110,S012,2025-04-02,DOK,45
L003140,K0030,S023,2025-04-02,GRP,180
L003141,K0137,S011,2025-04-02,FAL,120
L003142,K0083,S018,2025-04-02,AST,30
L003143,K0134,S029,2025-04-02,FAL,60
L003144,K0081,S025,2025-04-02,SCH,90
L003145,K0162,S028,2025-04-02,BEG,60
L003146,K0076,S026,2025-04-02,AST,120
L003147,K0132,S014,2025-04-02,SCH,60
L003148,K0121,S032,2025-04-02,BEG,60
L003149,K0109,S004,2025-04-02,AST,180
L003150,K0047,S029,2025-04-02,SCH,30
L003151,K0126,S005,2025-04-02,SCH,60
L003152,K0036,S016,2025-04-02,DOK,60
L003153,K0150,S015,2025-04-02,AST,45
L003154,K0163,S003,2025-04-02,GRP,120
L003155,K0065,S017,2025-04-02,DOK,60
L003156,K0142,S020,2025-04-02,FAL,30
L003157,K0090,S003,2025-04-02,DOK,90
L003158,K0053,S004,2025-04-02,BER,120
L003159,K0153,S008,2025-04-02,GRP,60
L003160,K0047,S005,2025-04-02,BER,120
L003161,K0062,S020,2025-04-02,BER,180
L003162,K0010,S027,2025-04-02,SCH,90
L003163,K0018,S025,2025-04-02,FAL,30
L003164,K0160,S029,2025-04-02,DOK,60
L003165,K0021,S015,2025-04-02,AST,180
L003166,K0002,S006,2025-04-02,BEG,30
L003167,K0132,S026,2025-04-02,AST,45
L003168,K0159,S022,2025-04-02,SCH,180
L003169,K0092,S025,2025-04-02,BEG,120
L003170,K0020,S015,2025-04-02,BEG,45
L003171,K0108,S012,2025-04-02,DOK,120
L003172,K0124,S015,2025-04-02,AST,30
L003173,K0155,S027,2025-04-02,SCH,45
L003174,K0173,S017,2025-04-02,SCH,120
L003175,K0057,S004,2025-04-02,SCH,45
L003176,K0012,S002,2025-04-03,BER,30
L003177,K0155,S010,2025-04-03,BER,60
L003178,K0150,S011,2025-04-03,DOK,60
L003179,K0010,S026,2025-04-03,FAL,45
L003180,K0047,S025,2025-04-03,BEG,30
L003181,K0105,S003,2025-04-03,SCH,30
L003182,K0157,S022,2025-04-03,GRP,30
L003183,K0163,S023,2025-04-03,DOK,45
L003184,K0055,S031,2025-04-03,SCH,60
L003185,K0073,S010,2025-04-03,DOK,120
L003186,K0148,S026,2025-04-03,AST,60
L003187,K0132,S002,2025-04-03,DOK,90
L003188,K0092,S007,2025-04-03,SCH,180
L003189,K0135,S022,2025-04-03,BEG,120
L003190,K0149,S023,2025-04-03,AST,60
L003191,K0129,S032,2025-04-03,FAL,90
L003192,K0124,S023,2025-04-03,BEG,90
L003193,K0126,S027,2025-04-03,GRP,45
L003194,K0105,S016,2025-04-03,AST,30
L003195,K0060,S007,2025-04-03,AST,60
L003196,K0045,S031,2025-04-03,BEG,90
L003197,K0127,S024,2025-04-03,BER,90
L003198,K0095,S020,2025-04-03,BEG,180
L003199,K0173,S034,2025-04-03,SCH,45
L003200,K0131,S013,2025-04-03,BER,60
L003201,K0161,S004,2025-04-03,AST,90
L003202,K0086,S016,2025-04-03,AST,90
L003203,K0107,S016,2025-04-03,AST,180
L003204,K0027,S017,2025-04-03,SCH,45
L003205,K0164,S007,2025-04-03,BER,45
L003206,K0010,S005,2025-04-03,GRP,30
L003207,K0152,S014,2025-04-03,FAL,60
L003208,K0073,S012,2025-04-03,SCH,180
L003209,K0158,S018,2025-04-03,GRP,45
L003210,K0101,S016,2025-04-03,AST,60
L003211,K0108,S034,2025-04-03,GRP,60
L003212,K0007,S011,2025-04-03,DOK,180
L003213,K0055,S026,2025-04-03,DOK,120
L003214,K0024,S022,2025-04-03,AST,45
L003215,K0122,S001,2025-04-03,AST,180
L003216,K0127,S025,2025-04-03,BEG,90
L003217,K0119,S007,2025-04-03,AST,60
L003218,K0114,S013,2025-04-03,BER,180
L003219,K0061,S007,2025-04-03,GRP,120
L003220,K0087,S032,2025-04-03,SCH,45
L003221,K0020,S002,2025-04-03,SCH,90
L003222,K0006,S006,2025-04-03,AST,45
L003223,K0047,S018,2025-04-03,AST,60
L003224,K0042,S012,2025-04-03,BEG,60
L003225,K0045,S013,2025-04-03,DOK,45
L003226,K0017,S010,2025-04-03,DOK,30
L003227,K0002,S017,2025-04-03,BEG,120
L003228,K0062,S029,2025-04-04,GRP,60
L003229,K0144,S031,2025-04-04,DOK,45
L003230,K0071,S006,2025-04-04,SCH,30
L003231,K0106,S027,2025-04-04,DOK,60
L003232,K0146,S008,2025-04-04,BER,45
L003233,K0012,S024,2025-04-04,SCH,120
L003234,K0171,S028,2025-04-04,DOK,60
L003235,K0110,S015,2025-04-04,GRP,30
L003236,K0163,S005,2025-04-04,DOK,30
L003237,K0003,S023,2025-04-04,AST,60
L003238,K0178,S007,2025-04-04,DOK,180
L003239,K0146,S024,2025-04-04,DOK,30
L003240,K0103,S001,2025-04-04,SCH,60
L003241,K0045,S006,2025-04-04,FAL,60
L003242,K0038,S011,2025-04-04,GRP,60
L003243,K0131,S011,2025-04-04,SCH,60
L003244,K0102,S006,2025-04-04,BER,60
L003245,K0073,S023,2025-04-04,BEG,30
L003246,K0070,S002,2025-04-04,AST,30
L003247,K0138,S027,2025-04-04,AST,120
L003248,K0021,S007,2025-04-04,AST,180
L003249,K0149,S013,2025-04-04,AST,45
L003250,K0122,S024,2025-04-04,BEG,45
L003251,K0027,S014,2025-04-04,SCH,180
L003252,K0057,S025,2025-04-04,AST,180
L003253,K0111,S013,2025-04-04,AST,30
L003254,K0140,S006,2025-04-04,BEG,180
L003255,K0019,S027,2025-04-04,AST,120
L003256,K0060,S026,2025-04-04,BEG,60
L003257,K0110,S022,2025-04-04,DOK,120
L003258,K0172,S008,2025-04-04,BER,60
L003259,K0126,S017,2025-04-04,AST,45
L003260,K0103,S013,2025-04-04,GRP,30
L003261,K0162,S026,2025-04-04,AST,30
L003262,K0144,S003,2025-04-04,SCH,45
L003263,K0116,S008,2025-04-04,GRP,30
L003264,K0042,S023,2025-04-04,DOK,90
L003265,K0021,S014,2025-04-04,AST,90
L003266,K0115,S012,2025-04-04,AST,45
L003267,K0027,S028,2025-04-04,DOK,60
L003268,K0164,S011,2025-04-04,AST,30
L003269,K0150,S013,2025-04-04,SCH,30
L003270,K0055,S029,2025-04-04,AST,180
L003271,K0179,S031,2025-04-04,AST,90
L003272,K0173,S014,2025-04-04,SCH,180
L003273,K0172,S026,2025-04-04,GRP,180
L003274,K0118,S028,2025-04-04,DOK,90
L003275,K0101,S005,2025-04-04,AST,120
L003276,K0124,S031,2025-04-04,DOK,60
L003277,K0019,S008,2025-04-04,AST,30
L003278,K0043,S007,2025-04-04,SCH,180
L003279,K0017,S028,2025-04-04,AST,45
L003280,K0145,S010,2025-04-04,AST,120
L003281,K0149,S025,2025-04-07,DOK,45
L003282,K0106,S004,2025-04-07,DOK,45
L003283,K0128,S024,2025-04-07,SCH,120
L003284,K0095,S032,2025-04-07,AST,180
L003285,K0123,S034,2025-04-07,FAL,120
L003286,K0073,S029,2025-04-07,BEG,180
L003287,K0069,S004,2025-04-07,AST,120
L003288,K0171,S020,2025-04-07,SCH,60
L003289,K0019,S034,2025-04-07,SCH,180
L003290,K0070,S032,2025-04-07,BEG,30
L003291,K0100,S008,2025-04-07,DOK,60
L003292,K0145,S026,2025-04-07,AST,30
L003293,K0020,S005,2025-04-07,DOK,30
L003294,K0028,S022,2025-04-07,AST,45
L003295,K0001,S026,2025-04-07,AST,30
L003296,K0106,S018,2025-04-07,DOK,60
L003297,K0129,S001,2025-04-07,BEG,60
L003298,K0086,S010,2025-04-07,AST,60
L003299,K0134,S016,2025-04-07,GRP,60
L003300,K0020,S032,2025-04-07,AST,45
L003301,K0021,S026,2025-04-07,GRP,180
L003302,K0055,S014,2025-04-07,FAL,90
L003303,K0076,S026,2025-04-07,AST,60
L003304,K0002,S004,2025-04-07,AST,60
L003305,K0103,S010,2025-04-07,FAL,60
L003306,K0101,S016,2025-04-07,BER,90
L003307,K0161,S026,2025-04-07,FAL,30
L003308,K0144,S001,2025-04-07,AST,30
L003309,K0012,S016,2025-04-07,SCH,60
L003310,K0135,S004,2025-04-07,AST,30
L003311,K0012,S018,2025-04-07,BEG,60
L003312,K0159,S003,2025-04-07,FAL,45
L003313,K0048,S022,2025-04-07,DOK,120
L003314,K0131,S012,2025-04-07,SCH,120
L003315,K0019,S001,2025-04-07,BEG,45
L003316,K0031,S027,2025-04-07,AST,60
L003317,K0004,S003,2025-04-07,GRP,90
L003318,K0114,S031,2025-04-07,DOK,90
L003319,K0150,S004,2025-04-07,AST,180
L003320,K0061,S008,2025-04-07,AST,45
L003321,K0138,S018,2025-04-07,BEG,120
L003322,K0010,S011,2025-04-07,BEG,30
L003323,K0084,S002,2025-04-07,AST,45
L003324,K0020,S017,2025-04-08,DOK,120
L003325,K0032,S022,2025-04-08,AST,90
L003326,K0105,S011,2025-04-08,BEG,60
L003327,K0098,S010,2025-04-08,SCH,30
L003328,K0134,S020,2025-04-08,AST,30
L003329,K0162,S017,2025-04-08,AST,90
L003330,K0112,S025,2025-04-08,GRP,45
L003331,K0165,S022,2025-04-08,GRP,60
L003332,K0155,S017,2025-04-08,DOK,45
L003333,K0165,S015,2025-04-08,BER,60
L003334,K0045,S016,2025-04-08,SCH,45
L003335,K0024,S020,2025-04-08,AST,120
L003336,K0002,S007,2025-04-08,DOK,60
L003337,K0038,S029,2025-04-08,AST,30
L003338,K0153,S012,2025-04-08,SCH,45
L003339,K0102,S006,2025-04-08,DOK,90
L003340,K0165,S014,2025-04-08,SCH,45
L003341,K0038,S014,2025-04-08,BEG,45
L003342,K0047,S011,2025-04-08,AST,60
L003343,K0172,S026,2025-04-08,BEG,45
L003344,K0085,S022,2025-04-08,GRP,45
L003345,K0006,S026,2025-04-08,AST,180
L003346,K0062,S013,2025-04-08,BEG,120
L003347,K0132,S006,2025-04-08,AST,30
L003348,K0076,S016,2025-04-08,SCH,45
L003349,K0155,S011,2025-04-08,AST,60
L003350,K0062,S008,2025-04-08,GRP,60
L003351,K0027,S017,2025-04-08,SCH,180
L003352,K0153,S029,2025-04-08,DOK,120
L003353,K0046,S010,2025-04-08,SCH,90
L003354,K0129,S022,2025-04-08,SCH,60
L003355,K0153,S011,2025-04-08,BEG,60
L003356,K0081,S034,2025-04-08,AST,120
L003357,K0096,S020,2025-04-08,DOK,180
L003358,K0084,S024,2025-04-08,AST,45
L003359,K0149,S027,2025-04-08,BER,60
L003360,K0127,S022,2025-04-08,BEG,180
L003361,K0066,S004,2025-04-08,FAL,180
L003362,K0086,S010,2025-04-08,FAL,90
L003363,K0065,S031,2025-04-08,AST,45
L003364,K0102,S001,2025-04-08,DOK,60
L003365,K0002,S029,2025-04-08,FAL,90
L003366,K0174,S006,2025-04-08,BER,60
L003367,K0014,S008,2025-04-08,SCH,60
L003368,K0106,S025,2025-04-08,AST,60
L003369,K0071,S029,2025-04-08,DOK,120
L003370,K0093,S032,2025-04-08,SCH,45
L003371,K0022,S022,2025-04-08,GRP,120
L003372,K0013,S031,2025-04-08,DOK,180
L003373,K0171,S025,2025-04-08,SCH,60
L003374,K0030,S025,2025-04-09,SCH,60
L003375,K0174,S031,2025-04-09,DOK,45
L003376,K0155,S015,2025-04-09,AST,30
L003377,K0172,S018,2025-04-09,BEG,30
L003378,K0048,S032,2025-04-09,FAL,180
L003379,K0108,S022,2025-04-09,BEG,60
L003380,K0141,S015,2025-04-09,BEG,90
L003381,K0053,S012,2025-04-09,AST,120
L003382,K0163,S023,2025-04-09,FAL,45
L003383,K0004,S006,2025-04-09,FAL,60
L003384,K0099,S001,2025-04-09,AST,120
L003385,K0005,S008,2025-04-09,DOK,120
L003386,K0118,S012,2025-04-09,BEG,45
L003387,K0135,S012,2025-04-09,BEG,60
L003388,K0071,S023,2025-04-09,DOK,30
L003389,K0010,S004,2025-04-09,BEG,180
L003390,K0090,S005,2025-04-09,AST,90
L003391,K0107,S013,2025-04-09,SCH,45
L003392,K0168,S006,2025-04-09,FAL,90
L003393,K0163,S004,2025-04-09,SCH,120
L003394,K0122,S001,2025-04-09,DOK,45
L003395,K0112,S001,2025-04-09,DOK,30
L003396,K0142,S031,2025-04-09,AST,60
L003397,K0018,S006,2025-04-09,BEG,60
L003398,K0054,S010,2025-04-09,SCH,90
L003399,K0114,S004,2025-04-09,BEG,30
L003400,K0043,S005,2025-04-09,BER,90
L003401,K0066,S003,2025-04-09,BEG,60
L003402,K0118,S031,2025-04-09,DOK,60
L003403,K0115,S002,2025-04-09,GRP,90
L003404,K0127,S029,2025-04-09,BEG,30
L003405,K0172,S005,2025-04-09,BER,60
L003406,K0126,S001,2025-04-09,DOK,60
L003407,K0061,S002,2025-04-09,DOK,120
L003408,K0007,S032,2025-04-09,DOK,90
L003409,K0112,S027,2025-04-09,AST,60
L003410,K0129,S010,2025-04-09,DOK,90
L003411,K0132,S014,2025-04-09,BEG,60
L003412,K0135,S004,2025-04-09,BEG,60
L003413,K0013,S008,2025-04-09,AST,180
L003414,K0047,S031,2025-04-09,GRP,120
L003415,K0017,S012,2025-04-09,BEG,45
L003416,K0120,S014,2025-04-09,SCH,60
L003417,K0102,S004,2025-04-09,FAL,45
L003418,K0068,S022,2025-04-09,BER,45
L003419,K0179,S024,2025-04-09,BER,180
L003420,K0086,S001,2025-04-10,SCH,120
L003421,K0160,S016,2025-04-10,AST,180
L003422,K0145,S003,2025-04-10,FAL,180
L003423,K0123,S029,2025-04-10,AST,180
L003424,K0126,S002,2025-04-10,AST,60
L003425,K0006,S001,2025-04-10,GRP,90
L003426,K0027,S022,2025-04-10,AST,120
L003427,K0145,S012,2025-04-10,GRP,45
L003428,K0108,S011,2025-04-10,DOK,60
L003429,K0124,S025,2025-04-10,DOK,120
L003430,K0150,S006,2025-04-10,BER,60
L003431,K0131,S008,2025-04-10,AST,120
L003432,K0174,S017,2025-04-10,DOK,90
L003433,K0108,S002,2025-04-10,BEG,90
L003434,K0141,S034,2025-04-10,BER,120
L003435,K0119,S008,2025-04-10,AST,60
L003436,K0151,S032,2025-04-10,GRP,120
L003437,K0105,S016,2025-04-10,SCH,30
L003438,K0163,S022,2025-04-10,AST,60
L003439,K0127,S011,2025-04-10,BER,60
L003440,K0138,S002,2025-04-10,BEG,60
L003441,K0122,S025,2025-04-10,GRP,60
L003442,K0019,S003,2025-04-10,AST,180
L003443,K0108,S023,2025-04-10,SCH,30
L003444,K0121,S010,2025-04-10,SCH,180
L003445,K0109,S008,2025-04-10,GRP,60
L003446,K0087,S007,2025-04-10,AST,90
L003447,K0174,S013,2025-04-10,GRP,60
L003448,K0149,S032,2025-04-10,SCH,90
L003449,K0148,S023,2025-04-10,SCH,120
L003450,K0148,S031,2025-04-10,BEG,120
L003451,K0065,S018,2025-04-10,GRP,90
L003452,K0001,S025,2025-04-10,AST,30
L003453,K0103,S002,2025-04-10,BER,30
L003454,K0086,S002,2025-04-10,AST,60
L003455,K0014,S015,2025-04-10,BEG,45
L003456,K0129,S031,2025-04-10,AST,60
L003457,K0027,S020,2025-04-10,SCH,60
L003458,K0060,S020,2025-04-10,AST,60
L003459,K0135,S022,2025-04-10,SCH,45
L003460,K0006,S022,2025-04-10,DOK,90
L003461,K0045,S018,2025-04-10,SCH,90
L003462,K0040,S018,2025-04-10,SCH,60
L003463,K0005,S004,2025-04-10,SCH,60
L003464,K0022,S014,2025-04-10,BEG,120
L003465,K0027,S004,2025-04-10,FAL,180
L003466,K0129,S004,2025-04-10,DOK,90
L003467,K0068,S020,2025-04-10,AST,30
L003468,K0014,S023,2025-04-10,SCH,30
L003469,K0054,S024,2025-04-10,BEG,45
L003470,K0063,S007,2025-04-10,DOK,60
L003471,K0165,S005,2025-04-10,GRP,120
L003472,K0130,S032,2025-04-10,SCH,120
L003473,K0137,S032,2025-04-10,SCH,30
L003474,K0140,S005,2025-04-10,GRP,45
L003475,K0144,S007,2025-04-11,SCH,90
L003476,K0045,S031,2025-04-11,BEG,90
L003477,K0165,S013,2025-04-11,AST,120
L003478,K0158,S007,2025-04-11,AST,60
L003479,K0063,S026,2025-04-11,SCH,45
L003480,K0025,S016,2025-04-11,AST,45
L003481,K0145,S008,2025-04-11,AST,45
L003482,K0061,S004,2025-04-11,SCH,30
L003483,K0001,S004,2025-04-11,BER,30
L003484,K0111,S013,2025-04-11,FAL,60
L003485,K0142,S003,2025-04-11,SCH,45
L003486,K0071,S012,2025-04-11,DOK,120
L003487,K0148,S003,2025-04-11,GRP,45
L003488,K0030,S004,2025-04-11,SCH,45
L003489,K0014,S003,2025-04-11,SCH,60
L003490,K0040,S010,2025-04-11,GRP,60
L003491,K0117,S027,2025-04-11,AST,45
L003492,K0043,S014,2025-04-11,AST,90
L003493,K0063,S025,2025-04-11,BEG,45
L003494,K0046,S017,2025-04-11,BER,120
L003495,K0162,S010,2025-04-11,DOK,90
L003496,K0130,S008,2025-04-11,AST,180
L003497,K0008,S026,2025-04-11,SCH,180
L003498,K0008,S006,2025-04-11,SCH,60
L003499,K0153,S001,2025-04-11,DOK,120
L003500,K0092,S025,2025-04-11,FAL,90
L003501,K0109,S011,2025-04-11,SCH,45
L003502,K0055,S008,2025-04-11,AST,30
L003503,K0126,S026,2025-04-11,AST,120
L003504,K0024,S034,2025-04-11,AST,60
L003505,K0007,S015,2025-04-11,SCH,30
L003506,K0155,S027,2025-04-11,FAL,180
L003507,K0127,S018,2025-04-11,DOK,60
L003508,K0071,S013,2025-04-11,BEG,90
L003509,K0120,S008,2025-04-11,BEG,45
L003510,K0100,S005,2025-04-11,GRP,30
L003511,K0032,S022,2025-04-11,AST,60
L003512,K0032,S024,2025-04-11,AST,45
L003513,K0004,S027,2025-04-11,SCH,45
L003514,K0047,S007,2025-04-11,BER,30
L003515,K0165,S026,2025-04-11,SCH,60
L003516,K0027,S007,2025-04-11,DOK,60
L003517,K0004,S004,2025-04-11,AST,90
L003518,K0050,S032,2025-04-11,SCH,180
L003519,K0022,S024,2025-04-14,FAL,30
L003520,K0144,S031,2025-04-14,SCH,120
L003521,K0031,S022,2025-04-14,SCH,60
L003522,K0149,S022,2025-04-14,BER,30
L003523,K0090,S027,2025-04-14,DOK,60
L003524,K0122,S031,2025-04-14,AST,45
L003525,K0138,S010,2025-04-14,DOK,60
L003526,K0092,S018,2025-04-14,AST,90
L003527,K0173,S027,2025-04-14,AST,45
L003528,K0111,S018,2025-04-14,SCH,60
L003529,K0019,S007,2025-04-14,GRP,180
L003530,K0117,S015,2025-04-14,GRP,180
L003531,K0146,S034,2025-04-14,AST,60
L003532,K0053,S032,2025-04-14,AST,45
L003533,K0160,S004,2025-04-14,SCH,90
L003534,K0050,S031,2025-04-14,AST,45
L003535,K0153,S018,2025-04-14,AST,90
L003536,K0159,S031,2025-04-14,SCH,45
L003537,K0140,S017,2025-04-14,AST,30
L003538,K0093,S034,2025-04-14,DOK,60
L003539,K0111,S013,2025-04-14,GRP,120
L003540,K0121,S031,2025-04-14,GRP,120
L003541,K0004,S018,2025-04-14,DOK,60
L003542,K0152,S018,2025-04-14,BER,30
L003543,K0002,S023,2025-04-14,DOK,90
L003544,K0130,S015,2025-04-14,DOK,180
L003545,K0031,S004,2025-04-14,SCH,180
L003546,K0092,S008,2025-04-14,DOK,90
L003547,K0053,S010,2025-04-14,AST,60
L003548,K0021,S023,2025-04-14,BEG,60
L003549,K0032,S032,2025-04-14,AST,45
L003550,K0160,S024,2025-04-14,AST,60
L003551,K0049,S002,2025-04-14,GRP,60
L003552,K0162,S029,2025-04-14,GRP,90
L003553,K0093,S026,2025-04-14,SCH,180
L003554,K0032,S006,2025-04-14,AST,120
L003555,K0014,S016,2025-04-14,SCH,60
L003556,K0140,S005,2025-04-14,DOK,30
L003557,K0008,S022,2025-04-14,BEG,60
L003558,K0102,S017,2025-04-14,BEG,120
L003559,K0006,S024,2025-04-14,BEG,45
L003560,K0049,S025,2025-04-14,AST,30
L003561,K0093,S031,2025-04-15,BER,60
L003562,K0032,S029,2025-04-15,GRP,45
L003563,K0014,S002,2025-04-15,AST,120
L003564,K0111,S031,2025-04-15,AST,60
L003565,K0158,S025,2025-04-15,GRP,120
L003566,K0025,S004,2025-04-15,GRP,60
L003567,K0090,S015,2025-04-15,SCH,90
L003568,K0031,S034,2025-04-15,AST,30
L003569,K0112,S027,2025-04-15,DOK,30
L003570,K0034,S029,2025-04-15,DOK,45
L003571,K0107,S034,2025-04-15,AST,180
L003572,K0014,S013,2025-04-15,FAL,30
L003573,K0031,S015,2025-04-15,AST,45
L003574,K0144,S020,2025-04-15,BEG,120
L003575,K0003,S027,2025-04-15,DOK,120
L003576,K0115,S001,2025-04-15,AST,90
L003577,K0152,S010,2025-04-15,GRP,180
L003578,K0174,S003,2025-04-15,DOK,120
L003579,K0070,S016,2025-04-15,DOK,120
L003580,K0111,S012,2025-04-15,BEG,45
L003581,K0115,S010,2025-04-15,BEG,180
L003582,K0145,S027,2025-04-15,AST,45
L003583,K0095,S013,2025-04-15,AST,30
L003584,K0048,S006,2025-04-15,GRP,60
L003585,K0076,S023,2025-04-15,DOK,180
L003586,K0152,S020,2025-04-15,SCH,120
L003587,K0130,S015,2025-04-15,SCH,45
L003588,K0087,S023,2025-04-15,BEG,60
L003589,K0120,S032,2025-04-15,SCH,120
L003590,K0014,S027,2025-04-15,SCH,45
L003591,K0050,S016,2025-04-15,FAL,60
L003592,K0146,S022,2025-04-15,AST,30
L003593,K0043,S005,2025-04-15,DOK,90
L003594,K0138,S034,2025-04-15,BEG,90
L003595,K0101,S010,2025-04-15,AST,30
L003596,K0129,S008,2025-04-15,FAL,30
L003597,K0049,S014,2025-04-15,AST,30
L003598,K0099,S008,2025-04-15,DOK,45
L003599,K0024,S023,2025-04-15,AST,180
L003600,K0062,S015,2025-04-15,GRP,60
L003601,K0144,S010,2025-04-15,SCH,180
L003602,K0171,S024,2025-04-15,FAL,120
L003603,K0008,S006,2025-04-15,GRP,90
L003604,K0060,S004,2025-04-15,GRP,60
L003605,K0123,S029,2025-04-15,FAL,180
L003606,K0096,S011,2025-04-15,GRP,180
L003607,K0160,S026,2025-04-15,DOK,90
L003608,K0155,S014,2025-04-15,SCH,30
L003609,K0063,S020,2025-04-15,AST,180
L003610,K0137,S011,2025-04-16,AST,30
L003611,K0065,S003,2025-04-16,SCH,60
L003612,K0142,S016,2025-04-16,GRP,45
L003613,K0090,S005,2025-04-16,BER,90
L003614,K0153,S024,2025-04-16,FAL,120
L003615,K0066,S006,2025-04-16,AST,30
L003616,K0036,S012,2025-04-16,DOK,180
L003617,K0024,S001,2025-04-16,FAL,60
L003618,K0038,S026,2025-04-16,AST,60
L003619,K0024,S011,2025-04-16,AST,30
L003620,K0036,S018,2025-04-16,AST,90
L003621,K0145,S001,2025-04-16,AST,60
L003622,K0126,S011,2025-04-16,SCH,60
L003623,K0110,S034,2025-04-16,DOK,90
L003624,K0061,S027,2025-04-16,AST,60
L003625,K0179,S014,2025-04-16,DOK,30
L003626,K0137,S032,2025-04-16,BEG,60
L003627,K0149,S014,2025-04-16,BER,90
L003628,K0087,S007,2025-04-16,SCH,60
L003629,K0063,S010,2025-04-16,AST,60
L003630,K0083,S008,2025-04-16,BER,60
L003631,K0047,S002,2025-04-16,GRP,180
L003632,K0006,S024,2025-04-16,AST,45
L003633,K0060,S006,2025-04-16,AST,180
L003634,K0007,S022,2025-04-16,BER,45
L003635,K0061,S024,2025-04-16,AST,45
L003636,K0122,S018,2025-04-16,GRP,180
L003637,K0121,S026,2025-04-16,DOK,120
L003638,K0004,S003,2025-04-16,BEG,60
L003639,K0098,S010,2025-04-16,AST,90
L003640,K0083,S015,2025-04-16,DOK,60
L003641,K0081,S032,2025-04-16,DOK,60
L003642,K0111,S014,2025-04-16,BER,60
L003643,K0148,S004,2025-04-16,AST,180
L003644,K0083,S029,2025-04-16,SCH,60
L003645,K0128,S015,2025-04-16,FAL,60
L003646,K0007,S014,2025-04-16,BER,180
L003647,K0179,S007,2025-04-16,AST,45
L003648,K0168,S006,2025-04-16,AST,60
L003649,K0142,S003,2025-04-16,GRP,60
L003650,K0157,S034,2025-04-16,FAL,90
L003651,K0145,S004,2025-04-16,FAL,30
L003652,K0131,S001,2025-04-16,AST,45
L003653,K0144,S011,2025-04-16,AST,120
L003654,K0121,S008,2025-04-17,SCH,90
L003655,K0071,S025,2025-04-17,AST,60
L003656,K0012,S022,2025-04-17,FAL,60
L003657,K0150,S006,2025-04-17,BEG,60
L003658,K0128,S034,2025-04-17,AST,180
L003659,K0141,S018,2025-04-17,AST,60
L003660,K0002,S011,2025-04-17,SCH,45
L003661,K0035,S032,2025-04-17,BEG,60
L003662,K0084,S023,2025-04-17,AST,60
L003663,K0159,S034,2025-04-17,BER,60
L003664,K0152,S002,2025-04-17,DOK,120
L003665,K0047,S018,2025-04-17,SCH,120
L003666,K0095,S007,2025-04-17,AST,30
L003667,K0031,S001,2025-04-17,AST,60
L003668,K0001,S002,2025-04-17,AST,180
L003669,K0040,S031,2025-04-17,AST,180
L003670,K0126,S017,2025-04-17,BER,90
L003671,K0109,S024,2025-04-17,SCH,60
L003672,K0043,S020,2025-04-17,SCH,60
L003673,K0049,S012,2025-04-17,AST,180
L003674,K0090,S015,2025-04-17,SCH,30
L003675,K0038,S010,2025-04-17,BEG,30
L003676,K0096,S001,2025-04-17,FAL,90
L003677,K0176,S013,2025-04-17,BEG,60
L003678,K0111,S006,2025-04-17,AST,120
L003679,K0047,S029,2025-04-17,AST,60
L003680,K0146,S025,2025-04-17,BEG,90
L003681,K0128,S034,2025-04-17,BEG,60
L003682,K0131,S008,2025-04-17,GRP,180
L003683,K0179,S015,2025-04-17,SCH,45
L003684,K0102,S003,2025-04-17,SCH,180
L003685,K0046,S022,2025-04-17,AST,45
L003686,K0137,S013,2025-04-17,DOK,60
L003687,K0038,S008,2025-04-17,AST,60
L003688,K0022,S029,2025-04-17,SCH,45
L003689,K0036,S005,2025-04-17,AST,60
L003690,K0022,S006,2025-04-17,AST,60
L003691,K0147,S006,2025-04-17,AST,60
L003692,K0027,S013,2025-04-17,DOK,60
L003693,K0126,S014,2025-04-17,SCH,60
L003694,K0044,S013,2025-04-17,GRP,120
L003695,K0095,S002,2025-04-17,BEG,120
L003696,K0019,S012,2025-04-18,AST,30
L003697,K0005,S008,2025-04-18,GRP,90
L003698,K0087,S026,2025-04-18,SCH,45
L003699,K0043,S018,2025-04-18,SCH,30
L003700,K0095,S005,2025-04-18,BER,30
L003701,K0049,S002,2025-04-18,BEG,60
L003702,K0149,S014,2025-04-18,BEG,180
L003703,K0115,S002,2025-04-18,AST,120
L003704,K0121,S020,2025-04-18,GRP,180
L003705,K0087,S025,2025-04-18,FAL,180
L003706,K0092,S008,2025-04-18,SCH,120
L003707,K0160,S015,2025-04-18,SCH,60
L003708,K0005,S026,2025-04-18,AST,45
L003709,K0010,S017,2025-04-18,SCH,45
L003710,K0032,S029,2025-04-18,DOK,30
L003711,K0178,S008,2025-04-18,BER,30
L003712,K0124,S015,2025-04-18,AST,45
L003713,K0054,S006,2025-04-18,AST,180
L003714,K0103,S011,2025-04-18,DOK,45
L003715,K0059,S029,2025-04-18,SCH,60
L003716,K0112,S018,2025-04-18,DOK,60
L003717,K0062,S005,2025-04-18,AST,30
L003718,K0116,S001,2025-04-18,AST,60
L003719,K0021,S008,2025-04-18,DOK,60
L003720,K0099,S006,2025-04-18,BEG,120
L003721,K0148,S029,2025-04-18,AST,60
L003722,K0178,S017,2025-04-18,AST,90
L003723,K0142,S031,2025-04-18,BEG,45
L003724,K0120,S007,2025-04-18,AST,30
L003725,K0087,S025,2025-04-18,BEG,180
L003726,K0085,S026,2025-04-18,AST,180
L003727,K0134,S025,2025-04-18,BEG,30
L003728,K0014,S034,2025-04-18,SCH,60
L003729,K0068,S023,2025-04-18,GRP,45
L003730,K0141,S031,2025-04-18,BEG,60
L003731,K0108,S015,2025-04-18,SCH,30
L003732,K0108,S008,2025-04-18,BER,30
L003733,K0091,S023,2025-04-18,GRP,45
L003734,K0119,S008,2025-04-18,AST,60
L003735,K0071,S016,2025-04-18,BEG,60
L003736,K0003,S031,2025-04-18,GRP,60
L003737,K0122,S004,2025-04-18,SCH,30
L003738,K0176,S006,2025-04-18,BEG,30
L003739,K0121,S013,2025-04-18,GRP,180
L003740,K0008,S032,2025-04-18,BEG,45
L003741,K0148,S018,2025-04-18,GRP,45
L003742,K0091,S024,2025-04-18,AST,60
L003743,K0063,S012,2025-04-18,AST,90
L003744,K0160,S022,2025-04-21,AST,180
L003745,K0093,S015,2025-04-21,SCH,30
L003746,K0054,S014,2025-04-21,DOK,60
L003747,K0124,S005,2025-04-21,AST,60
L003748,K0158,S013,2025-04-21,AST,60
L003749,K0068,S013,2025-04-21,SCH,45
L003750,K0055,S004,2025-04-21,AST,90
L003751,K0045,S029,2025-04-21,AST,90
L003752,K0038,S023,2025-04-21,SCH,45
L003753,K0054,S022,2025-04-21,BEG,180
L003754,K0103,S014,2025-04-21,BEG,120
L003755,K0151,S017,2025-04-21,BEG,120
L003756,K0004,S026,2025-04-21,DOK,60
L003757,K0128,S007,2025-04-21,AST,180
L003758,K0083,S014,2025-04-21,GRP,90
L003759,K0110,S010,2025-04-21,BEG,60
L003760,K0117,S018,2025-04-21,AST,60
L003761,K0108,S031,2025-04-21,AST,180
L003762,K0014,S011,2025-04-21,DOK,180
L003763,K0136,S017,2025-04-21,BEG,180
L003764,K0123,S031,2025-04-21,AST,60
L003765,K0153,S022,2025-04-21,AST,120
L003766,K0121,S011,2025-04-21,BEG,90
L003767,K0127,S032,2025-04-21,BEG,90
L003768,K0012,S013,2025-04-21,AST,30
L003769,K0010,S023,2025-04-21,AST,45
L003770,K0013,S034,2025-04-21,GRP,30
L003771,K0007,S016,2025-04-21,FAL,60
L003772,K0071,S008,2025-04-21,BEG,45
L003773,K0014,S011,2025-04-21,SCH,180
L003774,K0085,S006,2025-04-21,AST,60
L003775,K0048,S024,2025-04-21,SCH,30
L003776,K0112,S034,2025-04-21,SCH,60
L003777,K0173,S006,2025-04-21,BER,120
L003778,K0148,S024,2025-04-21,DOK,180
L003779,K0014,S018,2025-04-21,GRP,30
L003780,K0128,S011,2025-04-21,BEG,180
L003781,K0069,S012,2025-04-21,AST,45
L003782,K0010,S025,2025-04-21,SCH,30
L003783,K0030,S031,2025-04-21,SCH,60
L003784,K0084,S003,2025-04-21,BEG,180
L003785,K0123,S001,2025-04-22,AST,120
L003786,K0157,S002,2025-04-22,GRP,90
L003787,K0001,S010,2025-04-22,BEG,120
L003788,K0037,S013,2025-04-22,BEG,120
L003789,K0145,S018,2025-04-22,SCH,180
L003790,K0114,S031,2025-04-22,AST,120
L003791,K0176,S023,2025-04-22,SCH,30
L003792,K0107,S025,2025-04-22,GRP,90
L003793,K0004,S004,2025-04-22,GRP,60
L003794,K0067,S027,2025-04-22,GRP,180
L003795,K0102,S018,2025-04-22,BER,30
L003796,K0176,S034,2025-04-22,DOK,45
L003797,K0096,S017,2025-04-22,DOK,45
L003798,K0076,S027,2025-04-22,AST,45
L003799,K0116,S002,2025-04-22,GRP,60
L003800,K0163,S014,2025-04-22,AST,90
L003801,K0070,S018,2025-04-22,AST,60
L003802,K0158,S032,2025-04-22,AST,30
L003803,K0129,S029,2025-04-22,AST,90
L003804,K0001,S020,2025-04-22,SCH,30
L003805,K0161,S022,2025-04-22,BER,60
L003806,K0084,S025,2025-04-22,SCH,60
L003807,K0115,S004,2025-04-22,AST,60
L003808,K0095,S010,2025-04-22,GRP,180
L003809,K0151,S032,2025-04-22,SCH,60
L003810,K0146,S027,2025-04-22,FAL,30
L003811,K0098,S025,2025-04-22,AST,60
L003812,K0127,S034,2025-04-22,GRP,30
L003813,K0145,S007,2025-04-22,SCH,60
L003814,K0055,S002,2025-04-22,BER,90
L003815,K0092,S011,2025-04-22,SCH,30
L003816,K0114,S004,2025-04-22,DOK,120
L003817,K0048,S013,2025-04-22,BER,45
L003818,K0046,S015,2025-04-22,AST,120
L003819,K0098,S034,2025-04-22,SCH,60
L003820,K0071,S023,2025-04-22,BEG,60
L003821,K0049,S024,2025-04-22,GRP,30
L003822,K0028,S032,2025-04-22,FAL,60
L003823,K0148,S023,2025-04-22,DOK,45
L003824,K0134,S031,2025-04-22,BEG,30
L003825,K0060,S014,2025-04-22,AST,120
L003826,K0146,S001,2025-04-22,GRP,60
L003827,K0101,S018,2025-04-22,BER,90
L003828,K0009,S027,2025-04-22,BEG,90
L003829,K0173,S034,2025-04-22,SCH,90
L003830,K0165,S002,2025-04-23,AST,120
L003831,K0001,S018,2025-04-23,GRP,45
L003832,K0155,S007,2025-04-23,AST,90
L003833,K0163,S003,2025-04-23,AST,60
L003834,K0083,S031,2025-04-23,SCH,30
L003835,K0095,S011,2025-04-23,AST,30
L003836,K0158,S015,2025-04-23,BEG,180
L003837,K0083,S031,2025-04-23,SCH,45
L003838,K0149,S001,2025-04-23,SCH,45
L003839,K0060,S003,2025-04-23,GRP,30
L003840,K0059,S016,2025-04-23,AST,90
L003841,K0013,S020,2025-04-23,AST,60
L003842,K0111,S029,2025-04-23,AST,60
L003843,K0098,S017,2025-04-23,SCH,60
L003844,K0031,S022,2025-04-23,FAL,60
L003845,K0090,S027,2025-04-23,GRP,45
L003846,K0157,S001,2025-04-23,BEG,60
L003847,K0141,S006,2025-04-23,AST,90
L003848,K0141,S031,2025-04-23,BEG,60
L003849,K0158,S005,2025-04-23,GRP,60
L003850,K0053,S025,2025-04-23,SCH,60
L003851,K0002,S002,2025-04-23,DOK,120
L003852,K0001,S026,2025-04-23,BEG,180
L003853,K0073,S024,2025-04-23,FAL,90
L003854,K0069,S017,2025-04-23,SCH,30
L003855,K0002,S022,2025-04-23,GRP,120
L003856,K0087,S006,2025-04-23,GRP,120
L003857,K0110,S032,2025-04-23,GRP,180
L003858,K0032,S023,2025-04-23,AST,120
L003859,K0179,S011,2025-04-23,AST,90
L003860,K0010,S006,2025-04-23,AST,45
L003861,K0160,S005,2025-04-23,BEG,45
L003862,K0140,S016,2025-04-23,BEG,180
L003863,K0085,S014,2025-04-23,BEG,45
L003864,K0070,S020,2025-04-23,AST,60
L003865,K0059,S016,2025-04-23,BEG,60
L003866,K0059,S003,2025-04-23,BEG,45
L003867,K0136,S004,2025-04-23,AST,90
L003868,K0135,S005,2025-04-23,AST,45
L003869,K0123,S024,2025-04-23,AST,60
L003870,K0109,S025,2025-04-23,AST,30
L003871,K0055,S020,2025-04-23,GRP,60
L003872,K0107,S024,2025-04-23,SCH,180
L003873,K0004,S012,2025-04-23,SCH,45
L003874,K0049,S013,2025-04-23,AST,45
L003875,K0028,S007,2025-04-23,BER,45
L003876,K0149,S003,2025-04-23,AST,60
L003877,K0140,S031,2025-04-23,AST,60
L003878,K0129,S031,2025-04-23,DOK,120
L003879,K0157,S004,2025-04-23,DOK,180
L003880,K0020,S015,2025-04-24,AST,60
L003881,K0059,S014,2025-04-24,DOK,45
L003882,K0018,S015,2025-04-24,GRP,180
L003883,K0124,S002,2025-04-24,DOK,45
L003884,K0129,S027,2025-04-24,SCH,120
L003885,K0105,S004,2025-04-24,AST,60
L003886,K0093,S015,2025-04-24,SCH,180
L003887,K0119,S034,2025-04-24,AST,60
L003888,K0055,S007,2025-04-24,AST,60
L003889,K0099,S016,2025-04-24,DOK,60
L003890,K0129,S011,2025-04-24,DOK,90
L003891,K0013,S032,2025-04-24,DOK,120
L003892,K0047,S011,2025-04-24,DOK,90
L003893,K0065,S017,2025-04-24,AST,30
L003894,K0028,S007,2025-04-24,GRP,60
L003895,K0040,S034,2025-04-24,BER,90
L003896,K0062,S012,2025-04-24,AST,30
L003897,K0043,S007,2025-04-24,GRP,60
L003898,K0141,S006,2025-04-24,AST,45
L003899,K0129,S001,2025-04-24,DOK,45
L003900,K0168,S025,2025-04-24,AST,60
L003901,K0005,S014,2025-04-24,SCH,60
L003902,K0018,S012,2025-04-24,AST,120
L003903,K0031,S005,2025-04-24,SCH,180
L003904,K0034,S020,2025-04-24,AST,60
L003905,K0134,S023,2025-04-24,GRP,180
L003906,K0061,S003,2025-04-24,SCH,180
L003907,K0068,S034,2025-04-24,BER,60
L003908,K0147,S014,2025-04-24,AST,90
L003909,K0017,S029,2025-04-24,SCH,180
L003910,K0067,S016,2025-04-24,BEG,45
L003911,K0032,S014,2025-04-24,GRP,60
L003912,K0168,S006,2025-04-24,BER,180
L003913,K0017,S013,2025-04-24,DOK,90
L003914,K0142,S004,2025-04-24,BER,90
L003915,K0110,S023,2025-04-24,AST,120
L003916,K0163,S020,2025-04-24,DOK,60
L003917,K0176,S010,2025-04-24,SCH,120
L003918,K0118,S002,2025-04-24,GRP,90
L003919,K0007,S016,2025-04-24,FAL,90
L003920,K0047,S027,2025-04-24,AST,30
L003921,K0054,S022,2025-04-24,AST,45
L003922,K0061,S029,2025-04-24,DOK,180
L003923,K0013,S031,2025-04-24,GRP,90
L003924,K0164,S011,2025-04-24,GRP,45
L003925,K0159,S026,2025-04-25,BEG,180
L003926,K0021,S027,2025-04-25,BER,60
L003927,K0008,S012,2025-04-25,AST,45
L003928,K0068,S008,2025-04-25,DOK,30
L003929,K0022,S032,2025-04-25,BER,60
L003930,K0005,S014,2025-04-25,AST,180
L003931,K0081,S017,2025-04-25,GRP,90
L003932,K0061,S008,2025-04-25,AST,120
L003933,K0047,S022,2025-04-25,AST,60
L003934,K0040,S026,2025-04-25,BEG,45
L003935,K0075,S017,2025-04-25,BEG,60
L003936,K0003,S001,2025-04-25,AST,120
L003937,K0146,S013,2025-04-25,SCH,60
L003938,K0030,S007,2025-04-25,GRP,30
L003939,K0149,S015,2025-04-25,FAL,90
L003940,K0132,S003,2025-04-25,BEG,90
L003941,K0108,S008,2025-04-25,DOK,180
L003942,K0035,S014,2025-04-25,AST,30
L003943,K0071,S004,2025-04-25,AST,60
L003944,K0095,S015,2025-04-25,GRP,45
L003945,K0073,S011,2025-04-25,BEG,30
L003946,K0155,S010,2025-04-25,SCH,30
L003947,K0152,S016,2025-04-25,GRP,180
L003948,K0105,S013,2025-04-25,SCH,30
L003949,K0013,S012,2025-04-25,AST,60
L003950,K0007,S012,2025-04-25,AST,45
L003951,K0076,S029,2025-04-25,AST,45
L003952,K0160,S024,2025-04-25,DOK,180
L003953,K0109,S012,2025-04-25,BER,180
L003954,K0034,S034,2025-04-25,SCH,60
L003955,K0007,S032,2025-04-25,GRP,120
L003956,K0065,S027,2025-04-25,AST,60
L003957,K0144,S006,2025-04-25,DOK,90
L003958,K0081,S002,2025-04-25,AST,90
L003959,K0164,S020,2025-04-25,AST,60
L003960,K0083,S023,2025-04-25,FAL,45
L003961,K0044,S018,2025-04-25,BEG,60
L003962,K0069,S013,2025-04-25,GRP,45
L003963,K0025,S034,2025-04-25,AST,180
L003964,K0084,S013,2025-04-25,AST,30
L003965,K0031,S029,2025-04-25,FAL,120
L003966,K0131,S026,2025-04-25,GRP,45
L003967,K0164,S034,2025-04-25,DOK,45
L003968,K0120,S027,2025-04-25,DOK,60
L003969,K0171,S008,2025-04-25,AST,60
L003970,K0160,S025,2025-04-25,DOK,90
L003971,K0123,S023,2025-04-25,AST,60
L003972,K0067,S008,2025-04-28,BER,30
L003973,K0126,S008,2025-04-28,BEG,45
L003974,K0073,S027,2025-04-28,BEG,120
L003975,K0108,S031,2025-04-28,AST,90
L003976,K0155,S018,2025-04-28,AST,60
L003977,K0007,S026,2025-04-28,SCH,90
L003978,K0105,S005,2025-04-28,AST,30
L003979,K0002,S014,2025-04-28,SCH,60
L003980,K0102,S008,2025-04-28,DOK,45
L003981,K0068,S004,2025-04-28,DOK,60
L003982,K0107,S032,2025-04-28,AST,90
L003983,K0081,S013,2025-04-28,BEG,45
L003984,K0087,S007,2025-04-28,BEG,45
L003985,K0008,S003,2025-04-28,BEG,120
L003986,K0061,S006,2025-04-28,BER,45
L003987,K0161,S006,2025-04-28,DOK,90
L003988,K0141,S004,2025-04-28,DOK,60
L003989,K0034,S007,2025-04-28,FAL,60
L003990,K0021,S005,2025-04-28,AST,120
L003991,K0067,S002,2025-04-28,BER,120
L003992,K0045,S034,2025-04-28,SCH,30
L003993,K0038,S016,2025-04-28,GRP,30
L003994,K0060,S032,2025-04-28,AST,30
L003995,K0035,S008,2025-04-28,AST,180
L003996,K0126,S006,2025-04-28,FAL,45
L003997,K0040,S018,2025-04-28,AST,180
L003998,K0141,S022,2025-04-28,AST,180
L003999,K0006,S031,2025-04-28,AST,120
L004000,K0095,S002,2025-04-28,BEG,180
L004001,K0030,S004,2025-04-28,BEG,45
L004002,K0065,S026,2025-04-28,AST,60
L004003,K0007,S018,2025-04-28,DOK,30
L004004,K0138,S024,2025-04-28,BER,90
L004005,K0158,S016,2025-04-28,DOK,180
L004006,K0118,S011,2025-04-28,GRP,90
L004007,K0067,S010,2025-04-28,AST,45
L004008,K0112,S013,2025-04-28,GRP,45
L004009,K0065,S034,2025-04-28,DOK,60
L004010,K0095,S014,2025-04-28,AST,120
L004011,K0054,S018,2025-04-28,SCH,120
L004012,K0059,S014,2025-04-28,SCH,120
L004013,K0036,S003,2025-04-28,DOK,60
L004014,K0151,S001,2025-04-28,AST,90
L004015,K0158,S031,2025-04-28,SCH,30
L004016,K0090,S003,2025-04-28,DOK,180
L004017,K0131,S010,2025-04-28,BEG,45
L004018,K0070,S016,2025-04-28,BEG,45
L004019,K0087,S001,2025-04-28,DOK,90
L004020,K0103,S008,2025-04-28,BEG,180
L004021,K0027,S013,2025-04-29,GRP,30
L004022,K0017,S010,2025-04-29,SCH,90
L004023,K0165,S004,2025-04-29,GRP,180
L004024,K0048,S027,2025-04-29,BEG,180
L004025,K0069,S016,2025-04-29,SCH,60
L004026,K0103,S023,2025-04-29,BEG,30
L004027,K0150,S018,2025-04-29,BEG,60
L004028,K0132,S032,2025-04-29,AST,180
L004029,K0114,S034,2025-04-29,BEG,30
L004030,K0075,S013,2025-04-29,DOK,90
L004031,K0043,S031,2025-04-29,GRP,30
L004032,K0173,S017,2025-04-29,BEG,45
L004033,K0053,S014,2025-04-29,AST,90
L004034,K0010,S022,2025-04-29,SCH,45
L004035,K0146,S002,2025-04-29,BEG,45
L004036,K0036,S027,2025-04-29,DOK,60
L004037,K0081,S031,2025-04-29,GRP,60
L004038,K0024,S005,2025-04-29,GRP,60
L004039,K0036,S005,2025-04-29,SCH,180
L004040,K0071,S012,2025-04-29,BEG,30
L004041,K0132,S017,2025-04-29,GRP,60
L004042,K0003,S002,2025-04-29,AST,180
L004043,K0127,S005,2025-04-29,DOK,90
L004044,K0108,S010,2025-04-29,AST,60
L004045,K0122,S015,2025-04-29,AST,60
L004046,K0168,S007,2025-04-29,SCH,60
L004047,K0048,S014,2025-04-29,AST,30
L004048,K0136,S015,2025-04-29,SCH,90
L004049,K0035,S029,2025-04-29,AST,60
L004050,K0149,S026,2025-04-29,AST,30
L004051,K0003,S006,2025-04-29,SCH,120
L004052,K0127,S010,2025-04-29,AST,45
L004053,K0179,S016,2025-04-29,BEG,30
L004054,K0120,S017,2025-04-29,BER,90
L004055,K0076,S010,2025-04-29,BER,180
L004056,K0141,S034,2025-04-29,AST,30
L004057,K0176,S032,2025-04-29,DOK,90
L004058,K0158,S013,2025-04-29,DOK,30
L004059,K0036,S007,2025-04-29,AST,60
L004060,K0164,S029,2025-04-29,AST,30
L004061,K0043,S012,2025-04-29,GRP,60
L004062,K0136,S025,2025-04-29,AST,30
L004063,K0032,S016,2025-04-29,GRP,120
L004064,K0073,S032,2025-04-29,SCH,45
L004065,K0114,S020,2025-04-29,SCH,30
L004066,K0121,S010,2025-04-29,GRP,120
L004067,K0124,S004,2025-04-29,FAL,120
L004068,K0066,S034,2025-04-29,GRP,120
L004069,K0130,S010,2025-04-29,DOK,90
L004070,K0134,S018,2025-04-29,DOK,60
L004071,K0045,S016,2025-04-29,SCH,45
L004072,K0102,S012,2025-04-29,SCH,60
L004073,K0025,S017,2025-04-29,AST,60
L004074,K0007,S018,2025-04-29,BER,60
L004075,K0002,S031,2025-04-29,DOK,60
L004076,K0136,S024,2025-04-29,SCH,120
L004077,K0132,S002,2025-04-29,SCH,90
L004078,K0013,S025,2025-04-29,GRP,180
L004079,K0035,S006,2025-04-29,GRP,60
L004080,K0039,S015,2025-04-29,AST,60
L004081,K0109,S001,2025-04-30,AST,60
L004082,K0174,S006,2025-04-30,AST,120
L004083,K0129,S032,2025-04-30,GRP,45
L004084,K0066,S006,2025-04-30,AST,180
L004085,K0053,S020,2025-04-30,AST,90
L004086,K0006,S016,2025-04-30,BER,120
L004087,K0061,S020,2025-04-30,BER,60
L004088,K0034,S001,2025-04-30,SCH,60
L004089,K0136,S018,2025-04-30,GRP,60
L004090,K0149,S006,2025-04-30,BEG,60
L004091,K0063,S029,2025-04-30,AST,90
L004092,K0105,S023,2025-04-30,DOK,120
L004093,K0090,S023,2025-04-30,GRP,60
L004094,K0132,S004,2025-04-30,BER,60
L004095,K0086,S014,2025-04-30,AST,180
L004096,K0002,S022,2025-04-30,GRP,30
L004097,K0001,S032,2025-04-30,BEG,60
L004098,K0171,S005,2025-04-30,SCH,45
L004099,K0092,S023,2025-04-30,GRP,45
L004100,K0083,S027,2025-04-30,BEG,180
L004101,K0102,S007,2025-04-30,AST,45
L004102,K0151,S018,2025-04-30,AST,45
L004103,K0004,S001,2025-04-30,SCH,180
L004104,K0148,S014,2025-04-30,GRP,60
L004105,K0068,S010,2025-04-30,BER,180
L004106,K0132,S026,2025-04-30,AST,180
L004107,K0128,S002,2025-04-30,AST,30
L004108,K0020,S005,2025-04-30,BEG,45
L004109,K0150,S020,2025-04-30,AST,45
L004110,K0146,S007,2025-04-30,AST,30
L004111,K0128,S024,2025-04-30,AST,30
L004112,K0019,S015,2025-04-30,AST,45
L004113,K0093,S018,2025-04-30,AST,60
L004114,K0063,S031,2025-04-30,BEG,90
L004115,K0049,S005,2025-04-30,SCH,60
L004116,K0155,S008,2025-04-30,AST,180
L004117,K0049,S002,2025-04-30,GRP,30
L004118,K0045,S024,2025-04-30,DOK,90
L004119,K0157,S032,2025-04-30,SCH,30
L004120,K0150,S012,2025-04-30,AST,60
L004121,K0145,S016,2025-04-30,GRP,180
L004122,K0112,S007,2025-04-30,GRP,30
L004123,K0060,S017,2025-04-30,BER,60
L004124,K0150,S007,2025-04-30,SCH,60
L004125,K0134,S018,2025-04-30,DOK,30
L004126,K0039,S004,2025-04-30,SCH,30
L004127,K0134,S024,2025-04-30,FAL,60
L004128,K0087,S024,2025-04-30,GRP,45
L004129,K0100,S016,2025-04-30,DOK,60
L004130,K0024,S020,2025-04-30,AST,120
L004131,K0161,S010,2025-04-30,SCH,180
L004132,K0014,S025,2025-04-30,AST,180
L004133,K0012,S005,2025-04-30,AST,30
L004134,K0044,S024,2025-04-30,SCH,90
L004135,K0037,S018,2025-04-30,BEG,30
L004136,K0027,S007,2025-04-30,GRP,180
L004137,K0160,S003,2025-04-30,BEG,60
L004138,K0005,S029,2025-04-30,AST,45
L004139,K0024,S002,2025-04-30,GRP,180
L004140,K0145,S014,2025-04-30,AST,30
L004141,K0087,S001,2025-05-01,SCH,120
L004142,K0146,S031,2025-05-01,DOK,60
L004143,K0045,S034,2025-05-01,SCH,180
L004144,K0063,S032,2025-05-01,BER,120
L004145,K0022,S014,2025-05-01,BEG,180
L004146,K0081,S001,2025-05-01,AST,45
L004147,K0159,S026,2025-05-01,DOK,90
L004148,K0107,S017,2025-05-01,SCH,60
L004149,K0017,S002,2025-05-01,AST,180
L004150,K0116,S032,2025-05-01,AST,60
L004151,K0020,S026,2025-05-01,GRP,45
L004152,K0037,S010,2025-05-01,AST,45
L004153,K0135,S008,2025-05-01,AST,30
L004154,K0084,S013,2025-05-01,SCH,30
L004155,K0148,S006,2025-05-01,AST,60
L004156,K0137,S008,2025-05-01,AST,120
L004157,K0127,S006,2025-05-01,AST,90
L004158,K0004,S001,2025-05-01,FAL,90
L004159,K0153,S034,2025-05-01,GRP,60
L004160,K0007,S003,2025-05-01,SCH,120
L004161,K0157,S022,2025-05-01,AST,120
L004162,K0053,S007,2025-05-01,GRP,45
L004163,K0164,S018,2025-05-01,SCH,180
L004164,K0028,S014,2025-05-01,SCH,45
L004165,K0002,S031,2025-05-01,AST,90
L004166,K0146,S014,2025-05-01,BEG,60
L004167,K0119,S006,2025-05-01,AST,30
L004168,K0040,S026,2025-05-01,SCH,90
L004169,K0107,S022,2025-05-01,DOK,120
L004170,K0085,S023,2025-05-01,DOK,180
L004171,K0021,S004,2025-05-01,SCH,30
L004172,K0162,S008,2025-05-01,BEG,60
L004173,K0126,S002,2025-05-01,AST,45
L004174,K0144,S004,2025-05-01,AST,120
L004175,K0087,S034,2025-05-01,AST,180
L004176,K0020,S006,2025-05-01,SCH,120
L004177,K0083,S031,2025-05-01,BEG,60
L004178,K0003,S001,2025-05-01,AST,120
L004179,K0067,S032,2025-05-01,AST,45
L004180,K0022,S015,2025-05-01,BEG,45
L004181,K0100,S025,2025-05-01,SCH,60
L004182,K0008,S010,2025-05-01,BEG,30
L004183,K0141,S014,2025-05-01,AST,30
L004184,K0030,S016,2025-05-01,FAL,30
L004185,K0059,S006,2025-05-01,GRP,30
L004186,K0103,S034,2025-05-01,GRP,30
L004187,K0040,S001,2025-05-01,GRP,90
L004188,K0145,S011,2025-05-01,BEG,60
L004189,K0101,S027,2025-05-01,SCH,45
L004190,K0102,S027,2025-05-02,SCH,120
L004191,K0028,S001,2025-05-02,AST,90
L004192,K0002,S010,2025-05-02,DOK,30
L004193,K0001,S025,2025-05-02,GRP,60
L004194,K0176,S025,2025-05-02,BEG,45
L004195,K0179,S008,2025-05-02,AST,45
L004196,K0039,S024,2025-05-02,SCH,45
L004197,K0164,S029,2025-05-02,BEG,180
L004198,K0142,S014,2025-05-02,GRP,45
L004199,K0037,S027,2025-05-02,SCH,30
L004200,K0134,S031,2025-05-02,BEG,120
L004201,K0140,S005,2025-05-02,GRP,60
L004202,K0018,S016,2025-05-02,SCH,45
L004203,K0030,S018,2025-05-02,AST,180
L004204,K0174,S006,2025-05-02,GRP,45
L004205,K0044,S025,2025-05-02,SCH,90
L004206,K0073,S001,2025-05-02,DOK,60
L004207,K0150,S008,2025-05-02,GRP,180
L004208,K0004,S003,2025-05-02,BEG,60
L004209,K0090,S004,2025-05-02,GRP,120
L004210,K0179,S011,2025-05-02,GRP,60
L004211,K0155,S007,2025-05-02,SCH,120
L004212,K0069,S008,2025-05-02,DOK,30
L004213,K0018,S025,2025-05-02,AST,45
L004214,K0174,S025,2025-05-02,AST,90
L004215,K0083,S014,2025-05-02,SCH,90
L004216,K0152,S018,2025-05-02,GRP,90
L004217,K0162,S016,2025-05-02,GRP,90
L004218,K0168,S001,2025-05-02,AST,45
L004219,K0114,S023,2025-05-02,GRP,120
L004220,K0100,S013,2025-05-02,AST,120
L004221,K0030,S007,2025-05-02,DOK,180
L004222,K0098,S001,2025-05-02,AST,30
L004223,K0085,S024,2025-05-02,GRP,180
L004224,K0115,S014,2025-05-02,GRP,120
L004225,K0179,S015,2025-05-02,FAL,30
L004226,K0120,S034,2025-05-02,AST,30
L004227,K0098,S020,2025-05-02,AST,90
L004228,K0108,S015,2025-05-02,AST,30
L004229,K0006,S008,2025-05-02,AST,90
L004230,K0009,S027,2025-05-02,FAL,180
L004231,K0142,S001,2025-05-02,AST,120
L004232,K0091,S016,2025-05-02,DOK,90
L004233,K0144,S024,2025-05-02,SCH,120
L004234,K0156,S029,2025-05-02,GRP,60
L004235,K0145,S007,2025-05-02,BEG,180
L004236,K0171,S010,2025-05-02,AST,120
L004237,K0129,S020,2025-05-02,AST,120
L004238,K0060,S032,2025-05-02,AST,120
L004239,K0024,S026,2025-05-02,DOK,60
L004240,K0147,S032,2025-05-02,FAL,120
L004241,K0122,S024,2025-05-05,FAL,45
L004242,K0137,S025,2025-05-05,GRP,30
L004243,K0068,S026,2025-05-05,DOK,45
L004244,K0061,S020,2025-05-05,AST,180
L004245,K0014,S012,2025-05-05,SCH,45
L004246,K0123,S015,2025-05-05,BEG,90
L004247,K0032,S008,2025-05-05,GRP,45
L004248,K0173,S029,2025-05-05,DOK,45
L004249,K0121,S012,2025-05-05,BER,60
L004250,K0049,S024,2025-05-05,SCH,45
L004251,K0063,S001,2025-05-05,GRP,45
L004252,K0069,S016,2025-05-05,AST,60
L004253,K0009,S034,2025-05-05,AST,180
L004254,K0090,S008,2025-05-05,AST,90
L004255,K0084,S032,2025-05-05,AST,30
L004256,K0018,S029,2025-05-05,DOK,45
L004257,K0130,S025,2025-05-05,AST,90
L004258,K0159,S001,2025-05-05,AST,120
L004259,K0034,S014,2025-05-05,AST,60
L004260,K0165,S032,2025-05-05,SCH,60
L004261,K0161,S014,2025-05-05,SCH,90
L004262,K0022,S011,2025-05-05,DOK,60
L004263,K0017,S006,2025-05-05,SCH,30
L004264,K0066,S017,2025-05-05,AST,120
L004265,K0098,S011,2025-05-05,DOK,45
L004266,K0109,S023,2025-05-05,GRP,60
L004267,K0108,S018,2025-05-05,AST,30
L004268,K0066,S004,2025-05-05,BEG,120
L004269,K0150,S003,2025-05-05,SCH,30
L004270,K0115,S027,2025-05-05,AST,180
L004271,K0129,S018,2025-05-05,GRP,180
L004272,K0012,S006,2025-05-05,GRP,30
L004273,K0162,S008,2025-05-05,FAL,90
L004274,K0037,S025,2025-05-05,GRP,30
L004275,K0063,S013,2025-05-05,BEG,180
L004276,K0042,S015,2025-05-05,DOK,90
L004277,K0102,S013,2025-05-05,AST,120
L004278,K0084,S007,2025-05-05,SCH,60
L004279,K0044,S025,2025-05-05,AST,90
L004280,K0050,S004,2025-05-05,FAL,120
L004281,K0103,S015,2025-05-05,FAL,60
L004282,K0087,S001,2025-05-05,AST,120
L004283,K0148,S011,2025-05-05,AST,60
L004284,K0158,S012,2025-05-05,GRP,45
L004285,K0127,S006,2025-05-05,AST,180
L004286,K0102,S011,2025-05-05,AST,45
L004287,K0144,S024,2025-05-05,DOK,30
L004288,K0122,S006,2025-05-05,DOK,90
L004289,K0014,S018,2025-05-05,FAL,60
L004290,K0152,S025,2025-05-05,BEG,30
L004291,K0019,S012,2025-05-05,GRP,120
L004292,K0114,S017,2025-05-06,SCH,90
L004293,K0109,S016,2025-05-06,GRP,180
L004294,K0093,S032,2025-05-06,BEG,60
L004295,K0134,S008,2025-05-06,GRP,45
L004296,K0012,S027,2025-05-06,AST,180
L004297,K0168,S027,2025-05-06,GRP,60
L004298,K0161,S010,2025-05-06,BEG,60
L004299,K0092,S002,2025-05-06,SCH,180
L004300,K0147,S001,2025-05-06,BEG,60
L004301,K0123,S017,2025-05-06,AST,120
L004302,K0110,S004,2025-05-06,AST,30
L004303,K0003,S029,2025-05-06,SCH,45
L004304,K0138,S017,2025-05-06,DOK,60
L004305,K0076,S014,2025-05-06,SCH,60
L004306,K0161,S020,2025-05-06,AST,90
L004307,K0123,S016,2025-05-06,BEG,45
L004308,K0038,S031,2025-05-06,BER,30
L004309,K0048,S008,2025-05-06,FAL,120
L004310,K0116,S020,2025-05-06,AST,45
L004311,K0050,S008,2025-05-06,AST,30
L004312,K0068,S003,2025-05-06,AST,90
L004313,K0144,S001,2025-05-06,AST,30
L004314,K0178,S023,2025-05-06,DOK,45
L004315,K0012,S025,2025-05-06,DOK,180
L004316,K0037,S034,2025-05-06,DOK,120
L004317,K0060,S007,2025-05-06,DOK,60
L004318,K0178,S005,2025-05-06,BEG,60
L004319,K0053,S015,2025-05-06,SCH,60
L004320,K0060,S003,2025-05-06,BEG,120
L004321,K0158,S002,2025-05-06,AST,30
L004322,K0039,S001,2025-05-06,SCH,180
L004323,K0131,S011,2025-05-06,BEG,60
L004324,K0161,S034,2025-05-06,AST,60
L004325,K0111,S024,2025-05-06,DOK,30
L004326,K0028,S031,2025-05-06,BER,180
L004327,K0115,S020,2025-05-06,SCH,180
L004328,K0019,S001,2025-05-06,AST,180
L004329,K0095,S007,2025-05-06,GRP,60
L004330,K0126,S031,2025-05-06,FAL,90
L004331,K0028,S034,2025-05-06,AST,30
L004332,K0108,S022,2025-05-06,AST,30
L004333,K0176,S004,2025-05-06,AST,60
L004334,K0001,S032,2025-05-06,BER,180
L004335,K0105,S004,2025-05-06,AST,120
L004336,K0179,S025,2025-05-06,DOK,120
L004337,K0017,S032,2025-05-06,SCH,30
L004338,K0132,S034,2025-05-07,BEG,60
L004339,K0065,S014,2025-05-07,GRP,45
L004340,K0179,S022,2025-05-07,BEG,60
L004341,K0076,S011,2025-05-07,AST,120
L004342,K0075,S005,2025-05-07,SCH,90
L004343,K0156,S020,2025-05-07,BER,60
L004344,K0024,S025,2025-05-07,BEG,90
L004345,K0131,S011,2025-05-07,AST,60
L004346,K0159,S012,2025-05-07,BEG,180
L004347,K0138,S013,2025-05-07,DOK,180
L004348,K0150,S003,2025-05-07,AST,120
L004349,K0022,S022,2025-05-07,AST,120
L004350,K0021,S013,2025-05-07,BER,90
L004351,K0151,S004,2025-05-07,GRP,60
L004352,K0115,S020,2025-05-07,DOK,90
L004353,K0038,S025,2025-05-07,DOK,60
L004354,K0115,S032,2025-05-07,DOK,60
L004355,K0130,S004,2025-05-07,GRP,120
L004356,K0150,S007,2025-05-07,AST,180
L004357,K0159,S015,2025-05-07,GRP,30
L004358,K0178,S024,2025-05-07,GRP,45
L004359,K0084,S017,2025-05-07,BEG,180
L004360,K0102,S002,2025-05-07,SCH,180
L004361,K0100,S003,2025-05-07,AST,90
L004362,K0162,S024,2025-05-07,DOK,90
L004363,K0130,S010,2025-05-07,SCH,45
L004364,K0044,S022,2025-05-07,DOK,30
L004365,K0120,S017,2025-05-07,FAL,45
L004366,K0126,S007,2025-05-07,GRP,120
L004367,K0155,S006,2025-05-07,SCH,30
L004368,K0153,S025,2025-05-07,BER,30
L004369,K0062,S034,2025-05-07,AST,60
L004370,K0168,S007,2025-05-07,SCH,60
L004371,K0087,S024,2025-05-07,BEG,180
L004372,K0179,S025,2025-05-07,BEG,180
L004373,K0025,S015,2025-05-07,AST,90
L004374,K0042,S016,2025-05-07,GRP,60
L004375,K0034,S011,2025-05-07,AST,90
L004376,K0046,S031,2025-05-07,FAL,120
L004377,K0066,S023,2025-05-07,SCH,180
L004378,K0083,S014,2025-05-07,AST,120
L004379,K0115,S024,2025-05-07,SCH,120
L004380,K0152,S034,2025-05-07,BEG,60
L004381,K0121,S005,2025-05-07,BER,90
L004382,K0053,S027,2025-05-07,BEG,90
L004383,K0153,S002,2025-05-07,FAL,60
L004384,K0148,S025,2025-05-08,AST,90
L004385,K0159,S022,2025-05-08,FAL,30
L004386,K0086,S007,2025-05-08,BEG,45
L004387,K0013,S005,2025-05-08,AST,60
L004388,K0024,S002,2025-05-08,AST,120
L004389,K0121,S022,2025-05-08,SCH,60
L004390,K0086,S004,2025-05-08,SCH,90
L004391,K0070,S010,2025-05-08,AST,60
L004392,K0049,S011,2025-05-08,DOK,120
L004393,K0071,S027,2025-05-08,AST,60
L004394,K0109,S024,2025-05-08,BER,180
L004395,K0103,S026,2025-05-08,AST,90
L004396,K0116,S032,2025-05-08,SCH,45
L004397,K0083,S010,2025-05-08,BEG,45
L004398,K0049,S020,2025-05-08,GRP,45
L004399,K0083,S022,2025-05-08,AST,120
L004400,K0168,S015,2025-05-08,AST,45
L004401,K0073,S029,2025-05-08,AST,60
L004402,K0178,S005,2025-05-08,GRP,120
L004403,K0035,S002,2025-05-08,BEG,180
L004404,K0040,S001,2025-05-08,FAL,30
L004405,K0009,S023,2025-05-08,SCH,45
L004406,K0099,S004,2025-05-08,SCH,60
L004407,K0018,S026,2025-05-08,AST,60
L004408,K0126,S007,2025-05-08,BEG,60
L004409,K0108,S003,2025-05-08,GRP,60
L004410,K0086,S002,2025-05-08,AST,60
L004411,K0123,S002,2025-05-08,BEG,30
L004412,K0138,S031,2025-05-08,BEG,120
L004413,K0098,S017,2025-05-08,DOK,45
L004414,K0017,S022,2025-05-08,AST,30
L004415,K0150,S003,2025-05-08,BER,45
L004416,K0116,S008,2025-05-08,AST,60
L004417,K0083,S016,2025-05-08,GRP,30
L004418,K0090,S007,2025-05-08,AST,30
L004419,K0022,S003,2025-05-08,SCH,180
L004420,K0115,S012,2025-05-08,SCH,120
L004421,K0140,S007,2025-05-08,AST,45
L004422,K0008,S026,2025-05-08,AST,60
L004423,K0123,S020,2025-05-08,GRP,60
L004424,K0122,S015,2025-05-08,AST,180
L004425,K0050,S016,2025-05-08,AST,30
L004426,K0025,S032,2025-05-08,AST,60
L004427,K0014,S022,2025-05-08,AST,180
L004428,K0086,S031,2025-05-08,GRP,60
L004429,K0010,S018,2025-05-08,AST,60
L004430,K0069,S003,2025-05-08,FAL,60
L004431,K0096,S024,2025-05-08,FAL,120
L004432,K0108,S002,2025-05-08,SCH,60
L004433,K0140,S025,2025-05-08,GRP,60
L004434,K0048,S015,2025-05-08,FAL,180
L004435,K0150,S034,2025-05-09,SCH,60
L004436,K0147,S020,2025-05-09,BEG,120
L004437,K0057,S026,2025-05-09,BEG,120
L004438,K0092,S023,2025-05-09,SCH,45
L004439,K0100,S024,2025-05-09,SCH,90
L004440,K0165,S012,2025-05-09,BEG,60
L004441,K0159,S022,2025-05-09,GRP,60
L004442,K0099,S004,2025-05-09,BEG,180
L004443,K0002,S013,2025-05-09,AST,45
L004444,K0114,S003,2025-05-09,SCH,60
L004445,K0126,S013,2025-05-09,AST,45
L004446,K0110,S026,2025-05-09,SCH,60
L004447,K0156,S032,2025-05-09,GRP,60
L004448,K0141,S003,2025-05-09,AST,60
L004449,K0148,S013,2025-05-09,GRP,90
L004450,K0151,S015,2025-05-09,BER,180
L004451,K0028,S014,2025-05-09,AST,60
L004452,K0095,S010,2025-05-09,BEG,120
L004453,K0003,S002,2025-05-09,FAL,45
L004454,K0017,S032,2025-05-09,DOK,180
L004455,K0014,S013,2025-05-09,AST,90
L004456,K0095,S011,2025-05-09,BER,120
L004457,K0156,S034,2025-05-09,DOK,120
L004458,K0121,S012,2025-05-09,AST,90
L004459,K0100,S029,2025-05-09,DOK,60
L004460,K0118,S012,2025-05-09,AST,45
L004461,K0018,S022,2025-05-09,FAL,30
L004462,K0099,S016,2025-05-09,GRP,90
L004463,K0042,S007,2025-05-09,SCH,60
L004464,K0114,S013,2025-05-09,AST,180
L004465,K0012,S004,2025-05-09,BEG,120
L004466,K0124,S007,2025-05-09,GRP,90
L004467,K0013,S007,2025-05-09,FAL,90
L004468,K0091,S004,2025-05-09,BEG,180
L004469,K0116,S001,2025-05-09,FAL,30
L004470,K0012,S006,2025-05-09,GRP,30
L004471,K0163,S022,2025-05-09,SCH,90
L004472,K0028,S020,2025-05-09,AST,120
L004473,K0055,S011,2025-05-09,DOK,30
L004474,K0136,S034,2025-05-09,AST,60
L004475,K0171,S002,2025-05-12,SCH,120
L004476,K0162,S003,2025-05-12,GRP,60
L004477,K0066,S014,2025-05-12,AST,30
L004478,K0130,S031,2025-05-12,AST,60
L004479,K0018,S012,2025-05-12,AST,120
L004480,K0096,S005,2025-05-12,SCH,45
L004481,K0105,S012,2025-05-12,SCH,30
L004482,K0101,S025,2025-05-12,BEG,45
L004483,K0138,S017,2025-05-12,DOK,120
L004484,K0108,S023,2025-05-12,DOK,60
L004485,K0173,S006,2025-05-12,GRP,60
L004486,K0083,S007,2025-05-12,AST,60
L004487,K0137,S007,2025-05-12,AST,90
L004488,K0075,S012,2025-05-12,SCH,180
L004489,K0071,S024,2025-05-12,BEG,90
L004490,K0049,S013,2025-05-12,DOK,60
L004491,K0152,S015,2025-05-12,DOK,60
L004492,K0093,S015,2025-05-12,BER,120
L004493,K0111,S032,2025-05-12,SCH,30
L004494,K0164,S015,2025-05-12,SCH,180
L004495,K0086,S016,2025-05-12,DOK,90
L004496,K0108,S018,2025-05-12,DOK,45
L004497,K0017,S008,2025-05-12,BEG,90
L004498,K0083,S018,2025-05-12,DOK,60
L004499,K0142,S013,2025-05-12,AST,120
L004500,K0047,S027,2025-05-12,AST,90
L004501,K0119,S034,2025-05-12,BER,90
L004502,K0090,S011,2025-05-12,SCH,30
L004503,K0087,S005,2025-05-12,GRP,45
L004504,K0142,S029,2025-05-12,AST,60
L004505,K0059,S004,2025-05-12,SCH,90
L004506,K0134,S031,2025-05-12,AST,60
L004507,K0119,S016,2025-05-12,GRP,60
L004508,K0031,S011,2025-05-12,AST,180
L004509,K0055,S014,2025-05-12,DOK,45
L004510,K0122,S013,2025-05-12,SCH,120
L004511,K0059,S014,2025-05-12,SCH,30
L004512,K0144,S017,2025-05-12,AST,60
L004513,K0152,S017,2025-05-12,AST,180
L004514,K0157,S026,2025-05-12,AST,30
L004515,K0147,S006,2025-05-12,SCH,180
L004516,K0159,S022,2025-05-12,GRP,45
L004517,K0157,S013,2025-05-12,AST,90
L004518,K0049,S034,2025-05-12,DOK,120
L004519,K0085,S032,2025-05-12,AST,30
L004520,K0111,S004,2025-05-12,FAL,30
L004521,K0066,S007,2025-05-12,AST,120
L004522,K0076,S026,2025-05-12,BEG,60
L004523,K0008,S022,2025-05-13,BEG,120
L004524,K0003,S023,2025-05-13,AST,30
L004525,K0118,S018,2025-05-13,BEG,60
L004526,K0020,S034,2025-05-13,FAL,60
L004527,K0138,S007,2025-05-13,BER,180
L004528,K0076,S017,2025-05-13,FAL,90
L004529,K0038,S026,2025-05-13,AST,180
L004530,K0153,S010,2025-05-13,FAL,120
L004531,K0054,S027,2025-05-13,DOK,120
L004532,K0171,S029,2025-05-13,BER,180
L004533,K0043,S018,2025-05-13,AST,45
L004534,K0108,S022,2025-05-13,BEG,180
L004535,K0150,S017,2025-05-13,GRP,120
L004536,K0075,S029,2025-05-13,DOK,30
L004537,K0024,S015,2025-05-13,DOK,120
L004538,K0099,S017,2025-05-13,AST,30
L004539,K0019,S015,2025-05-13,AST,45
L004540,K0048,S011,2025-05-13,SCH,180
L004541,K0111,S008,2025-05-13,BEG,90
L004542,K0025,S007,2025-05-13,AST,45
L004543,K0123,S026,2025-05-13,SCH,180
L004544,K0091,S029,2025-05-13,AST,45
L004545,K0065,S006,2025-05-13,DOK,60
L004546,K0155,S026,2025-05-13,AST,180
L004547,K0174,S012,2025-05-13,DOK,180
L004548,K0047,S017,2025-05-13,SCH,60
L004549,K0001,S017,2025-05-13,GRP,90
L004550,K0007,S003,2025-05-13,AST,30
L004551,K0034,S027,2025-05-13,AST,60
L004552,K0111,S011,2025-05-13,AST,90
L004553,K0014,S025,2025-05-13,AST,180
L004554,K0054,S017,2025-05-13,DOK,120
L004555,K0100,S022,2025-05-13,AST,180
L004556,K0119,S006,2025-05-13,SCH,90
L004557,K0068,S013,2025-05-13,BEG,120
L004558,K0162,S008,2025-05-13,AST,180
L004559,K0111,S008,2025-05-13,AST,180
L004560,K0032,S002,2025-05-13,AST,30
L004561,K0076,S032,2025-05-13,AST,120
L004562,K0130,S003,2025-05-13,SCH,180
L004563,K0122,S024,2025-05-13,BEG,90
L004564,K0120,S002,2025-05-13,BEG,60
L004565,K0102,S011,2025-05-13,FAL,180
L004566,K0130,S003,2025-05-13,AST,180
L004567,K0105,S023,2025-05-14,DOK,180
L004568,K0110,S025,2025-05-14,AST,90
L004569,K0119,S012,2025-05-14,AST,60
L004570,K0007,S029,2025-05-14,FAL,30
L004571,K0096,S022,2025-05-14,SCH,45
L004572,K0160,S008,2025-05-14,BEG,120
L004573,K0107,S012,2025-05-14,AST,120
L004574,K0153,S012,2025-05-14,FAL,60
L004575,K0129,S034,2025-05-14,BEG,60
L004576,K0179,S034,2025-05-14,DOK,60
L004577,K0047,S015,2025-05-14,AST,90
L004578,K0046,S005,2025-05-14,BEG,30
L004579,K0141,S018,2025-05-14,BER,60
L004580,K0156,S014,2025-05-14,SCH,90
L004581,K0035,S005,2025-05-14,SCH,45
L004582,K0106,S002,2025-05-14,SCH,45
L004583,K0116,S007,2025-05-14,AST,180
L004584,K0124,S017,2025-05-14,SCH,90
L004585,K0042,S003,2025-05-14,AST,60
L004586,K0073,S014,2025-05-14,SCH,45
L004587,K0120,S031,2025-05-14,AST,45
L004588,K0178,S013,2025-05-14,DOK,60
L004589,K0038,S011,2025-05-14,GRP,120
L004590,K0135,S031,2025-05-14,BER,60
L004591,K0065,S008,2025-05-14,DOK,60
L004592,K0148,S013,2025-05-14,AST,120
L004593,K0178,S020,2025-05-14,SCH,60
L004594,K0176,S027,2025-05-14,GRP,180
L004595,K0063,S007,2025-05-14,GRP,60
L004596,K0173,S032,2025-05-14,AST,120
L004597,K0108,S029,2025-05-14,AST,90
L004598,K0039,S014,2025-05-14,FAL,180
L004599,K0174,S022,2025-05-14,GRP,60
L004600,K0060,S032,2025-05-14,GRP,120
L004601,K0096,S023,2025-05-14,GRP,45
L004602,K0158,S007,2025-05-14,SCH,120
L004603,K0037,S015,2025-05-14,SCH,180
L004604,K0123,S026,2025-05-14,SCH,60
L004605,K0141,S005,2025-05-14,SCH,180
L004606,K0075,S014,2025-05-14,SCH,30
L004607,K0057,S005,2025-05-14,GRP,90
L004608,K0001,S001,2025-05-14,AST,30
L004609,K0083,S011,2025-05-14,DOK,120
L004610,K0137,S032,2025-05-14,AST,60
L004611,K0101,S022,2025-05-14,DOK,60
L004612,K0153,S003,2025-05-14,BEG,60
L004613,K0071,S034,2025-05-14,BEG,180
L004614,K0117,S003,2025-05-14,AST,60
L004615,K0093,S034,2025-05-14,AST,180
L004616,K0109,S002,2025-05-15,SCH,120
L004617,K0148,S011,2025-05-15,GRP,60
L004618,K0070,S031,2025-05-15,AST,120
L004619,K0103,S029,2025-05-15,AST,45
L004620,K0117,S025,2025-05-15,AST,180
L004621,K0068,S001,2025-05-15,FAL,60
L004622,K0105,S024,2025-05-15,BER,45
L004623,K0161,S003,2025-05-15,SCH,60
L004624,K0038,S016,2025-05-15,GRP,60
L004625,K0087,S029,2025-05-15,DOK,45
L004626,K0132,S005,2025-05-15,DOK,60
L004627,K0156,S010,2025-05-15,BEG,30
L004628,K0030,S004,2025-05-15,SCH,180
L004629,K0105,S024,2025-05-15,AST,180
L004630,K0012,S002,2025-05-15,SCH,30
L004631,K0075,S010,2025-05-15,GRP,45
L004632,K0010,S026,2025-05-15,BEG,45
L004633,K0037,S010,2025-05-15,SCH,45
L004634,K0027,S031,2025-05-15,GRP,120
L004635,K0021,S031,2025-05-15,AST,45
L004636,K0068,S032,2025-05-15,AST,180
L004637,K0046,S002,2025-05-15,GRP,60
L004638,K0149,S015,2025-05-15,DOK,60
L004639,K0017,S022,2025-05-15,AST,120
L004640,K0042,S027,2025-05-15,DOK,30
L004641,K0140,S022,2025-05-15,AST,90
L004642,K0081,S003,2025-05-15,BER,120
L004643,K0168,S017,2025-05-15,SCH,120
L004644,K0013,S012,2025-05-15,GRP,30
L004645,K0092,S032,2025-05-15,DOK,45
L004646,K0161,S017,2025-05-15,AST,90
L004647,K0098,S020,2025-05-15,BER,30
L004648,K0100,S004,2025-05-15,SCH,60
L004649,K0155,S001,2025-05-15,AST,30
L004650,K0010,S032,2025-05-15,DOK,60
L004651,K0168,S010,2025-05-15,SCH,30
L004652,K0092,S027,2025-05-15,DOK,60
L004653,K0070,S017,2025-05-15,AST,60
L004654,K0131,S022,2025-05-15,AST,30
L004655,K0018,S001,2025-05-16,AST,45
L004656,K0112,S008,2025-05-16,AST,180
L004657,K0036,S025,2025-05-16,BEG,120
L004658,K0137,S001,2025-05-16,BER,60
L004659,K0050,S011,2025-05-16,AST,180
L004660,K0018,S011,2025-05-16,AST,120
L004661,K0081,S010,2025-05-16,FAL,180
L004662,K0115,S011,2025-05-16,BEG,180
L004663,K0145,S022,2025-05-16,BEG,60
L004664,K0018,S029,2025-05-16,GRP,30
L004665,K0001,S027,2025-05-16,DOK,90
L004666,K0151,S031,2025-05-16,GRP,60
L004667,K0020,S015,2025-05-16,SCH,60
L004668,K0130,S027,2025-05-16,DOK,30
L004669,K0040,S022,2025-05-16,DOK,60
L004670,K0121,S031,2025-05-16,GRP,45
L004671,K0098,S002,2025-05-16,GRP,30
L004672,K0057,S031,2025-05-16,AST,120
L004673,K0179,S001,2025-05-16,SCH,60
L004674,K0124,S016,2025-05-16,SCH,30
L004675,K0127,S004,2025-05-16,AST,90
L004676,K0106,S008,2025-05-16,AST,30
L004677,K0144,S029,2025-05-16,GRP,180
L004678,K0115,S034,2025-05-16,GRP,90
L004679,K0127,S014,2025-05-16,AST,60
L004680,K0073,S023,2025-05-16,SCH,180
L004681,K0102,S002,2025-05-16,AST,60
L004682,K0003,S027,2025-05-16,DOK,45
L004683,K0071,S016,2025-05-16,DOK,90
L004684,K0038,S029,2025-05-16,AST,120
L004685,K0142,S014,2025-05-16,SCH,45
L004686,K0053,S013,2025-05-16,DOK,30
L004687,K0025,S001,2025-05-16,DOK,45
L004688,K0108,S024,2025-05-16,DOK,180
L004689,K0152,S017,2025-05-16,SCH,120
L004690,K0073,S018,2025-05-16,AST,60
L004691,K0036,S011,2025-05-16,AST,60
L004692,K0002,S002,2025-05-16,AST,60
L004693,K0095,S003,2025-05-16,BEG,60
L004694,K0034,S023,2025-05-16,BEG,180
L004695,K0031,S015,2025-05-16,GRP,60
L004696,K0112,S031,2025-05-16,AST,60
L004697,K0010,S011,2025-05-16,AST,180
L004698,K0179,S031,2025-05-16,BEG,90
L004699,K0145,S027,2025-05-16,DOK,90
L004700,K0012,S026,2025-05-16,AST,60
L004701,K0109,S003,2025-05-16,DOK,60
L004702,K0085,S004,2025-05-16,BER,180
L004703,K0124,S007,2025-05-16,BEG,90
L004704,K0132,S034,2025-05-16,AST,120
L004705,K0120,S015,2025-05-19,AST,45
L004706,K0120,S003,2025-05-19,SCH,45
L004707,K0008,S006,2025-05-19,AST,30
L004708,K0147,S007,2025-05-19,BER,45
L004709,K0103,S012,2025-05-19,SCH,30
L004710,K0152,S034,2025-05-19,BER,60
L004711,K0110,S027,2025-05-19,DOK,45
L004712,K0100,S010,2025-05-19,SCH,45
L004713,K0120,S007,2025-05-19,GRP,180
L004714,K0144,S026,2025-05-19,GRP,90
L004715,K0146,S025,2025-05-19,FAL,45
L004716,K0106,S029,2025-05-19,AST,30
L004717,K0117,S015,2025-05-19,DOK,30
L004718,K0071,S016,2025-05-19,FAL,60
L004719,K0001,S020,2025-05-19,AST,180
L004720,K0110,S022,2025-05-19,BEG,60
L004721,K0136,S024,2025-05-19,DOK,45
L004722,K0063,S001,2025-05-19,AST,60
L004723,K0001,S025,2025-05-19,AST,90
L004724,K0153,S020,2025-05-19,FAL,30
L004725,K0127,S007,2025-05-19,AST,30
L004726,K0109,S016,2025-05-19,AST,45
L004727,K0118,S004,2025-05-19,AST,30
L004728,K0046,S001,2025-05-19,BEG,30
L004729,K0121,S008,2025-05-19,DOK,60
L004730,K0118,S017,2025-05-19,AST,120
L004731,K0086,S011,2025-05-19,SCH,60
L004732,K0165,S031,2025-05-19,BEG,180
L004733,K0067,S034,2025-05-19,DOK,45
L004734,K0112,S001,2025-05-19,GRP,30
L004735,K0021,S025,2025-05-19,GRP,120
L004736,K0070,S026,2025-05-19,BEG,30
L004737,K0108,S005,2025-05-19,SCH,30
L004738,K0117,S007,2025-05-19,SCH,180
L004739,K0003,S005,2025-05-19,BEG,120
L004740,K0035,S010,2025-05-19,AST,45
L004741,K0098,S004,2025-05-19,SCH,180
L004742,K0142,S013,2025-05-19,DOK,60
L004743,K0179,S012,2025-05-19,AST,120
L004744,K0129,S006,2025-05-20,BEG,180
L004745,K0086,S004,2025-05-20,SCH,90
L004746,K0028,S024,2025-05-20,AST,45
L004747,K0076,S018,2025-05-20,SCH,120
L004748,K0116,S015,2025-05-20,FAL,30
L004749,K0003,S020,2025-05-20,AST,90
L004750,K0121,S013,2025-05-20,AST,30
L004751,K0006,S024,2025-05-20,SCH,30
L004752,K0032,S004,2025-05-20,BER,180
L004753,K0115,S016,2025-05-20,SCH,180
L004754,K0001,S034,2025-05-20,AST,180
L004755,K0098,S002,2025-05-20,BEG,120
L004756,K0091,S012,2025-05-20,BEG,45
L004757,K0158,S013,2025-05-20,SCH,30
L004758,K0010,S029,2025-05-20,BER,120
L004759,K0028,S007,2025-05-20,SCH,60
L004760,K0119,S010,2025-05-20,DOK,60
L004761,K0027,S024,2025-05-20,BEG,60
L004762,K0022,S005,2025-05-20,SCH,120
L004763,K0087,S026,2025-05-20,BEG,120
L004764,K0127,S018,2025-05-20,GRP,90
L004765,K0061,S024,2025-05-20,BER,60
L004766,K0059,S014,2025-05-20,AST,180
L004767,K0092,S006,2025-05-20,SCH,45
L004768,K0176,S011,2025-05-20,DOK,90
L004769,K0135,S006,2025-05-20,DOK,180
L004770,K0130,S017,2025-05-20,AST,120
L004771,K0157,S010,2025-05-20,BEG,90
L004772,K0108,S031,2025-05-20,GRP,30
L004773,K0163,S032,2025-05-20,AST,120
L004774,K0087,S015,2025-05-20,BEG,60
L004775,K0037,S014,2025-05-20,AST,60
L004776,K0096,S022,2025-05-20,GRP,90
L004777,K0098,S013,2025-05-20,BEG,60
L004778,K0081,S011,2025-05-20,DOK,30
L004779,K0006,S007,2025-05-20,BEG,120
L004780,K0065,S025,2025-05-20,SCH,120
L004781,K0022,S032,2025-05-20,BEG,120
L004782,K0013,S031,2025-05-20,GRP,45
L004783,K0165,S008,2025-05-20,AST,60
L004784,K0155,S014,2025-05-20,GRP,60
L004785,K0110,S031,2025-05-20,BEG,30
L004786,K0055,S031,2025-05-20,FAL,180
L004787,K0160,S001,2025-05-20,SCH,180
L004788,K0081,S025,2025-05-20,GRP,90
L004789,K0156,S022,2025-05-20,BEG,180
L004790,K0035,S022,2025-05-20,SCH,60
L004791,K0130,S024,2025-05-20,AST,45
L004792,K0043,S003,2025-05-20,SCH,60
L004793,K0174,S027,2025-05-20,GRP,120
L004794,K0021,S008,2025-05-20,AST,60
L004795,K0137,S022,2025-05-20,AST,90
L004796,K0117,S025,2025-05-20,BER,30
L004797,K0109,S011,2025-05-21,SCH,90
L004798,K0115,S017,2025-05-21,DOK,30
L004799,K0098,S016,2025-05-21,SCH,60
L004800,K0157,S015,2025-05-21,SCH,30
L004801,K0093,S002,2025-05-21,SCH,90
L004802,K0069,S018,2025-05-21,AST,45
L004803,K0179,S031,2025-05-21,DOK,90
L004804,K0149,S027,2025-05-21,AST,90
L004805,K0066,S005,2025-05-21,AST,90
L004806,K0038,S022,2025-05-21,GRP,180
L004807,K0073,S022,2025-05-21,AST,45
L004808,K0174,S004,2025-05-21,GRP,60
L004809,K0176,S003,2025-05-21,AST,60
L004810,K0019,S032,2025-05-21,AST,60
L004811,K0112,S020,2025-05-21,AST,60
L004812,K0069,S029,2025-05-21,AST,30
L004813,K0147,S032,2025-05-21,SCH,120
L004814,K0009,S010,2025-05-21,AST,180
L004815,K0035,S011,2025-05-21,BEG,60
L004816,K0075,S001,2025-05-21,AST,60
L004817,K0102,S024,2025-05-21,BEG,30
L004818,K0061,S029,2025-05-21,AST,30
L004819,K0116,S029,2025-05-21,BER,60
L004820,K0140,S034,2025-05-21,DOK,60
L004821,K0087,S011,2025-05-21,DOK,60
L004822,K0109,S002,2025-05-21,BEG,120
L004823,K0154,S025,2025-05-21,AST,180
L004824,K0176,S024,2025-05-21,DOK,60
L004825,K0179,S006,2025-05-21,BER,60
L004826,K0131,S034,2025-05-21,AST,180
L004827,K0096,S006,2025-05-21,AST,120
L004828,K0105,S025,2025-05-21,BER,45
L004829,K0096,S004,2025-05-21,SCH,30
L004830,K0165,S013,2025-05-21,AST,60
L004831,K0107,S006,2025-05-21,AST,90
L004832,K0028,S008,2025-05-21,SCH,120
L004833,K0085,S017,2025-05-21,BER,45
L004834,K0062,S004,2025-05-21,AST,90
L004835,K0144,S001,2025-05-21,AST,60
L004836,K0019,S012,2025-05-21,DOK,90
L004837,K0054,S023,2025-05-21,GRP,30
L004838,K0168,S006,2025-05-21,AST,60
L004839,K0017,S013,2025-05-21,BEG,60
L004840,K0018,S031,2025-05-21,BEG,30
L004841,K0163,S018,2025-05-22,BEG,60
L004842,K0158,S032,2025-05-22,AST,45
L004843,K0049,S013,2025-05-22,SCH,60
L004844,K0040,S011,2025-05-22,AST,60
L004845,K0155,S002,2025-05-22,BER,30
L004846,K0102,S032,2025-05-22,DOK,45
L004847,K0013,S011,2025-05-22,AST,120
L004848,K0048,S026,2025-05-22,DOK,60
L004849,K0045,S010,2025-05-22,SCH,120
L004850,K0009,S004,2025-05-22,GRP,60
L004851,K0025,S018,2025-05-22,AST,90
L004852,K0019,S017,2025-05-22,SCH,60
L004853,K0130,S016,2025-05-22,SCH,60
L004854,K0155,S014,2025-05-22,BEG,45
L004855,K0070,S032,2025-05-22,GRP,90
L004856,K0032,S010,2025-05-22,AST,90
L004857,K0128,S004,2025-05-22,AST,90
L004858,K0008,S004,2025-05-22,AST,30
L004859,K0162,S013,2025-05-22,BEG,90
L004860,K0115,S031,2025-05-22,GRP,60
L004861,K0022,S006,2025-05-22,DOK,90
L004862,K0083,S015,2025-05-22,AST,120
L004863,K0148,S022,2025-05-22,AST,60
L004864,K0045,S015,2025-05-22,BEG,45
L004865,K0062,S032,2025-05-22,AST,30
L004866,K0050,S008,2025-05-22,AST,30
L004867,K0158,S031,2025-05-22,BEG,60
L004868,K0002,S022,2025-05-22,AST,180
L004869,K0005,S034,2025-05-22,AST,60
L004870,K0066,S014,2025-05-22,SCH,180
L004871,K0162,S031,2025-05-22,SCH,180
L004872,K0039,S017,2025-05-22,BER,60
L004873,K0044,S023,2025-05-22,AST,60
L004874,K0126,S025,2025-05-22,BER,60
L004875,K0093,S022,2025-05-22,BER,180
L004876,K0106,S031,2025-05-22,SCH,60
L004877,K0162,S017,2025-05-22,GRP,60
L004878,K0044,S034,2025-05-22,BEG,180
L004879,K0149,S032,2025-05-22,BEG,120
L004880,K0010,S008,2025-05-22,BEG,60
L004881,K0086,S004,2025-05-22,AST,120
L004882,K0137,S004,2025-05-22,BER,30
L004883,K0134,S026,2025-05-22,GRP,45
L004884,K0047,S020,2025-05-22,GRP,30
L004885,K0086,S025,2025-05-22,BEG,30
L004886,K0116,S020,2025-05-22,AST,30
L004887,K0038,S022,2025-05-22,AST,120
L004888,K0163,S002,2025-05-22,AST,180
L004889,K0171,S012,2025-05-22,AST,120
L004890,K0076,S025,2025-05-22,BEG,60
L004891,K0123,S005,2025-05-23,SCH,45
L004892,K0178,S010,2025-05-23,AST,90
L004893,K0154,S006,2025-05-23,AST,120
L004894,K0069,S008,2025-05-23,AST,120
L004895,K0096,S008,2025-05-23,AST,120
L004896,K0020,S006,2025-05-23,SCH,90
L004897,K0039,S012,2025-05-23,AST,120
L004898,K0025,S003,2025-05-23,SCH,60
L004899,K0164,S013,2025-05-23,AST,180
L004900,K0144,S027,2025-05-23,AST,30
L004901,K0153,S005,2025-05-23,BEG,45
L004902,K0156,S007,2025-05-23,BEG,60
L004903,K0101,S018,2025-05-23,FAL,90
L004904,K0152,S024,2025-05-23,SCH,45
L004905,K0039,S022,2025-05-23,BER,120
L004906,K0147,S026,2025-05-23,AST,180
L004907,K0111,S023,2025-05-23,BEG,180
L004908,K0044,S026,2025-05-23,GRP,180
L004909,K0043,S032,2025-05-23,BEG,120
L004910,K0059,S014,2025-05-23,AST,60
L004911,K0106,S007,2025-05-23,DOK,45
L004912,K0160,S012,2025-05-23,GRP,60
L004913,K0108,S013,2025-05-23,AST,30
L004914,K0122,S006,2025-05-23,GRP,120
L004915,K0142,S025,2025-05-23,AST,120
L004916,K0112,S007,2025-05-23,SCH,120
L004917,K0174,S015,2025-05-23,BER,60
L004918,K0155,S007,2025-05-23,BEG,60
L004919,K0107,S002,2025-05-23,SCH,60
L004920,K0060,S020,2025-05-23,SCH,30
L004921,K0178,S024,2025-05-23,BER,60
L004922,K0119,S014,2025-05-23,DOK,45
L004923,K0020,S024,2025-05-23,AST,60
L004924,K0039,S032,2025-05-23,SCH,90
L004925,K0120,S027,2025-05-23,AST,45
L004926,K0098,S011,2025-05-23,DOK,45
L004927,K0151,S017,2025-05-23,BER,60
L004928,K0008,S010,2025-05-23,SCH,180
L004929,K0163,S023,2025-05-23,BEG,45
L004930,K0027,S024,2025-05-23,GRP,60
L004931,K0045,S032,2025-05-23,AST,180
L004932,K0075,S023,2025-05-23,BEG,60
L004933,K0030,S024,2025-05-23,AST,60
L004934,K0141,S017,2025-05-23,GRP,60
L004935,K0049,S026,2025-05-23,GRP,30
L004936,K0043,S012,2025-05-23,SCH,45
L004937,K0075,S002,2025-05-23,SCH,30
L004938,K0094,S011,2025-05-23,AST,180
L004939,K0061,S011,2025-05-23,DOK,120
L004940,K0179,S014,2025-05-23,AST,45
L004941,K0093,S008,2025-05-23,BEG,120
L004942,K0018,S023,2025-05-23,SCH,90
L004943,K0110,S031,2025-05-26,BEG,30
L004944,K0086,S006,2025-05-26,AST,60
L004945,K0051,S024,2025-05-26,GRP,120
L004946,K0126,S031,2025-05-26,SCH,180
L004947,K0162,S022,2025-05-26,BEG,60
L004948,K0085,S022,2025-05-26,AST,180
L004949,K0002,S022,2025-05-26,SCH,120
L004950,K0012,S012,2025-05-26,FAL,90
L004951,K0050,S002,2025-05-26,AST,60
L004952,K0094,S015,2025-05-26,AST,45
L004953,K0154,S010,2025-05-26,GRP,90
L004954,K0039,S020,2025-05-26,AST,45
L004955,K0148,S004,2025-05-26,SCH,30
L004956,K0003,S005,2025-05-26,BER,180
L004957,K0115,S010,2025-05-26,DOK,90
L004958,K0149,S004,2025-05-26,FAL,60
L004959,K0118,S017,2025-05-26,AST,30
L004960,K0027,S019,2025-05-26,FAL,45
L004961,K0090,S013,2025-05-26,SCH,120
L004962,K0053,S031,2025-05-26,GRP,45
L004963,K0055,S007,2025-05-26,AST,60
L004964,K0059,S004,2025-05-26,AST,45
L004965,K0112,S002,2025-05-26,SCH,60
L004966,K0047,S025,2025-05-26,AST,60
L004967,K0140,S032,2025-05-26,DOK,180
L004968,K0026,S012,2025-05-26,GRP,60
L004969,K0122,S024,2025-05-26,AST,45
L004970,K0149,S015,2025-05-26,DOK,30
L004971,K0049,S010,2025-05-26,DOK,60
L004972,K0159,S007,2025-05-26,BEG,30
L004973,K0055,S029,2025-05-26,SCH,120
L004974,K0165,S016,2025-05-26,BEG,180
L004975,K0042,S006,2025-05-26,AST,60
L004976,K0083,S018,2025-05-26,FAL,45
L004977,K0051,S025,2025-05-26,AST,60
L004978,K0031,S010,2025-05-26,AST,60
L004979,K0149,S016,2025-05-26,AST,60
L004980,K0163,S022,2025-05-26,SCH,30
L004981,K0112,S019,2025-05-26,BEG,45
L004982,K0059,S017,2025-05-26,SCH,30
L004983,K0081,S019,2025-05-26,AST,90
L004984,K0006,S011,2025-05-26,AST,30
L004985,K0026,S027,2025-05-27,SCH,30
L004986,K0147,S003,2025-05-27,AST,180
L004987,K0150,S013,2025-05-27,AST,120
L004988,K0040,S029,2025-05-27,DOK,60
L004989,K0111,S018,2025-05-27,GRP,30
L004990,K0142,S005,2025-05-27,SCH,120
L004991,K0062,S011,2025-05-27,DOK,120
L004992,K0155,S013,2025-05-27,DOK,45
L004993,K0071,S022,2025-05-27,SCH,30
L004994,K0178,S006,2025-05-27,DOK,60
L004995,K0050,S019,2025-05-27,SCH,60
L004996,K0093,S007,2025-05-27,SCH,60
L004997,K0161,S014,2025-05-27,AST,45
L004998,K0155,S024,2025-05-27,SCH,60
L004999,K0039,S004,2025-05-27,AST,90
L005000,K0054,S030,2025-05-27,AST,180
L005001,K0038,S023,2025-05-27,BEG,90
L005002,K0061,S027,2025-05-27,GRP,90
L005003,K0107,S029,2025-05-27,GRP,90
L005004,K0025,S022,2025-05-27,AST,30
L005005,K0098,S020,2025-05-27,AST,120
L005006,K0060,S024,2025-05-27,SCH,60
L005007,K0114,S012,2025-05-27,BEG,60
L005008,K0071,S014,2025-05-27,AST,60
L005009,K0054,S013,2025-05-27,DOK,30
L005010,K0068,S002,2025-05-27,BER,180
L005011,K0040,S018,2025-05-27,BEG,120
L005012,K0075,S013,2025-05-27,BEG,60
L005013,K0009,S029,2025-05-27,SCH,60
L005014,K0065,S031,2025-05-27,SCH,30
L005015,K0149,S008,2025-05-27,DOK,60
L005016,K0063,S029,2025-05-27,SCH,120
L005017,K0031,S013,2025-05-27,AST,60
L005018,K0006,S005,2025-05-27,GRP,60
L005019,K0145,S019,2025-05-27,GRP,180
L005020,K0038,S010,2025-05-27,SCH,120
L005021,K0121,S015,2025-05-27,GRP,120
L005022,K0053,S012,2025-05-27,DOK,60
L005023,K0173,S002,2025-05-27,BEG,30
L005024,K0152,S015,2025-05-27,AST,30
L005025,K0140,S019,2025-05-27,SCH,45
L005026,K0090,S026,2025-05-27,DOK,60
L005027,K0127,S025,2025-05-27,DOK,45
L005028,K0124,S008,2025-05-27,SCH,90
L005029,K0043,S016,2025-05-27,GRP,60
L005030,K0007,S027,2025-05-27,AST,60
L005031,K0164,S020,2025-05-27,DOK,180
L005032,K0157,S003,2025-05-27,DOK,60
L005033,K0159,S029,2025-05-27,AST,30
L005034,K0126,S003,2025-05-27,GRP,60
L005035,K0095,S029,2025-05-27,AST,180
L005036,K0084,S012,2025-05-27,BEG,120
L005037,K0024,S025,2025-05-27,BEG,180
L005038,K0137,S022,2025-05-28,BEG,180
L005039,K0043,S001,2025-05-28,BEG,120
L005040,K0069,S031,2025-05-28,DOK,120
L005041,K0059,S023,2025-05-28,GRP,120
L005042,K0091,S017,2025-05-28,DOK,45
L005043,K0118,S022,2025-05-28,SCH,180
L005044,K0032,S003,2025-05-28,DOK,120
L005045,K0102,S007,2025-05-28,AST,180
L005046,K0046,S024,2025-05-28,GRP,120
L005047,K0138,S002,2025-05-28,DOK,60
L005048,K0121,S024,2025-05-28,AST,30
L005049,K0034,S026,2025-05-28,AST,120
L005050,K0174,S025,2025-05-28,AST,60
L005051,K0108,S011,2025-05-28,GRP,45
L005052,K0165,S010,2025-05-28,AST,45
L005053,K0145,S026,2025-05-28,DOK,30
L005054,K0161,S015,2025-05-28,GRP,30
L005055,K0035,S016,2025-05-28,DOK,180
L005056,K0106,S003,2025-05-28,DOK,120
L005057,K0062,S025,2025-05-28,SCH,120
L005058,K0106,S012,2025-05-28,SCH,60
L005059,K0073,S008,2025-05-28,BEG,30
L005060,K0157,S004,2025-05-28,SCH,45
L005061,K0114,S010,2025-05-28,GRP,45
L005062,K0057,S002,2025-05-28,GRP,180
L005063,K0106,S007,2025-05-28,SCH,120
L005064,K0035,S026,2025-05-28,BEG,120
L005065,K0069,S007,2025-05-28,AST,180
L005066,K0071,S020,2025-05-28,BEG,60
L005067,K0162,S010,2025-05-28,AST,90
L005068,K0032,S034,2025-05-28,AST,90
L005069,K0047,S001,2025-05-28,GRP,30
L005070,K0123,S006,2025-05-28,AST,60
L005071,K0092,S010,2025-05-28,AST,30
L005072,K0158,S014,2025-05-28,GRP,45
L005073,K0067,S022,2025-05-28,DOK,90
L005074,K0020,S017,2025-05-28,SCH,90
L005075,K0098,S002,2025-05-28,BEG,180
L005076,K0152,S022,2025-05-28,FAL,90
L005077,K0163,S007,2025-05-28,AST,45
L005078,K0160,S004,2025-05-28,FAL,60
L005079,K0134,S032,2025-05-28,SCH,60
L005080,K0138,S026,2025-05-28,DOK,45
L005081,K0026,S005,2025-05-28,AST,30
L005082,K0165,S034,2025-05-29,AST,30
L005083,K0173,S017,2025-05-29,AST,30
L005084,K0145,S007,2025-05-29,GRP,90
L005085,K0171,S012,2025-05-29,BEG,60
L005086,K0049,S030,2025-05-29,AST,60
L005087,K0153,S018,2025-05-29,DOK,60
L005088,K0129,S023,2025-05-29,BEG,30
L005089,K0019,S020,2025-05-29,BER,45
L005090,K0001,S022,2025-05-29,GRP,45
L005091,K0086,S011,2025-05-29,BEG,30
L005092,K0024,S015,2025-05-29,BER,60
L005093,K0120,S017,2025-05-29,BEG,60
L005094,K0101,S027,2025-05-29,DOK,60
L005095,K0084,S003,2025-05-29,DOK,45
L005096,K0086,S032,2025-05-29,DOK,30
L005097,K0160,S023,2025-05-29,SCH,45
L005098,K0114,S011,2025-05-29,SCH,120
L005099,K0018,S006,2025-05-29,BEG,60
L005100,K0057,S019,2025-05-29,BEG,60
L005101,K0126,S024,2025-05-29,GRP,30
L005102,K0046,S002,2025-05-29,AST,180
L005103,K0037,S002,2025-05-29,FAL,180
L005104,K0121,S025,2025-05-29,BEG,45
L005105,K0115,S023,2025-05-29,AST,90
L005106,K0173,S019,2025-05-29,BER,180
L005107,K0063,S029,2025-05-29,BEG,90
L005108,K0149,S008,2025-05-29,GRP,45
L005109,K0171,S001,2025-05-29,GRP,180
L005110,K0066,S012,2025-05-29,FAL,30
L005111,K0130,S019,2025-05-29,AST,60
L005112,K0007,S002,2025-05-29,AST,120
L005113,K0171,S002,2025-05-29,GRP,60
L005114,K0025,S008,2025-05-29,BEG,120
L005115,K0090,S027,2025-05-29,AST,120
L005116,K0126,S029,2025-05-29,GRP,90
L005117,K0001,S004,2025-05-29,AST,60
L005118,K0067,S024,2025-05-29,BEG,45
L005119,K0044,S012,2025-05-29,AST,45
L005120,K0055,S032,2025-05-29,GRP,180
L005121,K0022,S031,2025-05-29,AST,180
L005122,K0038,S001,2025-05-29,SCH,60
L005123,K0092,S010,2025-05-29,DOK,60
L005124,K0117,S018,2025-05-29,GRP,60
L005125,K0057,S004,2025-05-30,GRP,30
L005126,K0136,S010,2025-05-30,BEG,120
L005127,K0149,S012,2025-05-30,BER,180
L005128,K0119,S022,2025-05-30,AST,45
L005129,K0044,S006,2025-05-30,FAL,30
L005130,K0046,S023,2025-05-30,SCH,45
L005131,K0002,S004,2025-05-30,SCH,60
L005132,K0018,S025,2025-05-30,SCH,60
L005133,K0006,S001,2025-05-30,AST,60
L005134,K0152,S005,2025-05-30,AST,180
L005135,K0007,S011,2025-05-30,SCH,120
L005136,K0014,S017,2025-05-30,SCH,60
L005137,K0085,S001,2025-05-30,AST,45
L005138,K0105,S015,2025-05-30,GRP,60
L005139,K0001,S001,2025-05-30,GRP,120
L005140,K0094,S027,2025-05-30,DOK,45
L005141,K0093,S007,2025-05-30,FAL,90
L005142,K0127,S034,2025-05-30,DOK,60
L005143,K0040,S019,2025-05-30,DOK,90
L005144,K0153,S024,2025-05-30,AST,90
L005145,K0017,S017,2025-05-30,GRP,60
L005146,K0106,S010,2025-05-30,DOK,180
L005147,K0068,S008,2025-05-30,AST,120
L005148,K0038,S019,2025-05-30,BEG,60
L005149,K0005,S027,2025-05-30,BEG,60
L005150,K0035,S003,2025-05-30,AST,30
L005151,K0068,S020,2025-05-30,AST,45
L005152,K0004,S029,2025-05-30,SCH,120
L005153,K0022,S024,2025-05-30,SCH,120
L005154,K0142,S022,2025-05-30,GRP,120
L005155,K0179,S027,2025-05-30,AST,60
L005156,K0030,S018,2025-05-30,BEG,60
L005157,K0007,S032,2025-05-30,BEG,120
L005158,K0073,S006,2025-05-30,BEG,180
L005159,K0005,S008,2025-05-30,AST,30
L005160,K0164,S016,2025-05-30,AST,30
L005161,K0087,S015,2025-05-30,GRP,180
L005162,K0106,S024,2025-05-30,DOK,45
L005163,K0045,S008,2025-05-30,GRP,45
L005164,K0046,S019,2025-05-30,AST,60
L005165,K0090,S032,2025-05-30,SCH,180
L005166,K0132,S002,2025-05-30,DOK,30
L005167,K0106,S001,2025-06-02,SCH,45
L005168,K0060,S032,2025-06-02,AST,90
L005169,K0178,S019,2025-06-02,AST,180
L005170,K0155,S031,2025-06-02,GRP,120
L005171,K0030,S030,2025-06-02,BEG,60
L005172,K0046,S025,2025-06-02,SCH,45
L005173,K0137,S034,2025-06-02,DOK,60
L005174,K0019,S016,2025-06-02,AST,90
L005175,K0169,S022,2025-06-02,BEG,120
L005176,K0001,S024,2025-06-02,BER,90
L005177,K0152,S020,2025-06-02,DOK,60
L005178,K0124,S029,2025-06-02,GRP,90
L005179,K0002,S003,2025-06-02,BEG,60
L005180,K0038,S019,2025-06-02,GRP,60
L005181,K0048,S026,2025-06-02,AST,60
L005182,K0123,S003,2025-06-02,FAL,180
L005183,K0132,S034,2025-06-02,SCH,60
L005184,K0117,S030,2025-06-02,DOK,180
L005185,K0134,S024,2025-06-02,DOK,60
L005186,K0085,S011,2025-06-02,AST,120
L005187,K0165,S030,2025-06-02,AST,120
L005188,K0153,S026,2025-06-02,AST,60
L005189,K0049,S010,2025-06-02,BEG,180
L005190,K0054,S029,2025-06-02,FAL,60
L005191,K0006,S018,2025-06-02,BEG,45
L005192,K0030,S029,2025-06-02,BEG,60
L005193,K0173,S027,2025-06-02,BER,60
L005194,K0059,S017,2025-06-02,FAL,180
L005195,K0043,S031,2025-06-02,AST,60
L005196,K0158,S004,2025-06-02,AST,90
L005197,K0134,S026,2025-06-02,GRP,30
L005198,K0164,S020,2025-06-02,SCH,120
L005199,K0110,S022,2025-06-02,SCH,90
L005200,K0043,S027,2025-06-02,SCH,120
L005201,K0005,S029,2025-06-02,AST,45
L005202,K0105,S004,2025-06-02,GRP,60
L005203,K0049,S014,2025-06-02,AST,60
L005204,K0140,S029,2025-06-02,FAL,60
L005205,K0069,S023,2025-06-02,FAL,30
L005206,K0111,S013,2025-06-02,AST,30
L005207,K0019,S017,2025-06-02,SCH,60
L005208,K0059,S005,2025-06-02,GRP,60
L005209,K0116,S027,2025-06-02,AST,60
L005210,K0126,S007,2025-06-02,GRP,60
L005211,K0106,S019,2025-06-02,SCH,45
L005212,K0063,S010,2025-06-02,BER,45
L005213,K0148,S001,2025-06-03,AST,45
L005214,K0069,S032,2025-06-03,BEG,120
L005215,K0034,S002,2025-06-03,GRP,180
L005216,K0127,S025,2025-06-03,BER,180
L005217,K0026,S025,2025-06-03,GRP,180
L005218,K0124,S004,2025-06-03,DOK,90
L005219,K0120,S011,2025-06-03,GRP,120
L005220,K0092,S004,2025-06-03,AST,120
L005221,K0099,S004,2025-06-03,AST,90
L005222,K0110,S001,2025-06-03,DOK,120
L005223,K0008,S027,2025-06-03,DOK,45
L005224,K0146,S024,2025-06-03,AST,180
L005225,K0107,S029,2025-06-03,BEG,90
L005226,K0070,S016,2025-06-03,BER,90
L005227,K0026,S007,2025-06-03,GRP,60
L005228,K0146,S003,2025-06-03,BEG,180
L005229,K0017,S007,2025-06-03,DOK,120
L005230,K0138,S031,2025-06-03,SCH,45
L005231,K0119,S002,2025-06-03,GRP,45
L005232,K0084,S004,2025-06-03,BEG,180
L005233,K0124,S006,2025-06-03,AST,180
L005234,K0035,S002,2025-06-03,BEG,30
L005235,K0012,S001,2025-06-03,AST,30
L005236,K0140,S008,2025-06-03,DOK,30
L005237,K0123,S019,2025-06-03,GRP,90
L005238,K0168,S013,2025-06-03,SCH,45
L005239,K0098,S002,2025-06-03,AST,60
L005240,K0116,S020,2025-06-03,BEG,120
L005241,K0162,S017,2025-06-03,AST,60
L005242,K0163,S012,2025-06-03,AST,45
L005243,K0157,S018,2025-06-03,AST,30
L005244,K0176,S013,2025-06-03,SCH,60
L005245,K0090,S019,2025-06-03,BEG,60
L005246,K0122,S007,2025-06-03,SCH,60
L005247,K0002,S010,2025-06-03,BER,60
L005248,K0014,S014,2025-06-03,BER,60
L005249,K0042,S014,2025-06-03,AST,90
L005250,K0126,S031,2025-06-03,AST,60
L005251,K0179,S002,2025-06-03,AST,60
L005252,K0128,S011,2025-06-03,AST,120
L005253,K0068,S024,2025-06-03,BEG,60
L005254,K0116,S034,2025-06-03,AST,180
L005255,K0118,S026,2025-06-03,BEG,30
L005256,K0142,S015,2025-06-03,GRP,60
L005257,K0124,S030,2025-06-04,BEG,120
L005258,K0174,S002,2025-06-04,SCH,30
L005259,K0026,S008,2025-06-04,AST,45
L005260,K0057,S017,2025-06-04,AST,60
L005261,K0117,S004,2025-06-04,AST,180
L005262,K0034,S016,2025-06-04,AST,90
L005263,K0087,S003,2025-06-04,SCH,180
L005264,K0173,S012,2025-06-04,BER,45
L005265,K0153,S010,2025-06-04,BEG,60
L005266,K0119,S026,2025-06-04,DOK,60
L005267,K0037,S012,2025-06-04,BER,120
L005268,K0048,S001,2025-06-04,DOK,30
L005269,K0151,S015,2025-06-04,AST,120
L005270,K0146,S010,2025-06-04,SCH,180
L005271,K0040,S008,2025-06-04,GRP,30
L005272,K0024,S010,2025-06-04,BER,60
L005273,K0121,S006,2025-06-04,GRP,90
L005274,K0132,S004,2025-06-04,AST,90
L005275,K0109,S030,2025-06-04,SCH,180
L005276,K0068,S006,2025-06-04,BEG,60
L005277,K0171,S027,2025-06-04,BEG,30
L005278,K0145,S015,2025-06-04,AST,90
L005279,K0045,S002,2025-06-04,AST,180
L005280,K0119,S031,2025-06-04,BER,180
L005281,K0044,S025,2025-06-04,AST,60
L005282,K0152,S032,2025-06-04,BER,45
L005283,K0117,S020,2025-06-04,BEG,90
L005284,K0036,S015,2025-06-04,AST,90
L005285,K0136,S010,2025-06-04,AST,60
L005286,K0084,S014,2025-06-04,AST,30
L005287,K0153,S031,2025-06-04,SCH,60
L005288,K0095,S034,2025-06-04,GRP,60
L005289,K0055,S034,2025-06-04,BEG,180
L005290,K0123,S007,2025-06-04,AST,90
L005291,K0153,S013,2025-06-04,AST,120
L005292,K0042,S017,2025-06-04,AST,30
L005293,K0039,S008,2025-06-04,AST,60
L005294,K0158,S002,2025-06-04,DOK,45
L005295,K0168,S024,2025-06-04,GRP,60
L005296,K0098,S030,2025-06-04,DOK,120
L005297,K0050,S024,2025-06-04,GRP,60
L005298,K0017,S010,2025-06-04,AST,30
L005299,K0073,S032,2025-06-04,DOK,180
L005300,K0004,S016,2025-06-04,AST,60
L005301,K0176,S034,2025-06-04,GRP,120
L005302,K0118,S022,2025-06-04,BEG,120
L005303,K0169,S010,2025-06-04,AST,45
L005304,K0103,S010,2025-06-05,GRP,45
L005305,K0087,S029,2025-06-05,GRP,60
L005306,K0048,S032,2025-06-05,AST,90
L005307,K0001,S002,2025-06-05,AST,60
L005308,K0151,S024,2025-06-05,GRP,30
L005309,K0048,S024,2025-06-05,GRP,45
L005310,K0047,S004,2025-06-05,BER,30
L005311,K0038,S018,2025-06-05,DOK,60
L005312,K0059,S010,2025-06-05,BEG,60
L005313,K0159,S027,2025-06-05,AST,180
L005314,K0141,S012,2025-06-05,BER,180
L005315,K0061,S003,2025-06-05,SCH,60
L005316,K0086,S027,2025-06-05,AST,90
L005317,K0090,S010,2025-06-05,SCH,90
L005318,K0044,S015,2025-06-05,SCH,60
L005319,K0084,S012,2025-06-05,AST,120
L005320,K0098,S013,2025-06-05,GRP,45
L005321,K0094,S016,2025-06-05,FAL,60
L005322,K0085,S030,2025-06-05,GRP,90
L005323,K0022,S020,2025-06-05,BER,120
L005324,K0022,S017,2025-06-05,AST,120
L005325,K0091,S017,2025-06-05,BER,120
L005326,K0060,S025,2025-06-05,FAL,30
L005327,K0119,S022,2025-06-05,GRP,120
L005328,K0026,S032,2025-06-05,SCH,60
L005329,K0141,S002,2025-06-05,AST,60
L005330,K0049,S006,2025-06-05,BEG,45
L005331,K0130,S003,2025-06-05,DOK,180
L005332,K0114,S013,2025-06-05,AST,180
L005333,K0122,S019,2025-06-05,SCH,60
L005334,K0148,S012,2025-06-05,AST,180
L005335,K0176,S017,2025-06-05,FAL,45
L005336,K0138,S034,2025-06-05,BEG,120
L005337,K0126,S004,2025-06-05,SCH,45
L005338,K0025,S015,2025-06-05,AST,120
L005339,K0014,S029,2025-06-05,AST,45
L005340,K0151,S030,2025-06-05,SCH,180
L005341,K0161,S017,2025-06-05,BEG,120
L005342,K0105,S019,2025-06-05,DOK,45
L005343,K0159,S007,2025-06-05,SCH,180
L005344,K0061,S026,2025-06-05,DOK,30
L005345,K0158,S030,2025-06-05,SCH,45
L005346,K0057,S019,2025-06-05,DOK,45
L005347,K0043,S024,2025-06-05,BEG,180
L005348,K0115,S005,2025-06-05,AST,60
L005349,K0121,S030,2025-06-06,AST,120
L005350,K0017,S034,2025-06-06,AST,180
L005351,K0103,S001,2025-06-06,DOK,45
L005352,K0091,S032,2025-06-06,GRP,45
L005353,K0134,S003,2025-06-06,GRP,60
L005354,K0135,S020,2025-06-06,GRP,60
L005355,K0163,S012,2025-06-06,AST,60
L005356,K0034,S017,2025-06-06,BER,180
L005357,K0014,S015,2025-06-06,AST,60
L005358,K0179,S027,2025-06-06,AST,45
L005359,K0099,S013,2025-06-06,SCH,45
L005360,K0165,S020,2025-06-06,SCH,30
L005361,K0018,S003,2025-06-06,BEG,180
L005362,K0032,S023,2025-06-06,BEG,45
L005363,K0068,S027,2025-06-06,AST,90
L005364,K0098,S026,2025-06-06,AST,60
L005365,K0149,S013,2025-06-06,DOK,60
L005366,K0138,S010,2025-06-06,AST,180
L005367,K0051,S011,2025-06-06,BER,90
L005368,K0055,S006,2025-06-06,FAL,60
L005369,K0060,S018,2025-06-06,DOK,30
L005370,K0071,S001,2025-06-06,BEG,120
L005371,K0165,S012,2025-06-06,AST,30
L005372,K0061,S016,2025-06-06,SCH,30
L005373,K0157,S020,2025-06-06,GRP,60
L005374,K0009,S019,2025-06-06,BER,60
L005375,K0087,S015,2025-06-06,GRP,30
L005376,K0062,S016,2025-06-06,DOK,30
L005377,K0099,S010,2025-06-06,AST,60
L005378,K0039,S017,2025-06-06,AST,90
L005379,K0050,S032,2025-06-06,AST,180
L005380,K0020,S005,2025-06-06,SCH,60
L005381,K0060,S005,2025-06-06,AST,60
L005382,K0071,S006,2025-06-06,DOK,120
L005383,K0054,S027,2025-06-06,FAL,45
L005384,K0165,S004,2025-06-06,AST,30
L005385,K0140,S026,2025-06-06,AST,30
L005386,K0091,S007,2025-06-06,SCH,30
L005387,K0045,S005,2025-06-06,SCH,60
L005388,K0117,S015,2025-06-06,GRP,180
L005389,K0014,S034,2025-06-06,BEG,120
L005390,K0065,S004,2025-06-06,SCH,45
L005391,K0034,S030,2025-06-06,AST,60
L005392,K0021,S026,2025-06-06,SCH,60
L005393,K0160,S025,2025-06-06,AST,120
L005394,K0019,S027,2025-06-06,BEG,90
L005395,K0090,S032,2025-06-06,BEG,60
L005396,K0066,S017,2025-06-06,GRP,30
L005397,K0164,S019,2025-06-06,DOK,45
L005398,K0160,S006,2025-06-09,AST,60
L005399,K0141,S027,2025-06-09,SCH,180
L005400,K0149,S004,2025-06-09,AST,30
L005401,K0066,S012,2025-06-09,GRP,60
L005402,K0130,S029,2025-06-09,BEG,45
L005403,K0055,S004,2025-06-09,AST,90
L005404,K0025,S003,2025-06-09,SCH,120
L005405,K0135,S004,2025-06-09,BER,30
L005406,K0072,S018,2025-06-09,BEG,60
L005407,K0122,S010,2025-06-09,GRP,45
L005408,K0148,S005,2025-06-09,FAL,60
L005409,K0012,S027,2025-06-09,GRP,180
L005410,K0037,S016,2025-06-09,SCH,60
L005411,K0107,S020,2025-06-09,BEG,60
L005412,K0002,S018,2025-06-09,BEG,60
L005413,K0039,S031,2025-06-09,DOK,45
L005414,K0042,S017,2025-06-09,AST,45
L005415,K0160,S013,2025-06-09,DOK,30
L005416,K0086,S025,2025-06-09,AST,180
L005417,K0099,S008,2025-06-09,AST,120
L005418,K0113,S031,2025-06-09,AST,90
L005419,K0025,S016,2025-06-09,SCH,60
L005420,K0001,S008,2025-06-09,DOK,120
L005421,K0084,S001,2025-06-09,AST,60
L005422,K0066,S013,2025-06-09,AST,120
L005423,K0136,S012,2025-06-09,GRP,60
L005424,K0035,S010,2025-06-09,BEG,90
L005425,K0165,S034,2025-06-09,AST,180
L005426,K0107,S001,2025-06-09,AST,45
L005427,K0158,S001,2025-06-09,BER,60
L005428,K0157,S015,2025-06-09,DOK,90
L005429,K0176,S004,2025-06-09,DOK,90
L005430,K0171,S007,2025-06-09,AST,30
L005431,K0130,S004,2025-06-09,AST,120
L005432,K0057,S012,2025-06-09,FAL,60
L005433,K0028,S034,2025-06-09,AST,180
L005434,K0101,S016,2025-06-09,DOK,60
L005435,K0054,S003,2025-06-09,GRP,90
L005436,K0069,S013,2025-06-09,DOK,120
L005437,K0060,S002,2025-06-09,SCH,60
L005438,K0123,S022,2025-06-09,GRP,30
L005439,K0021,S006,2025-06-09,DOK,120
L005440,K0131,S015,2025-06-09,AST,60
L005441,K0007,S031,2025-06-09,SCH,120
L005442,K0020,S023,2025-06-09,DOK,60
L005443,K0149,S026,2025-06-09,SCH,60
L005444,K0059,S018,2025-06-09,GRP,45
L005445,K0045,S029,2025-06-09,AST,180
L005446,K0159,S001,2025-06-09,SCH,45
L005447,K0057,S001,2025-06-09,BEG,120
L005448,K0028,S013,2025-06-09,BEG,45
L005449,K0067,S013,2025-06-09,SCH,30
L005450,K0063,S014,2025-06-10,BEG,120
L005451,K0039,S016,2025-06-10,BER,45
L005452,K0149,S012,2025-06-10,AST,60
L005453,K0028,S013,2025-06-10,DOK,60
L005454,K0013,S011,2025-06-10,AST,60
L005455,K0021,S019,2025-06-10,AST,30
L005456,K0008,S016,2025-06-10,FAL,180
L005457,K0132,S027,2025-06-10,AST,30
L005458,K0009,S013,2025-06-10,SCH,30
L005459,K0126,S007,2025-06-10,AST,60
L005460,K0140,S022,2025-06-10,GRP,30
L005461,K0152,S023,2025-06-10,SCH,180
L005462,K0151,S031,2025-06-10,GRP,90
L005463,K0050,S027,2025-06-10,SCH,60
L005464,K0026,S027,2025-06-10,GRP,120
L005465,K0063,S024,2025-06-10,DOK,90
L005466,K0062,S018,2025-06-10,BEG,60
L005467,K0111,S013,2025-06-10,BEG,60
L005468,K0020,S010,2025-06-10,GRP,60
L005469,K0134,S025,2025-06-10,DOK,90
L005470,K0099,S023,2025-06-10,FAL,90
L005471,K0152,S022,2025-06-10,DOK,30
L005472,K0096,S031,2025-06-10,AST,45
L005473,K0157,S005,2025-06-10,BER,180
L005474,K0163,S024,2025-06-10,BER,90
L005475,K0018,S034,2025-06-10,SCH,60
L005476,K0176,S029,2025-06-10,AST,60
L005477,K0043,S004,2025-06-10,GRP,180
L005478,K0084,S006,2025-06-10,DOK,120
L005479,K0138,S010,2025-06-10,GRP,45
L005480,K0069,S018,2025-06-10,AST,60
L005481,K0138,S015,2025-06-10,BEG,30
L005482,K0032,S014,2025-06-10,AST,120
L005483,K0134,S026,2025-06-10,GRP,90
L005484,K0057,S025,2025-06-10,AST,60
L005485,K0004,S023,2025-06-10,GRP,60
L005486,K0087,S020,2025-06-10,GRP,120
L005487,K0109,S026,2025-06-10,SCH,60
L005488,K0032,S004,2025-06-10,GRP,90
L005489,K0090,S016,2025-06-10,DOK,90
L005490,K0132,S004,2025-06-10,BER,30
L005491,K0117,S001,2025-06-10,AST,45
L005492,K0144,S026,2025-06-10,SCH,120
L005493,K0076,S029,2025-06-10,AST,60
L005494,K0013,S011,2025-06-10,AST,90
L005495,K0134,S003,2025-06-10,GRP,90
L005496,K0130,S026,2025-06-11,BEG,30
L005497,K0117,S016,2025-06-11,FAL,30
L005498,K0003,S011,2025-06-11,GRP,60
L005499,K0132,S029,2025-06-11,BEG,45
L005500,K0098,S030,2025-06-11,AST,180
L005501,K0087,S005,2025-06-11,SCH,60
L005502,K0074,S030,2025-06-11,SCH,180
L005503,K0122,S004,2025-06-11,DOK,180
L005504,K0179,S017,2025-06-11,DOK,180
L005505,K0063,S013,2025-06-11,AST,45
L005506,K0157,S026,2025-06-11,AST,45
L005507,K0109,S031,2025-06-11,AST,45
L005508,K0154,S019,2025-06-11,AST,45
L005509,K0031,S002,2025-06-11,SCH,120
L005510,K0012,S001,2025-06-11,SCH,120
L005511,K0130,S022,2025-06-11,GRP,45
L005512,K0173,S027,2025-06-11,SCH,90
L005513,K0115,S003,2025-06-11,SCH,45
L005514,K0117,S017,2025-06-11,SCH,60
L005515,K0091,S005,2025-06-11,AST,180
L005516,K0002,S015,2025-06-11,FAL,180
L005517,K0156,S013,2025-06-11,AST,45
L005518,K0128,S007,2025-06-11,AST,120
L005519,K0053,S031,2025-06-11,AST,120
L005520,K0144,S015,2025-06-11,FAL,60
L005521,K0158,S012,2025-06-11,BEG,60
L005522,K0057,S026,2025-06-11,BEG,90
L005523,K0121,S023,2025-06-11,BEG,45
L005524,K0179,S030,2025-06-11,AST,45
L005525,K0090,S026,2025-06-11,SCH,60
L005526,K0055,S030,2025-06-11,GRP,180
L005527,K0156,S034,2025-06-11,SCH,60
L005528,K0112,S034,2025-06-11,DOK,180
L005529,K0137,S022,2025-06-11,DOK,45
L005530,K0116,S004,2025-06-11,GRP,120
L005531,K0105,S005,2025-06-11,AST,60
L005532,K0111,S029,2025-06-11,DOK,120
L005533,K0048,S034,2025-06-11,BEG,45
L005534,K0087,S026,2025-06-11,AST,120
L005535,K0019,S029,2025-06-11,DOK,180
L005536,K0141,S005,2025-06-11,BEG,30
L005537,K0115,S023,2025-06-11,AST,30
L005538,K0031,S005,2025-06-11,AST,90
L005539,K0145,S022,2025-06-11,SCH,120
L005540,K0017,S017,2025-06-11,BEG,90
L005541,K0137,S026,2025-06-11,AST,45
L005542,K0006,S024,2025-06-11,BER,30
L005543,K0031,S015,2025-06-11,DOK,60
L005544,K0031,S010,2025-06-11,AST,120
L005545,K0153,S014,2025-06-11,GRP,45
L005546,K0073,S008,2025-06-11,DOK,60
L005547,K0144,S014,2025-06-11,AST,180
L005548,K0025,S034,2025-06-11,DOK,120
L005549,K0028,S030,2025-06-11,DOK,60
L005550,K0094,S015,2025-06-12,BER,120
L005551,K0086,S023,2025-06-12,SCH,60
L005552,K0113,S015,2025-06-12,AST,30
L005553,K0120,S022,2025-06-12,AST,30
L005554,K0107,S008,2025-06-12,DOK,120
L005555,K0083,S017,2025-06-12,AST,60
L005556,K0118,S027,2025-06-12,BEG,120
L005557,K0131,S002,2025-06-12,DOK,180
L005558,K0116,S016,2025-06-12,SCH,90
L005559,K0001,S006,2025-06-12,GRP,30
L005560,K0134,S024,2025-06-12,AST,30
L005561,K0071,S015,2025-06-12,SCH,30
L005562,K0157,S027,2025-06-12,AST,45
L005563,K0178,S015,2025-06-12,SCH,180
L005564,K0003,S031,2025-06-12,DOK,45
L005565,K0107,S024,2025-06-12,BEG,30
L005566,K0114,S022,2025-06-12,DOK,60
L005567,K0025,S006,2025-06-12,BEG,60
L005568,K0134,S029,2025-06-12,AST,120
L005569,K0038,S007,2025-06-12,AST,60
L005570,K0112,S018,2025-06-12,DOK,45
L005571,K0123,S012,2025-06-12,DOK,120
L005572,K0068,S010,2025-06-12,GRP,60
L005573,K0018,S001,2025-06-12,GRP,60
L005574,K0059,S015,2025-06-12,SCH,180
L005575,K0165,S031,2025-06-12,AST,90
L005576,K0120,S022,2025-06-12,AST,60
L005577,K0057,S031,2025-06-12,SCH,60
L005578,K0012,S027,2025-06-12,SCH,45
L005579,K0074,S005,2025-06-12,BEG,30
L005580,K0061,S026,2025-06-12,BEG,30
L005581,K0122,S024,2025-06-12,AST,120
L005582,K0086,S007,2025-06-12,GRP,30
L005583,K0049,S013,2025-06-12,SCH,90
L005584,K0017,S020,2025-06-12,DOK,120
L005585,K0043,S026,2025-06-12,BER,60
L005586,K0017,S029,2025-06-12,SCH,30
L005587,K0072,S029,2025-06-12,GRP,180
L005588,K0072,S016,2025-06-12,AST,45
L005589,K0168,S025,2025-06-12,GRP,60
L005590,K0130,S014,2025-06-12,GRP,90
L005591,K0086,S006,2025-06-12,SCH,60
L005592,K0065,S030,2025-06-12,SCH,180
L005593,K0083,S014,2025-06-12,AST,90
L005594,K0179,S011,2025-06-12,AST,60
L005595,K0002,S019,2025-06-13,FAL,45
L005596,K0059,S014,2025-06-13,AST,30
L005597,K0092,S007,2025-06-13,BEG,60
L005598,K0063,S017,2025-06-13,BEG,60
L005599,K0115,S020,2025-06-13,SCH,90
L005600,K0012,S003,2025-06-13,FAL,180
L005601,K0018,S006,2025-06-13,SCH,90
L005602,K0142,S034,2025-06-13,AST,60
L005603,K0171,S027,2025-06-13,GRP,60
L005604,K0053,S026,2025-06-13,AST,90
L005605,K0003,S001,2025-06-13,SCH,120
L005606,K0081,S002,2025-06-13,SCH,60
L005607,K0025,S031,2025-06-13,SCH,30
L005608,K0081,S002,2025-06-13,SCH,90
L005609,K0157,S003,2025-06-13,AST,60
L005610,K0061,S025,2025-06-13,DOK,90
L005611,K0094,S018,2025-06-13,GRP,60
L005612,K0094,S010,2025-06-13,DOK,45
L005613,K0101,S003,2025-06-13,BEG,180
L005614,K0176,S023,2025-06-13,SCH,60
L005615,K0024,S030,2025-06-13,SCH,120
L005616,K0059,S001,2025-06-13,GRP,60
L005617,K0005,S006,2025-06-13,BEG,120
L005618,K0081,S020,2025-06-13,FAL,60
L005619,K0051,S016,2025-06-13,AST,60
L005620,K0140,S001,2025-06-13,AST,120
L005621,K0026,S006,2025-06-13,GRP,60
L005622,K0067,S013,2025-06-13,GRP,120
L005623,K0134,S004,2025-06-13,SCH,90
L005624,K0047,S016,2025-06-13,AST,45
L005625,K0073,S031,2025-06-13,AST,60
L005626,K0162,S026,2025-06-13,AST,60
L005627,K0030,S003,2025-06-13,GRP,45
L005628,K0147,S006,2025-06-13,DOK,30
L005629,K0010,S017,2025-06-13,SCH,60
L005630,K0071,S002,2025-06-13,AST,90
L005631,K0145,S006,2025-06-13,AST,180
L005632,K0044,S022,2025-06-16,FAL,90
L005633,K0131,S013,2025-06-16,SCH,90
L005634,K0034,S003,2025-06-16,DOK,90
L005635,K0071,S004,2025-06-16,SCH,90
L005636,K0128,S007,2025-06-16,AST,45
L005637,K0068,S031,2025-06-16,BER,90
L005638,K0127,S026,2025-06-16,BEG,180
L005639,K0120,S005,2025-06-16,SCH,180
L005640,K0004,S020,2025-06-16,GRP,30
L005641,K0138,S015,2025-06-16,BEG,90
L005642,K0039,S015,2025-06-16,AST,60
L005643,K0054,S024,2025-06-16,GRP,60
L005644,K0038,S022,2025-06-16,FAL,60
L005645,K0110,S026,2025-06-16,AST,180
L005646,K0157,S015,2025-06-16,DOK,60
L005647,K0066,S005,2025-06-16,BEG,60
L005648,K0075,S027,2025-06-16,GRP,60
L005649,K0122,S034,2025-06-16,AST,60
L005650,K0103,S031,2025-06-16,GRP,30
L005651,K0112,S004,2025-06-16,GRP,180
L005652,K0014,S026,2025-06-16,SCH,180
L005653,K0157,S003,2025-06-16,BER,90
L005654,K0042,S025,2025-06-16,BEG,180
L005655,K0040,S001,2025-06-16,AST,90
L005656,K0083,S016,2025-06-16,AST,180
L005657,K0086,S027,2025-06-16,BEG,180
L005658,K0153,S007,2025-06-16,AST,45
L005659,K0171,S025,2025-06-16,DOK,90
L005660,K0019,S020,2025-06-16,GRP,60
L005661,K0027,S025,2025-06-16,SCH,120
L005662,K0145,S010,2025-06-16,AST,30
L005663,K0093,S006,2025-06-16,GRP,30
L005664,K0059,S022,2025-06-16,AST,60
L005665,K0098,S004,2025-06-16,AST,60
L005666,K0048,S003,2025-06-16,BEG,90
L005667,K0019,S019,2025-06-16,AST,180
L005668,K0109,S015,2025-06-16,BEG,180
L005669,K0157,S034,2025-06-16,AST,60
L005670,K0132,S034,2025-06-16,SCH,180
L005671,K0054,S031,2025-06-16,DOK,60
L005672,K0160,S019,2025-06-16,FAL,180
L005673,K0012,S030,2025-06-16,SCH,90
L005674,K0171,S002,2025-06-16,FAL,60
L005675,K0123,S016,2025-06-16,BEG,90
L005676,K0071,S015,2025-06-16,BEG,45
L005677,K0039,S007,2025-06-16,AST,180
L005678,K0158,S004,2025-06-16,SCH,60
L005679,K0090,S024,2025-06-16,AST,60
L005680,K0179,S005,2025-06-16,BER,30
L005681,K0150,S003,2025-06-16,SCH,180
L005682,K0043,S017,2025-06-16,GRP,90
L005683,K0055,S016,2025-06-16,BEG,180
L005684,K0098,S003,2025-06-16,AST,45
L005685,K0039,S025,2025-06-16,AST,45
L005686,K0150,S003,2025-06-16,AST,45
L005687,K0037,S012,2025-06-17,AST,30
L005688,K0120,S003,2025-06-17,GRP,30
L005689,K0069,S019,2025-06-17,AST,180
L005690,K0049,S017,2025-06-17,AST,60
L005691,K0119,S007,2025-06-17,BER,30
L005692,K0165,S014,2025-06-17,FAL,45
L005693,K0110,S016,2025-06-17,DOK,45
L005694,K0059,S004,2025-06-17,BER,180
L005695,K0043,S022,2025-06-17,AST,180
L005696,K0006,S026,2025-06-17,AST,30
L005697,K0162,S001,2025-06-17,GRP,45
L005698,K0130,S027,2025-06-17,SCH,45
L005699,K0132,S030,2025-06-17,AST,30
L005700,K0158,S015,2025-06-17,GRP,60
L005701,K0095,S006,2025-06-17,AST,45
L005702,K0141,S003,2025-06-17,AST,60
L005703,K0036,S020,2025-06-17,GRP,45
L005704,K0076,S010,2025-06-17,GRP,60
L005705,K0008,S015,2025-06-17,BEG,60
L005706,K0086,S034,2025-06-17,BEG,30
L005707,K0107,S023,2025-06-17,AST,120
L005708,K0001,S015,2025-06-17,GRP,45
L005709,K0151,S012,2025-06-17,BEG,90
L005710,K0131,S017,2025-06-17,SCH,180
L005711,K0043,S023,2025-06-17,AST,60
L005712,K0054,S016,2025-06-17,AST,60
L005713,K0164,S022,2025-06-17,GRP,120
L005714,K0178,S022,2025-06-17,GRP,45
L005715,K0131,S008,2025-06-17,AST,180
L005716,K0140,S012,2025-06-17,SCH,60
L005717,K0068,S016,2025-06-17,FAL,60
L005718,K0109,S017,2025-06-17,AST,180
L005719,K0087,S016,2025-06-17,SCH,30
L005720,K0111,S003,2025-06-17,GRP,180
L005721,K0161,S014,2025-06-17,DOK,180
L005722,K0119,S002,2025-06-17,DOK,90
L005723,K0012,S003,2025-06-17,SCH,60
L005724,K0008,S020,2025-06-18,SCH,120
L005725,K0134,S025,2025-06-18,SCH,60
L005726,K0168,S010,2025-06-18,SCH,45
L005727,K0163,S015,2025-06-18,AST,30
L005728,K0157,S031,2025-06-18,AST,120
L005729,K0086,S013,2025-06-18,SCH,60
L005730,K0062,S010,2025-06-18,AST,45
L005731,K0161,S004,2025-06-18,AST,30
L005732,K0134,S023,2025-06-18,DOK,30
L005733,K0046,S006,2025-06-18,FAL,60
L005734,K0169,S012,2025-06-18,AST,120
L005735,K0028,S027,2025-06-18,DOK,180
L005736,K0107,S016,2025-06-18,BEG,60
L005737,K0111,S029,2025-06-18,DOK,180
L005738,K0114,S030,2025-06-18,AST,60
L005739,K0134,S017,2025-06-18,SCH,120
L005740,K0045,S017,2025-06-18,DOK,30
L005741,K0163,S008,2025-06-18,DOK,60
L005742,K0038,S017,2025-06-18,SCH,30
L005743,K0116,S023,2025-06-18,GRP,120
L005744,K0155,S034,2025-06-18,DOK,60
L005745,K0113,S018,2025-06-18,FAL,90
L005746,K0117,S001,2025-06-18,AST,60
L005747,K0121,S031,2025-06-18,SCH,90
L005748,K0116,S010,2025-06-18,DOK,30
L005749,K0127,S022,2025-06-18,BER,180
L005750,K0137,S031,2025-06-18,AST,120
L005751,K0069,S034,2025-06-18,GRP,120
L005752,K0146,S015,2025-06-18,AST,90
L005753,K0154,S015,2025-06-18,DOK,60
L005754,K0105,S022,2025-06-18,DOK,45
L005755,K0147,S029,2025-06-18,BEG,45
L005756,K0117,S017,2025-06-18,FAL,90
L005757,K0004,S006,2025-06-18,AST,60
L005758,K0059,S005,2025-06-18,SCH,120
L005759,K0142,S030,2025-06-18,AST,180
L005760,K0152,S005,2025-06-18,AST,60
L005761,K0073,S012,2025-06-18,DOK,45
L005762,K0105,S010,2025-06-18,FAL,90
L005763,K0099,S027,2025-06-18,BEG,180
L005764,K0138,S012,2025-06-18,SCH,30
L005765,K0004,S015,2025-06-18,SCH,60
L005766,K0094,S010,2025-06-18,GRP,90
L005767,K0092,S007,2025-06-18,FAL,180
L005768,K0150,S007,2025-06-19,GRP,180
L005769,K0120,S031,2025-06-19,AST,60
L005770,K0144,S023,2025-06-19,SCH,90
L005771,K0126,S031,2025-06-19,DOK,45
L005772,K0130,S023,2025-06-19,BER,60
L005773,K0158,S005,2025-06-19,DOK,120
L005774,K0073,S018,2025-06-19,AST,45
L005775,K0053,S010,2025-06-19,SCH,30
L005776,K0037,S004,2025-06-19,SCH,45
L005777,K0174,S019,2025-06-19,AST,30
L005778,K0003,S011,2025-06-19,DOK,180
L005779,K0096,S015,2025-06-19,BEG,45
L005780,K0136,S029,2025-06-19,BEG,45
L005781,K0109,S003,2025-06-19,GRP,60
L005782,K0165,S011,2025-06-19,GRP,120
L005783,K0126,S029,2025-06-19,SCH,120
L005784,K0083,S010,2025-06-19,SCH,180
L005785,K0176,S031,2025-06-19,GRP,30
L005786,K0112,S022,2025-06-19,AST,45
L005787,K0047,S001,2025-06-19,AST,60
L005788,K0073,S013,2025-06-19,SCH,90
L005789,K0095,S027,2025-06-19,GRP,45
L005790,K0145,S015,2025-06-19,GRP,90
L005791,K0037,S027,2025-06-19,DOK,120
L005792,K0110,S022,2025-06-19,BEG,60
L005793,K0042,S031,2025-06-19,BEG,120
L005794,K0129,S023,2025-06-19,AST,30
L005795,K0118,S034,2025-06-19,BER,45
L005796,K0146,S001,2025-06-19,GRP,120
L005797,K0151,S005,2025-06-19,BER,90
L005798,K0066,S025,2025-06-19,FAL,45
L005799,K0179,S004,2025-06-19,DOK,180
L005800,K0002,S010,2025-06-19,SCH,60
L005801,K0124,S002,2025-06-19,FAL,30
L005802,K0174,S017,2025-06-19,DOK,60
L005803,K0157,S012,2025-06-19,FAL,120
L005804,K0073,S013,2025-06-19,AST,180
L005805,K0140,S004,2025-06-19,AST,60
L005806,K0154,S022,2025-06-19,AST,180
L005807,K0135,S010,2025-06-19,AST,90
L005808,K0150,S006,2025-06-19,SCH,180
L005809,K0071,S030,2025-06-19,DOK,60
L005810,K0062,S024,2025-06-19,FAL,90
L005811,K0110,S018,2025-06-19,SCH,90
L005812,K0094,S004,2025-06-19,BER,120
L005813,K0062,S034,2025-06-19,AST,60
L005814,K0061,S011,2025-06-19,AST,120
L005815,K0035,S012,2025-06-20,BEG,90
L005816,K0013,S004,2025-06-20,AST,60
L005817,K0004,S029,2025-06-20,DOK,120
L005818,K0081,S016,2025-06-20,AST,60
L005819,K0025,S013,2025-06-20,FAL,45
L005820,K0034,S018,2025-06-20,AST,45
L005821,K0017,S031,2025-06-20,BEG,60
L005822,K0024,S025,2025-06-20,BEG,30
L005823,K0067,S001,2025-06-20,DOK,60
L005824,K0145,S023,2025-06-20,AST,90
L005825,K0030,S021,2025-06-20,DOK,60
L005826,K0010,S025,2025-06-20,AST,60
L005827,K0112,S014,2025-06-20,AST,30
L005828,K0131,S027,2025-06-20,DOK,45
L005829,K0073,S022,2025-06-20,AST,120
L005830,K0147,S007,2025-06-20,AST,60
L005831,K0096,S030,2025-06-20,BER,45
L005832,K0173,S016,2025-06-20,DOK,60
L005833,K0169,S026,2025-06-20,AST,90
L005834,K0039,S007,2025-06-20,SCH,45
L005835,K0174,S010,2025-06-20,GRP,120
L005836,K0134,S029,2025-06-20,SCH,60
L005837,K0051,S001,2025-06-20,AST,60
L005838,K0024,S005,2025-06-20,AST,60
L005839,K0098,S023,2025-06-20,SCH,60
L005840,K0085,S011,2025-06-20,DOK,120
L005841,K0127,S006,2025-06-20,GRP,90
L005842,K0061,S023,2025-06-20,AST,30
L005843,K0035,S013,2025-06-20,DOK,60
L005844,K0157,S023,2025-06-20,BER,30
L005845,K0003,S002,2025-06-20,BER,180
L005846,K0005,S004,2025-06-20,DOK,120
L005847,K0120,S029,2025-06-20,AST,120
L005848,K0132,S007,2025-06-20,BEG,120
L005849,K0051,S011,2025-06-20,GRP,60
L005850,K0109,S019,2025-06-20,BEG,60
L005851,K0128,S029,2025-06-20,AST,45
L005852,K0047,S006,2025-06-20,DOK,45
L005853,K0161,S010,2025-06-20,AST,45
L005854,K0081,S005,2025-06-20,AST,30
L005855,K0113,S001,2025-06-20,AST,120
L005856,K0134,S025,2025-06-20,AST,30
L005857,K0171,S010,2025-06-20,AST,60
L005858,K0114,S011,2025-06-20,AST,60
L005859,K0171,S020,2025-06-20,BEG,60
L005860,K0075,S024,2025-06-20,DOK,60
L005861,K0021,S006,2025-06-20,SCH,30
L005862,K0042,S019,2025-06-20,SCH,120
L005863,K0169,S016,2025-06-20,BEG,180
L005864,K0114,S010,2025-06-20,SCH,180
L005865,K0094,S025,2025-06-20,AST,180
L005866,K0146,S019,2025-06-20,GRP,60
L005867,K0106,S011,2025-06-20,BEG,180
L005868,K0090,S034,2025-06-20,AST,180
L005869,K0124,S012,2025-06-20,AST,60
L005870,K0095,S026,2025-06-20,BEG,60
L005871,K0136,S007,2025-06-20,AST,45
L005872,K0120,S016,2025-06-20,GRP,60
L005873,K0106,S001,2025-06-20,DOK,60
L005874,K0158,S002,2025-06-20,AST,30
L005875,K0103,S022,2025-06-23,SCH,45
L005876,K0022,S003,2025-06-23,AST,60
L005877,K0065,S019,2025-06-23,DOK,30
L005878,K0071,S007,2025-06-23,FAL,180
L005879,K0154,S007,2025-06-23,SCH,90
L005880,K0005,S017,2025-06-23,GRP,120
L005881,K0179,S031,2025-06-23,BER,120
L005882,K0121,S018,2025-06-23,BEG,180
L005883,K0119,S001,2025-06-23,SCH,30
L005884,K0091,S002,2025-06-23,AST,30
L005885,K0090,S031,2025-06-23,BEG,180
L005886,K0061,S016,2025-06-23,SCH,30
L005887,K0105,S006,2025-06-23,GRP,120
L005888,K0036,S030,2025-06-23,AST,60
L005889,K0036,S008,2025-06-23,AST,45
L005890,K0063,S008,2025-06-23,AST,30
L005891,K0111,S001,2025-06-23,GRP,60
L005892,K0042,S016,2025-06-23,AST,30
L005893,K0140,S007,2025-06-23,AST,120
L005894,K0156,S019,2025-06-23,SCH,60
L005895,K0173,S004,2025-06-23,AST,30
L005896,K0065,S021,2025-06-23,BER,60
L005897,K0123,S034,2025-06-23,SCH,30
L005898,K0048,S006,2025-06-23,BER,45
L005899,K0116,S030,2025-06-23,GRP,45
L005900,K0126,S006,2025-06-23,DOK,60
L005901,K0069,S010,2025-06-23,AST,90
L005902,K0074,S029,2025-06-23,AST,45
L005903,K0168,S027,2025-06-23,GRP,120
L005904,K0149,S022,2025-06-23,SCH,60
L005905,K0087,S011,2025-06-23,AST,60
L005906,K0109,S007,2025-06-23,AST,45
L005907,K0085,S014,2025-06-23,AST,45
L005908,K0031,S034,2025-06-23,DOK,45
L005909,K0067,S010,2025-06-23,FAL,120
L005910,K0140,S034,2025-06-23,FAL,60
L005911,K0099,S022,2025-06-23,AST,180
L005912,K0045,S018,2025-06-23,BEG,60
L005913,K0037,S001,2025-06-23,AST,120
L005914,K0043,S024,2025-06-23,BEG,60
L005915,K0169,S034,2025-06-23,AST,45
L005916,K0174,S020,2025-06-23,AST,120
L005917,K0103,S024,2025-06-23,AST,180
L005918,K0047,S025,2025-06-23,BEG,60
L005919,K0123,S030,2025-06-23,DOK,120
L005920,K0061,S027,2025-06-23,AST,60
L005921,K0061,S024,2025-06-23,AST,30
L005922,K0109,S015,2025-06-23,AST,60
L005923,K0043,S029,2025-06-23,SCH,45
L005924,K0109,S025,2025-06-23,AST,120
L005925,K0085,S016,2025-06-23,FAL,180
L005926,K0026,S014,2025-06-23,BEG,90
L005927,K0084,S027,2025-06-23,SCH,90
L005928,K0087,S002,2025-06-23,DOK,120
L005929,K0022,S031,2025-06-23,SCH,30
L005930,K0131,S027,2025-06-23,BEG,180
L005931,K0072,S015,2025-06-24,BEG,180
L005932,K0156,S022,2025-06-24,AST,60
L005933,K0068,S011,2025-06-24,SCH,60
L005934,K0013,S029,2025-06-24,GRP,45
L005935,K0002,S031,2025-06-24,DOK,120
L005936,K0127,S010,2025-06-24,BEG,45
L005937,K0144,S018,2025-06-24,BER,45
L005938,K0119,S015,2025-06-24,DOK,30
L005939,K0091,S015,2025-06-24,BEG,180
L005940,K0045,S001,2025-06-24,AST,180
L005941,K0068,S024,2025-06-24,SCH,45
L005942,K0115,S014,2025-06-24,AST,60
L005943,K0148,S034,2025-06-24,BER,90
L005944,K0158,S017,2025-06-24,SCH,60
L005945,K0062,S031,2025-06-24,AST,120
L005946,K0069,S024,2025-06-24,FAL,60
L005947,K0007,S034,2025-06-24,SCH,60
L005948,K0054,S017,2025-06-24,FAL,90
L005949,K0069,S006,2025-06-24,BEG,180
L005950,K0171,S007,2025-06-24,BEG,45
L005951,K0153,S014,2025-06-24,AST,90
L005952,K0167,S017,2025-06-24,GRP,60
L005953,K0176,S011,2025-06-24,DOK,60
L005954,K0127,S018,2025-06-24,SCH,60
L005955,K0065,S027,2025-06-24,GRP,60
L005956,K0140,S012,2025-06-24,SCH,90
L005957,K0161,S005,2025-06-24,DOK,30
L005958,K0124,S002,2025-06-24,GRP,180
L005959,K0053,S022,2025-06-24,BEG,45
L005960,K0122,S018,2025-06-24,AST,60
L005961,K0112,S022,2025-06-24,AST,30
L005962,K0092,S031,2025-06-24,SCH,180
L005963,K0071,S030,2025-06-24,AST,90
L005964,K0076,S020,2025-06-24,BEG,90
L005965,K0096,S005,2025-06-24,GRP,45
L005966,K0007,S007,2025-06-24,AST,60
L005967,K0163,S012,2025-06-24,AST,90
L005968,K0095,S015,2025-06-24,BEG,30
L005969,K0050,S010,2025-06-24,DOK,45
L005970,K0128,S012,2025-06-24,AST,45
L005971,K0137,S010,2025-06-24,SCH,60
L005972,K0107,S017,2025-06-24,SCH,60
L005973,K0115,S024,2025-06-24,SCH,120
L005974,K0114,S008,2025-06-24,GRP,90
L005975,K0057,S020,2025-06-24,AST,60
L005976,K0092,S002,2025-06-24,AST,180
L005977,K0171,S005,2025-06-24,DOK,180
L005978,K0087,S008,2025-06-24,SCH,30
L005979,K0037,S006,2025-06-24,GRP,45
L005980,K0147,S003,2025-06-24,BEG,90
L005981,K0019,S010,2025-06-24,AST,45
L005982,K0005,S018,2025-06-24,DOK,60
L005983,K0061,S007,2025-06-24,BER,30
L005984,K0145,S029,2025-06-25,DOK,30
L005985,K0130,S011,2025-06-25,AST,45
L005986,K0034,S012,2025-06-25,BEG,120
L005987,K0050,S027,2025-06-25,SCH,60
L005988,K0126,S018,2025-06-25,BEG,120
L005989,K0138,S034,2025-06-25,GRP,120
L005990,K0096,S027,2025-06-25,BEG,60
L005991,K0171,S022,2025-06-25,AST,30
L005992,K0098,S015,2025-06-25,SCH,60
L005993,K0150,S010,2025-06-25,DOK,45
L005994,K0022,S011,2025-06-25,SCH,60
L005995,K0111,S034,2025-06-25,SCH,30
L005996,K0040,S026,2025-06-25,SCH,45
L005997,K0008,S015,2025-06-25,GRP,60
L005998,K0110,S006,2025-06-25,DOK,60
L005999,K0027,S030,2025-06-25,GRP,60
L006000,K0152,S024,2025-06-25,GRP,90
L006001,K0035,S027,2025-06-25,SCH,60
L006002,K0048,S004,2025-06-25,DOK,60
L006003,K0034,S010,2025-06-25,GRP,60
L006004,K0094,S018,2025-06-25,AST,90
L006005,K0044,S004,2025-06-25,GRP,45
L006006,K0109,S002,2025-06-25,AST,45
L006007,K0068,S006,2025-06-25,FAL,30
L006008,K0124,S012,2025-06-25,SCH,90
L006009,K0134,S002,2025-06-25,SCH,120
L006010,K0158,S012,2025-06-25,SCH,60
L006011,K0054,S030,2025-06-25,BEG,180
L006012,K0111,S021,2025-06-25,DOK,120
L006013,K0091,S026,2025-06-25,BEG,60
L006014,K0010,S012,2025-06-25,AST,45
L006015,K0099,S023,2025-06-25,BEG,120
L006016,K0091,S008,2025-06-25,DOK,45
L006017,K0156,S026,2025-06-25,SCH,120
L006018,K0026,S014,2025-06-25,GRP,120
L006019,K0030,S008,2025-06-25,AST,90
L006020,K0164,S010,2025-06-25,GRP,60
L006021,K0114,S005,2025-06-25,AST,120
L006022,K0173,S029,2025-06-25,SCH,180
L006023,K0121,S023,2025-06-25,GRP,60
L006024,K0113,S012,2025-06-25,AST,180
L006025,K0006,S024,2025-06-25,AST,60
L006026,K0014,S034,2025-06-25,GRP,120
L006027,K0154,S027,2025-06-25,GRP,120
L006028,K0076,S013,2025-06-26,BEG,60
L006029,K0137,S023,2025-06-26,AST,30
L006030,K0111,S019,2025-06-26,AST,90
L006031,K0164,S034,2025-06-26,DOK,60
L006032,K0024,S027,2025-06-26,AST,30
L006033,K0154,S018,2025-06-26,AST,120
L006034,K0169,S029,2025-06-26,SCH,45
L006035,K0093,S019,2025-06-26,GRP,120
L006036,K0007,S003,2025-06-26,AST,45
L006037,K0128,S014,2025-06-26,AST,120
L006038,K0025,S030,2025-06-26,DOK,180
L006039,K0161,S002,2025-06-26,AST,180
L006040,K0128,S013,2025-06-26,GRP,180
L006041,K0039,S013,2025-06-26,GRP,60
L006042,K0168,S024,2025-06-26,AST,90
L006043,K0004,S016,2025-06-26,BEG,120
L006044,K0113,S034,2025-06-26,BER,90
L006045,K0049,S011,2025-06-26,AST,60
L006046,K0018,S006,2025-06-26,GRP,30
L006047,K0001,S006,2025-06-26,SCH,60
L006048,K0123,S014,2025-06-26,GRP,120
L006049,K0152,S009,2025-06-26,GRP,90
L006050,K0061,S006,2025-06-26,BER,60
L006051,K0132,S023,2025-06-26,SCH,45
L006052,K0019,S031,2025-06-26,SCH,120
L006053,K0034,S026,2025-06-26,SCH,180
L006054,K0112,S021,2025-06-26,SCH,45
L006055,K0094,S034,2025-06-26,AST,60
L006056,K0119,S034,2025-06-26,AST,90
L006057,K0013,S002,2025-06-26,FAL,60
L006058,K0146,S012,2025-06-26,GRP,180
L006059,K0174,S008,2025-06-26,DOK,90
L006060,K0045,S004,2025-06-26,DOK,30
L006061,K0028,S012,2025-06-26,DOK,60
L006062,K0128,S015,2025-06-26,FAL,120
L006063,K0169,S005,2025-06-26,AST,90
L006064,K0154,S008,2025-06-26,SCH,60
L006065,K0055,S004,2025-06-26,GRP,180
L006066,K0124,S008,2025-06-26,GRP,90
L006067,K0129,S004,2025-06-26,SCH,60
L006068,K0130,S027,2025-06-27,SCH,60
L006069,K0105,S017,2025-06-27,FAL,90
L006070,K0070,S020,2025-06-27,AST,30
L006071,K0134,S025,2025-06-27,SCH,60
L006072,K0153,S026,2025-06-27,BER,45
L006073,K0042,S022,2025-06-27,SCH,45
L006074,K0154,S006,2025-06-27,SCH,45
L006075,K0030,S008,2025-06-27,AST,60
L006076,K0066,S031,2025-06-27,AST,45
L006077,K0165,S003,2025-06-27,SCH,45
L006078,K0087,S003,2025-06-27,DOK,45
L006079,K0122,S010,2025-06-27,BEG,30
L006080,K0057,S020,2025-06-27,BEG,180
L006081,K0105,S020,2025-06-27,AST,120
L006082,K0066,S002,2025-06-27,BEG,90
L006083,K0149,S029,2025-06-27,AST,180
L006084,K0054,S004,2025-06-27,DOK,30
L006085,K0144,S013,2025-06-27,DOK,30
L006086,K0071,S030,2025-06-27,FAL,180
L006087,K0031,S018,2025-06-27,SCH,45
L006088,K0024,S014,2025-06-27,FAL,180
L006089,K0116,S010,2025-06-27,BEG,90
L006090,K0085,S031,2025-06-27,FAL,45
L006091,K0072,S024,2025-06-27,BER,45
L006092,K0057,S008,2025-06-27,BEG,120
L006093,K0046,S018,2025-06-27,AST,30
L006094,K0136,S002,2025-06-27,BER,90
L006095,K0025,S018,2025-06-27,AST,30
L006096,K0135,S030,2025-06-27,SCH,60
L006097,K0034,S005,2025-06-27,GRP,180
L006098,K0169,S011,2025-06-27,AST,60
L006099,K0030,S015,2025-06-27,DOK,30
L006100,K0163,S017,2025-06-27,SCH,45
L006101,K0075,S011,2025-06-27,AST,120
L006102,K0060,S023,2025-06-27,FAL,120
L006103,K0140,S034,2025-06-27,DOK,60
L006104,K0046,S013,2025-06-27,AST,60
L006105,K0123,S005,2025-06-27,SCH,60
L006106,K0104,S018,2025-06-27,DOK,90
L006107,K0026,S019,2025-06-27,SCH,60
L006108,K0158,S006,2025-06-27,AST,90
L006109,K0099,S008,2025-06-27,AST,60
L006110,K0117,S031,2025-06-27,FAL,60
L006111,K0004,S019,2025-06-27,BEG,60
L006112,K0099,S023,2025-06-27,AST,60
L006113,K0018,S016,2025-06-27,BER,30
L006114,K0025,S007,2025-06-27,BEG,45
L006115,K0150,S005,2025-06-30,DOK,90
L006116,K0092,S007,2025-06-30,AST,30
L006117,K0174,S031,2025-06-30,BEG,90
L006118,K0149,S003,2025-06-30,AST,120
L006119,K0049,S025,2025-06-30,SCH,30
L006120,K0174,S014,2025-06-30,BEG,120
L006121,K0084,S010,2025-06-30,AST,90
L006122,K0171,S016,2025-06-30,BEG,60
L006123,K0086,S008,2025-06-30,GRP,180
L006124,K0075,S021,2025-06-30,SCH,60
L006125,K0050,S029,2025-06-30,SCH,45
L006126,K0053,S019,2025-06-30,GRP,30
L006127,K0003,S034,2025-06-30,AST,120
L006128,K0155,S012,2025-06-30,BEG,60
L006129,K0107,S019,2025-06-30,BEG,180
L006130,K0157,S004,2025-06-30,AST,60
L006131,K0109,S019,2025-06-30,SCH,90
L006132,K0075,S010,2025-06-30,SCH,30
L006133,K0129,S004,2025-06-30,GRP,90
L006134,K0160,S013,2025-06-30,BEG,30
L006135,K0113,S025,2025-06-30,BER,45
L006136,K0158,S002,2025-06-30,DOK,60
L006137,K0042,S003,2025-06-30,DOK,60
L006138,K0022,S027,2025-06-30,AST,45
L006139,K0103,S025,2025-06-30,DOK,180
L006140,K0065,S006,2025-06-30,DOK,60
L006141,K0049,S010,2025-06-30,BEG,30
L006142,K0047,S029,2025-06-30,AST,60
L006143,K0103,S003,2025-06-30,SCH,60
L006144,K0110,S018,2025-06-30,AST,60
L006145,K0120,S005,2025-06-30,SCH,60
L006146,K0053,S009,2025-06-30,FAL,60
L006147,K0057,S022,2025-06-30,AST,45
L006148,K0047,S008,2025-06-30,AST,180
L006149,K0158,S019,2025-06-30,GRP,45
L006150,K0055,S012,2025-06-30,GRP,30
L006151,K0013,S019,2025-06-30,AST,30
L006152,K0071,S009,2025-06-30,SCH,60
L006153,K0163,S016,2025-06-30,SCH,30
L006154,K0173,S021,2025-06-30,AST,45
L006155,K0030,S007,2025-07-01,AST,180
L006156,K0146,S030,2025-07-01,GRP,120
L006157,K0156,S018,2025-07-01,BER,120
L006158,K0039,S030,2025-07-01,GRP,45
L006159,K0062,S031,2025-07-01,SCH,120
L006160,K0008,S020,2025-07-01,BEG,45
L006161,K0057,S020,2025-07-01,DOK,90
L006162,K0123,S008,2025-07-01,SCH,30
L006163,K0028,S020,2025-07-01,GRP,90
L006164,K0081,S008,2025-07-01,DOK,60
L006165,K0010,S022,2025-07-01,DOK,120
L006166,K0028,S026,2025-07-01,SCH,30
L006167,K0126,S027,2025-07-01,BEG,30
L006168,K0092,S001,2025-07-01,SCH,120
L006169,K0158,S005,2025-07-01,BEG,90
L006170,K0154,S012,2025-07-01,FAL,60
L006171,K0071,S019,2025-07-01,SCH,60
L006172,K0073,S019,2025-07-01,SCH,30
L006173,K0144,S020,2025-07-02,AST,45
L006174,K0061,S018,2025-07-02,SCH,30
L006175,K0003,S030,2025-07-02,BEG,120
L006176,K0111,S001,2025-07-02,DOK,60
L006177,K0028,S001,2025-07-02,GRP,180
L006178,K0136,S029,2025-07-02,BEG,180
L006179,K0110,S027,2025-07-02,SCH,180
L006180,K0099,S022,2025-07-02,FAL,30
L006181,K0006,S007,2025-07-02,SCH,120
L006182,K0159,S018,2025-07-02,GRP,45
L006183,K0032,S023,2025-07-02,FAL,180
L006184,K0128,S019,2025-07-02,SCH,90
L006185,K0114,S015,2025-07-02,SCH,45
L006186,K0084,S025,2025-07-02,DOK,30
L006187,K0144,S023,2025-07-02,BEG,45
L006188,K0084,S023,2025-07-02,AST,60
L006189,K0126,S003,2025-07-02,GRP,45
L006190,K0099,S011,2025-07-02,FAL,90
L006191,K0047,S022,2025-07-02,DOK,90
L006192,K0081,S031,2025-07-02,GRP,120
L006193,K0128,S029,2025-07-02,GRP,60
L006194,K0173,S022,2025-07-02,AST,45
L006195,K0006,S029,2025-07-02,AST,30
L006196,K0076,S006,2025-07-02,FAL,45
L006197,K0019,S031,2025-07-02,SCH,180
L006198,K0127,S002,2025-07-03,DOK,60
L006199,K0042,S012,2025-07-03,SCH,120
L006200,K0067,S014,2025-07-03,DOK,180
L006201,K0111,S023,2025-07-03,DOK,90
L006202,K0156,S010,2025-07-03,BEG,60
L006203,K0005,S006,2025-07-03,AST,90
L006204,K0085,S012,2025-07-03,SCH,180
L006205,K0034,S005,2025-07-03,SCH,60
L006206,K0036,S030,2025-07-03,GRP,90
L006207,K0034,S016,2025-07-03,GRP,45
L006208,K0176,S010,2025-07-03,AST,180
L006209,K0038,S013,2025-07-03,AST,30
L006210,K0132,S005,2025-07-03,AST,30
L006211,K0095,S020,2025-07-03,BEG,90
L006212,K0165,S004,2025-07-03,GRP,30
L006213,K0029,S026,2025-07-03,DOK,30
L006214,K0128,S005,2025-07-03,AST,30
L006215,K0174,S015,2025-07-03,AST,180
L006216,K0055,S016,2025-07-04,BEG,90
L006217,K0162,S012,2025-07-04,AST,45
L006218,K0005,S002,2025-07-04,GRP,120
L006219,K0006,S009,2025-07-04,SCH,60
L006220,K0087,S014,2025-07-04,BEG,180
L006221,K0002,S014,2025-07-04,FAL,90
L006222,K0031,S018,2025-07-04,SCH,120
L006223,K0132,S006,2025-07-04,AST,60
L006224,K0129,S005,2025-07-04,AST,45
L006225,K0120,S024,2025-07-04,BER,180
L006226,K0093,S023,2025-07-04,AST,30
L006227,K0159,S006,2025-07-04,DOK,180
L006228,K0145,S025,2025-07-04,FAL,45
L006229,K0009,S011,2025-07-04,AST,180
L006230,K0048,S012,2025-07-04,DOK,180
L006231,K0115,S031,2025-07-04,DOK,180
L006232,K0076,S010,2025-07-04,AST,60
L006233,K0140,S003,2025-07-04,AST,60
L006234,K0113,S008,2025-07-04,GRP,60
L006235,K0101,S024,2025-07-04,SCH,30
L006236,K0059,S009,2025-07-04,BEG,120
L006237,K0153,S004,2025-07-04,DOK,60
L006238,K0158,S015,2025-07-07,GRP,180
L006239,K0002,S007,2025-07-07,AST,45
L006240,K0140,S007,2025-07-07,FAL,90
L006241,K0160,S011,2025-07-07,AST,90
L006242,K0048,S009,2025-07-07,DOK,30
L006243,K0105,S020,2025-07-07,FAL,60
L006244,K0128,S022,2025-07-07,SCH,60
L006245,K0050,S022,2025-07-07,BEG,120
L006246,K0032,S026,2025-07-07,SCH,120
L006247,K0138,S004,2025-07-07,BER,120
L006248,K0099,S017,2025-07-07,AST,30
L006249,K0141,S020,2025-07-07,DOK,90
L006250,K0009,S004,2025-07-07,SCH,90
L006251,K0010,S019,2025-07-07,DOK,90
L006252,K0054,S006,2025-07-07,GRP,30
L006253,K0071,S013,2025-07-07,BEG,60
L006254,K0167,S014,2025-07-07,AST,120
L006255,K0152,S026,2025-07-07,BEG,45
L006256,K0020,S029,2025-07-07,FAL,60
L006257,K0025,S027,2025-07-07,GRP,60
L006258,K0076,S004,2025-07-07,DOK,30
L006259,K0135,S030,2025-07-07,SCH,180
L006260,K0101,S021,2025-07-07,BER,90
L006261,K0071,S007,2025-07-07,AST,90
L006262,K0069,S013,2025-07-07,SCH,60
L006263,K0070,S009,2025-07-08,SCH,90
L006264,K0173,S022,2025-07-08,DOK,60
L006265,K0025,S003,2025-07-08,AST,180
L006266,K0025,S026,2025-07-08,SCH,30
L006267,K0049,S012,2025-07-08,GRP,120
L006268,K0123,S016,2025-07-08,AST,180
L006269,K0066,S023,2025-07-08,SCH,90
L006270,K0070,S001,2025-07-08,AST,180
L006271,K0152,S010,2025-07-08,DOK,45
L006272,K0065,S005,2025-07-08,DOK,60
L006273,K0050,S017,2025-07-08,AST,60
L006274,K0069,S023,2025-07-08,SCH,180
L006275,K0007,S033,2025-07-08,BER,180
L006276,K0122,S001,2025-07-08,BEG,30
L006277,K0160,S018,2025-07-08,AST,180
L006278,K0140,S017,2025-07-08,GRP,30
L006279,K0110,S012,2025-07-08,AST,60
L006280,K0017,S006,2025-07-08,DOK,60
L006281,K0101,S034,2025-07-08,GRP,120
L006282,K0057,S018,2025-07-08,DOK,45
L006283,K0006,S021,2025-07-08,SCH,60
L006284,K0111,S006,2025-07-09,AST,180
L006285,K0073,S012,2025-07-09,AST,120
L006286,K0162,S025,2025-07-09,GRP,90
L006287,K0044,S033,2025-07-09,GRP,45
L006288,K0154,S015,2025-07-09,AST,90
L006289,K0147,S001,2025-07-09,DOK,30
L006290,K0145,S001,2025-07-09,GRP,90
L006291,K0161,S027,2025-07-09,SCH,60
L006292,K0032,S019,2025-07-09,GRP,60
L006293,K0153,S018,2025-07-09,FAL,30
L006294,K0062,S010,2025-07-09,SCH,90
L006295,K0042,S004,2025-07-09,BEG,90
L006296,K0117,S033,2025-07-09,AST,60
L006297,K0131,S012,2025-07-09,AST,180
L006298,K0040,S005,2025-07-09,BEG,45
L006299,K0003,S029,2025-07-09,AST,60
L006300,K0044,S002,2025-07-09,SCH,120
L006301,K0051,S007,2025-07-09,SCH,120
L006302,K0024,S024,2025-07-09,AST,180
L006303,K0132,S021,2025-07-09,AST,120
L006304,K0025,S020,2025-07-09,DOK,120
L006305,K0138,S001,2025-07-09,DOK,180
L006306,K0027,S023,2025-07-10,DOK,90
L006307,K0049,S033,2025-07-10,BEG,60
L006308,K0051,S031,2025-07-10,AST,90
L006309,K0116,S022,2025-07-10,AST,60
L006310,K0059,S022,2025-07-10,SCH,45
L006311,K0176,S008,2025-07-10,AST,60
L006312,K0171,S031,2025-07-10,GRP,90
L006313,K0072,S017,2025-07-10,GRP,45
L006314,K0109,S033,2025-07-10,BEG,30
L006315,K0159,S021,2025-07-10,GRP,45
L006316,K0096,S004,2025-07-10,AST,45
L006317,K0115,S001,2025-07-10,SCH,30
L006318,K0071,S015,2025-07-10,SCH,120
L006319,K0157,S012,2025-07-10,GRP,45
L006320,K0001,S005,2025-07-10,DOK,120
L006321,K0027,S004,2025-07-10,SCH,180
L006322,K0138,S016,2025-07-10,GRP,90
L006323,K0093,S029,2025-07-10,SCH,45
L006324,K0094,S017,2025-07-10,SCH,60
L006325,K0127,S012,2025-07-11,AST,30
L006326,K0018,S013,2025-07-11,GRP,45
L006327,K0021,S022,2025-07-11,BEG,60
L006328,K0006,S014,2025-07-11,AST,90
L006329,K0099,S018,2025-07-11,DOK,60
L006330,K0074,S001,2025-07-11,FAL,90
L006331,K0036,S008,2025-07-11,SCH,120
L006332,K0156,S026,2025-07-11,DOK,90
L006333,K0092,S027,2025-07-11,GRP,180
L006334,K0138,S009,2025-07-11,SCH,60
L006335,K0074,S012,2025-07-11,SCH,60
L006336,K0018,S025,2025-07-11,BER,60
L006337,K0054,S029,2025-07-11,AST,60
L006338,K0070,S002,2025-07-11,SCH,120
L006339,K0171,S007,2025-07-11,BEG,90
L006340,K0122,S020,2025-07-11,BEG,90
L006341,K0046,S030,2025-07-11,FAL,120
L006342,K0176,S026,2025-07-11,DOK,120
L006343,K0113,S010,2025-07-11,AST,60
L006344,K0111,S006,2025-07-11,DOK,45
L006345,K0086,S013,2025-07-11,AST,180
L006346,K0111,S013,2025-07-14,AST,60
L006347,K0053,S004,2025-07-14,FAL,180
L006348,K0040,S023,2025-07-14,AST,90
L006349,K0114,S022,2025-07-14,DOK,60
L006350,K0037,S012,2025-07-14,SCH,60
L006351,K0163,S025,2025-07-14,SCH,120
L006352,K0063,S022,2025-07-14,GRP,90
L006353,K0144,S014,2025-07-14,BER,90
L006354,K0135,S014,2025-07-14,DOK,60
L006355,K0141,S005,2025-07-14,BER,30
L006356,K0027,S029,2025-07-14,AST,90
L006357,K0047,S026,2025-07-14,BEG,60
L006358,K0141,S029,2025-07-14,GRP,60
L006359,K0036,S027,2025-07-14,GRP,90
L006360,K0107,S003,2025-07-14,AST,30
L006361,K0093,S011,2025-07-14,DOK,30
L006362,K0101,S020,2025-07-14,DOK,30
L006363,K0010,S020,2025-07-14,GRP,180
L006364,K0129,S004,2025-07-14,GRP,90
L006365,K0155,S018,2025-07-14,AST,60
L006366,K0063,S017,2025-07-14,AST,180
L006367,K0050,S020,2025-07-15,AST,120
L006368,K0048,S003,2025-07-15,AST,120
L006369,K0036,S010,2025-07-15,AST,120
L006370,K0070,S019,2025-07-15,AST,120
L006371,K0051,S029,2025-07-15,BEG,60
L006372,K0127,S016,2025-07-15,BEG,60
L006373,K0053,S013,2025-07-15,SCH,180
L006374,K0146,S009,2025-07-15,AST,60
L006375,K0162,S002,2025-07-15,AST,60
L006376,K0126,S021,2025-07-15,BEG,60
L006377,K0164,S002,2025-07-15,AST,90
L006378,K0005,S020,2025-07-15,SCH,180
L006379,K0096,S027,2025-07-15,SCH,30
L006380,K0149,S027,2025-07-15,AST,60
L006381,K0148,S021,2025-07-15,FAL,180
L006382,K0150,S001,2025-07-15,DOK,30
L006383,K0105,S020,2025-07-15,DOK,60
L006384,K0134,S026,2025-07-15,FAL,120
L006385,K0117,S011,2025-07-15,AST,180
L006386,K0115,S019,2025-07-15,AST,180
L006387,K0074,S002,2025-07-16,GRP,60
L006388,K0043,S008,2025-07-16,FAL,30
L006389,K0081,S026,2025-07-16,AST,90
L006390,K0165,S025,2025-07-16,AST,90
L006391,K0141,S004,2025-07-16,FAL,60
L006392,K0072,S017,2025-07-16,AST,45
L006393,K0053,S025,2025-07-16,GRP,60
L006394,K0073,S006,2025-07-16,AST,90
L006395,K0069,S025,2025-07-16,BER,60
L006396,K0137,S019,2025-07-16,DOK,90
L006397,K0072,S005,2025-07-16,BEG,45
L006398,K0096,S016,2025-07-16,BEG,45
L006399,K0040,S007,2025-07-16,BEG,60
L006400,K0111,S034,2025-07-16,AST,60
L006401,K0039,S012,2025-07-16,DOK,60
L006402,K0061,S021,2025-07-16,BEG,120
L006403,K0156,S023,2025-07-16,GRP,120
L006404,K0155,S034,2025-07-16,GRP,120
L006405,K0130,S020,2025-07-16,AST,180
L006406,K0161,S018,2025-07-16,FAL,90
L006407,K0104,S027,2025-07-16,DOK,60
L006408,K0113,S005,2025-07-16,SCH,120
L006409,K0146,S017,2025-07-16,BEG,60
L006410,K0106,S021,2025-07-17,DOK,120
L006411,K0048,S013,2025-07-17,SCH,60
L006412,K0134,S012,2025-07-17,AST,180
L006413,K0135,S023,2025-07-17,SCH,90
L006414,K0007,S016,2025-07-17,BEG,30
L006415,K0010,S023,2025-07-17,DOK,45
L006416,K0148,S013,2025-07-17,DOK,180
L006417,K0122,S033,2025-07-17,AST,30
L006418,K0148,S005,2025-07-17,BER,30
L006419,K0111,S026,2025-07-17,DOK,60
L006420,K0005,S018,2025-07-17,SCH,60
L006421,K0071,S011,2025-07-17,SCH,90
L006422,K0061,S009,2025-07-17,SCH,90
L006423,K0164,S017,2025-07-17,DOK,30
L006424,K0021,S009,2025-07-17,FAL,60
L006425,K0049,S009,2025-07-17,FAL,60
L006426,K0001,S020,2025-07-17,AST,180
L006427,K0049,S001,2025-07-18,BEG,30
L006428,K0047,S029,2025-07-18,AST,60
L006429,K0158,S009,2025-07-18,DOK,45
L006430,K0062,S005,2025-07-18,FAL,45
L006431,K0126,S001,2025-07-18,AST,45
L006432,K0053,S013,2025-07-18,FAL,60
L006433,K0025,S016,2025-07-18,GRP,60
L006434,K0019,S026,2025-07-18,BER,60
L006435,K0039,S009,2025-07-18,BER,45
L006436,K0029,S011,2025-07-18,DOK,90
L006437,K0163,S019,2025-07-18,GRP,60
L006438,K0009,S027,2025-07-18,DOK,60
L006439,K0168,S023,2025-07-18,GRP,180
L006440,K0138,S014,2025-07-18,AST,60
L006441,K0146,S033,2025-07-18,AST,45
L006442,K0066,S018,2025-07-18,FAL,90
L006443,K0088,S031,2025-07-18,AST,30
L006444,K0131,S027,2025-07-18,AST,120
L006445,K0149,S017,2025-07-18,SCH,120
L006446,K0028,S001,2025-07-18,SCH,30
L006447,K0085,S005,2025-07-21,GRP,60
L006448,K0004,S005,2025-07-21,GRP,45
L006449,K0169,S005,2025-07-21,AST,45
L006450,K0124,S026,2025-07-21,FAL,180
L006451,K0022,S024,2025-07-21,BEG,60
L006452,K0122,S033,2025-07-21,AST,90
L006453,K0169,S033,2025-07-21,SCH,120
L006454,K0167,S010,2025-07-21,GRP,60
L006455,K0163,S002,2025-07-21,FAL,180
L006456,K0085,S023,2025-07-21,BEG,120
L006457,K0094,S020,2025-07-21,BEG,60
L006458,K0019,S010,2025-07-21,DOK,90
L006459,K0081,S033,2025-07-21,SCH,180
L006460,K0157,S018,2025-07-21,AST,90
L006461,K0032,S001,2025-07-21,FAL,45
L006462,K0101,S008,2025-07-21,BER,120
L006463,K0035,S026,2025-07-21,GRP,30
L006464,K0063,S014,2025-07-21,DOK,30
L006465,K0163,S011,2025-07-21,AST,45
L006466,K0141,S009,2025-07-21,AST,45
L006467,K0037,S023,2025-07-21,GRP,60
L006468,K0018,S022,2025-07-21,BEG,120
L006469,K0160,S023,2025-07-22,SCH,90
L006470,K0005,S020,2025-07-22,SCH,120
L006471,K0168,S023,2025-07-22,DOK,120
L006472,K0085,S022,2025-07-22,DOK,60
L006473,K0084,S008,2025-07-22,FAL,90
L006474,K0127,S023,2025-07-22,DOK,45
L006475,K0099,S004,2025-07-22,SCH,90
L006476,K0119,S011,2025-07-22,BEG,45
L006477,K0126,S029,2025-07-22,AST,180
L006478,K0154,S012,2025-07-22,AST,60
L006479,K0138,S013,2025-07-22,DOK,45
L006480,K0095,S031,2025-07-22,GRP,90
L006481,K0164,S017,2025-07-22,SCH,60
L006482,K0154,S002,2025-07-22,BEG,120
L006483,K0087,S025,2025-07-22,SCH,45
L006484,K0106,S003,2025-07-22,GRP,180
L006485,K0142,S016,2025-07-22,BEG,30
L006486,K0065,S005,2025-07-22,DOK,90
L006487,K0093,S011,2025-07-23,DOK,60
L006488,K0105,S030,2025-07-23,SCH,90
L006489,K0140,S006,2025-07-23,SCH,60
L006490,K0168,S003,2025-07-23,DOK,180
L006491,K0072,S024,2025-07-23,SCH,180
L006492,K0027,S016,2025-07-23,BEG,180
L006493,K0003,S008,2025-07-23,SCH,90
L006494,K0018,S024,2025-07-23,DOK,60
L006495,K0047,S010,2025-07-23,GRP,90
L006496,K0018,S013,2025-07-23,SCH,120
L006497,K0159,S011,2025-07-23,SCH,60
L006498,K0002,S014,2025-07-23,DOK,45
L006499,K0094,S031,2025-07-23,DOK,30
L006500,K0120,S025,2025-07-23,BEG,60
L006501,K0145,S002,2025-07-23,FAL,120
L006502,K0150,S019,2025-07-23,AST,90
L006503,K0067,S024,2025-07-23,AST,30
L006504,K0128,S031,2025-07-23,BEG,90
L006505,K0105,S009,2025-07-23,DOK,60
L006506,K0047,S034,2025-07-24,GRP,30
L006507,K0074,S006,2025-07-24,AST,90
L006508,K0106,S016,2025-07-24,AST,180
L006509,K0113,S027,2025-07-24,DOK,120
L006510,K0024,S030,2025-07-24,AST,60
L006511,K0130,S024,2025-07-24,DOK,30
L006512,K0164,S003,2025-07-24,DOK,60
L006513,K0093,S014,2025-07-24,SCH,30
L006514,K0022,S008,2025-07-24,AST,120
L006515,K0020,S018,2025-07-24,SCH,180
L006516,K0145,S005,2025-07-24,FAL,30
L006517,K0024,S012,2025-07-24,FAL,90
L006518,K0112,S029,2025-07-24,AST,30
L006519,K0096,S027,2025-07-24,AST,60
L006520,K0005,S034,2025-07-24,DOK,60
L006521,K0027,S034,2025-07-24,GRP,60
L006522,K0053,S018,2025-07-24,AST,30
L006523,K0073,S017,2025-07-24,GRP,120
L006524,K0138,S003,2025-07-25,AST,180
L006525,K0090,S011,2025-07-25,AST,90
L006526,K0026,S017,2025-07-25,SCH,60
L006527,K0091,S031,2025-07-25,AST,90
L006528,K0039,S019,2025-07-25,GRP,120
L006529,K0135,S030,2025-07-25,BER,180
L006530,K0066,S034,2025-07-25,FAL,180
L006531,K0076,S003,2025-07-25,AST,60
L006532,K0081,S008,2025-07-25,AST,90
L006533,K0154,S021,2025-07-25,DOK,30
L006534,K0053,S030,2025-07-25,FAL,90
L006535,K0039,S016,2025-07-25,FAL,30
L006536,K0163,S008,2025-07-25,SCH,180
L006537,K0115,S022,2025-07-25,AST,30
L006538,K0049,S004,2025-07-25,AST,30
L006539,K0045,S025,2025-07-25,SCH,60
L006540,K0112,S006,2025-07-25,SCH,120
L006541,K0085,S025,2025-07-25,AST,30
L006542,K0065,S014,2025-07-25,SCH,90
L006543,K0036,S003,2025-07-25,AST,60
L006544,K0130,S002,2025-07-25,AST,60
L006545,K0062,S002,2025-07-25,AST,60
L006546,K0026,S025,2025-07-25,DOK,120
L006547,K0048,S005,2025-07-25,GRP,30
L006548,K0062,S033,2025-07-25,AST,180
L006549,K0067,S004,2025-07-25,GRP,60
L006550,K0109,S018,2025-07-28,SCH,45
L006551,K0092,S025,2025-07-28,SCH,60
L006552,K0037,S033,2025-07-28,DOK,60
L006553,K0055,S009,2025-07-28,SCH,180
L006554,K0004,S007,2025-07-28,AST,30
L006555,K0051,S025,2025-07-28,GRP,60
L006556,K0107,S014,2025-07-28,BER,60
L006557,K0169,S014,2025-07-28,AST,60
L006558,K0129,S015,2025-07-28,AST,30
L006559,K0003,S026,2025-07-28,GRP,45
L006560,K0137,S002,2025-07-28,SCH,45
L006561,K0066,S026,2025-07-28,SCH,30
L006562,K0027,S016,2025-07-28,DOK,60
L006563,K0022,S025,2025-07-28,SCH,120
L006564,K0164,S033,2025-07-28,AST,45
L006565,K0017,S017,2025-07-28,DOK,60
L006566,K0123,S014,2025-07-28,DOK,60
L006567,K0144,S008,2025-07-28,GRP,45
L006568,K0068,S021,2025-07-28,AST,30
L006569,K0001,S029,2025-07-28,AST,90
L006570,K0038,S033,2025-07-29,BER,60
L006571,K0031,S014,2025-07-29,AST,90
L006572,K0107,S018,2025-07-29,SCH,90
L006573,K0024,S025,2025-07-29,BEG,60
L006574,K0135,S016,2025-07-29,DOK,60
L006575,K0021,S013,2025-07-29,GRP,45
L006576,K0117,S020,2025-07-29,GRP,90
L006577,K0135,S005,2025-07-29,DOK,90
L006578,K0104,S019,2025-07-29,AST,90
L006579,K0073,S009,2025-07-29,AST,120
L006580,K0114,S017,2025-07-29,AST,60
L006581,K0009,S008,2025-07-29,BEG,60
L006582,K0138,S019,2025-07-29,AST,90
L006583,K0034,S033,2025-07-29,BEG,45
L006584,K0059,S001,2025-07-29,GRP,45
L006585,K0018,S002,2025-07-29,SCH,180
L006586,K0144,S004,2025-07-29,SCH,90
L006587,K0104,S013,2025-07-29,AST,90
L006588,K0050,S022,2025-07-30,AST,60
L006589,K0120,S007,2025-07-30,GRP,30
L006590,K0049,S016,2025-07-30,BEG,60
L006591,K0039,S026,2025-07-30,SCH,90
L006592,K0008,S031,2025-07-30,DOK,45
L006593,K0122,S025,2025-07-30,SCH,60
L006594,K0150,S014,2025-07-30,GRP,90
L006595,K0105,S025,2025-07-30,GRP,90
L006596,K0009,S012,2025-07-30,AST,180
L006597,K0073,S006,2025-07-30,AST,30
L006598,K0163,S008,2025-07-30,DOK,30
L006599,K0070,S003,2025-07-30,SCH,60
L006600,K0161,S005,2025-07-30,BEG,90
L006601,K0092,S012,2025-07-30,BEG,30
L006602,K0010,S004,2025-07-30,SCH,30
L006603,K0086,S003,2025-07-30,SCH,90
L006604,K0147,S025,2025-07-30,AST,60
L006605,K0004,S008,2025-07-30,SCH,90
L006606,K0089,S018,2025-07-30,BEG,120
L006607,K0054,S031,2025-07-31,AST,45
L006608,K0002,S033,2025-07-31,BEG,90
L006609,K0161,S021,2025-07-31,GRP,60
L006610,K0008,S026,2025-07-31,FAL,30
L006611,K0129,S006,2025-07-31,AST,60
L006612,K0166,S027,2025-07-31,AST,60
L006613,K0026,S027,2025-07-31,BEG,60
L006614,K0119,S018,2025-07-31,SCH,60
L006615,K0115,S013,2025-07-31,BER,90
L006616,K0119,S017,2025-07-31,SCH,120
L006617,K0013,S007,2025-07-31,DOK,60
L006618,K0054,S008,2025-07-31,AST,180
L006619,K0065,S017,2025-07-31,AST,180
L006620,K0082,S022,2025-07-31,SCH,60
L006621,K0109,S021,2025-07-31,GRP,30
L006622,K0045,S002,2025-07-31,DOK,60
L006623,K0038,S019,2025-07-31,BER,30
L006624,K0040,S020,2025-07-31,AST,45
L006625,K0082,S020,2025-08-01,SCH,60
L006626,K0037,S022,2025-08-01,AST,180
L006627,K0096,S010,2025-08-01,DOK,180
L006628,K0103,S007,2025-08-01,BEG,180
L006629,K0046,S020,2025-08-01,AST,30
L006630,K0038,S010,2025-08-01,DOK,60
L006631,K0002,S011,2025-08-01,BEG,90
L006632,K0066,S018,2025-08-01,AST,90
L006633,K0028,S015,2025-08-01,GRP,180
L006634,K0115,S018,2025-08-01,FAL,60
L006635,K0018,S003,2025-08-01,DOK,45
L006636,K0169,S002,2025-08-01,SCH,120
L006637,K0036,S008,2025-08-01,DOK,30
L006638,K0063,S034,2025-08-01,AST,120
L006639,K0049,S031,2025-08-01,DOK,60
L006640,K0105,S008,2025-08-01,DOK,30
L006641,K0091,S013,2025-08-01,SCH,60
L006642,K0141,S013,2025-08-01,AST,60
L006643,K0158,S002,2025-08-01,GRP,60
L006644,K0160,S022,2025-08-01,BEG,60
L006645,K0101,S010,2025-08-01,DOK,90
L006646,K0131,S019,2025-08-01,DOK,45
L006647,K0176,S025,2025-08-04,BEG,180
L006648,K0127,S034,2025-08-04,GRP,30
L006649,K0074,S008,2025-08-04,AST,60
L006650,K0045,S026,2025-08-04,GRP,120
L006651,K0162,S026,2025-08-04,GRP,120
L006652,K0001,S019,2025-08-04,SCH,120
L006653,K0037,S010,2025-08-04,SCH,60
L006654,K0178,S031,2025-08-04,FAL,45
L006655,K0135,S001,2025-08-04,DOK,120
L006656,K0150,S034,2025-08-04,BEG,60
L006657,K0167,S033,2025-08-04,DOK,180
L006658,K0169,S022,2025-08-04,DOK,60
L006659,K0163,S011,2025-08-04,AST,60
L006660,K0001,S023,2025-08-04,SCH,60
L006661,K0162,S001,2025-08-04,SCH,30
L006662,K0076,S026,2025-08-04,DOK,180
L006663,K0119,S014,2025-08-04,BER,180
L006664,K0069,S030,2025-08-05,BEG,120
L006665,K0170,S018,2025-08-05,AST,60
L006666,K0005,S031,2025-08-05,SCH,45
L006667,K0087,S020,2025-08-05,AST,45
L006668,K0069,S031,2025-08-05,AST,60
L006669,K0074,S020,2025-08-05,AST,30
L006670,K0050,S009,2025-08-05,AST,60
L006671,K0155,S010,2025-08-05,AST,45
L006672,K0001,S031,2025-08-05,SCH,90
L006673,K0119,S018,2025-08-05,AST,45
L006674,K0037,S022,2025-08-05,AST,180
L006675,K0085,S031,2025-08-05,AST,30
L006676,K0132,S005,2025-08-05,AST,60
L006677,K0116,S008,2025-08-05,BEG,90
L006678,K0166,S006,2025-08-05,GRP,60
L006679,K0164,S025,2025-08-05,SCH,45
L006680,K0030,S016,2025-08-05,BEG,90
L006681,K0135,S013,2025-08-05,DOK,60
L006682,K0007,S008,2025-08-05,BEG,45
L006683,K0090,S006,2025-08-05,BEG,90
L006684,K0085,S009,2025-08-05,AST,120
L006685,K0124,S002,2025-08-06,AST,60
L006686,K0140,S017,2025-08-06,AST,120
L006687,K0119,S010,2025-08-06,AST,30
L006688,K0135,S007,2025-08-06,BEG,45
L006689,K0145,S002,2025-08-06,DOK,180
L006690,K0048,S034,2025-08-06,BEG,30
L006691,K0021,S015,2025-08-06,SCH,90
L006692,K0169,S010,2025-08-06,GRP,180
L006693,K0131,S004,2025-08-06,AST,60
L006694,K0007,S002,2025-08-06,GRP,90
L006695,K0144,S031,2025-08-06,BEG,45
L006696,K0037,S013,2025-08-06,SCH,60
L006697,K0001,S010,2025-08-06,GRP,60
L006698,K0112,S022,2025-08-06,AST,30
L006699,K0166,S033,2025-08-06,GRP,60
L006700,K0124,S008,2025-08-06,SCH,60
L006701,K0045,S022,2025-08-06,DOK,60
L006702,K0110,S031,2025-08-06,BER,90
L006703,K0154,S017,2025-08-06,GRP,45
L006704,K0123,S034,2025-08-06,AST,30
L006705,K0159,S031,2025-08-07,GRP,120
L006706,K0019,S013,2025-08-07,SCH,120
L006707,K0047,S026,2025-08-07,AST,180
L006708,K0161,S015,2025-08-07,SCH,30
L006709,K0042,S002,2025-08-07,GRP,90
L006710,K0049,S013,2025-08-07,DOK,60
L006711,K0151,S007,2025-08-07,AST,45
L006712,K0127,S019,2025-08-07,AST,120
L006713,K0169,S014,2025-08-07,BEG,90
L006714,K0147,S008,2025-08-07,AST,180
L006715,K0142,S026,2025-08-07,AST,45
L006716,K0089,S030,2025-08-07,GRP,60
L006717,K0007,S011,2025-08-07,SCH,60
L006718,K0160,S029,2025-08-07,BEG,180
L006719,K0057,S034,2025-08-07,GRP,45
L006720,K0142,S005,2025-08-07,SCH,45
L006721,K0130,S005,2025-08-07,AST,120
L006722,K0035,S011,2025-08-07,DOK,180
L006723,K0071,S029,2025-08-07,SCH,45
L006724,K0106,S030,2025-08-07,AST,120
L006725,K0126,S004,2025-08-07,AST,180
L006726,K0143,S012,2025-08-08,GRP,180
L006727,K0072,S020,2025-08-08,AST,90
L006728,K0017,S027,2025-08-08,DOK,120
L006729,K0022,S012,2025-08-08,BEG,120
L006730,K0138,S026,2025-08-08,DOK,60
L006731,K0158,S030,2025-08-08,AST,120
L006732,K0127,S034,2025-08-08,BEG,60
L006733,K0083,S031,2025-08-08,DOK,180
L006734,K0075,S001,2025-08-08,AST,60
L006735,K0034,S027,2025-08-08,AST,180
L006736,K0130,S006,2025-08-08,AST,180
L006737,K0037,S004,2025-08-08,GRP,180
L006738,K0156,S012,2025-08-08,AST,45
L006739,K0129,S015,2025-08-08,FAL,60
L006740,K0149,S014,2025-08-08,AST,120
L006741,K0090,S010,2025-08-08,AST,180
L006742,K0096,S003,2025-08-08,AST,180
L006743,K0022,S001,2025-08-08,AST,45
L006744,K0092,S023,2025-08-08,AST,30
L006745,K0145,S001,2025-08-08,BEG,180
L006746,K0142,S017,2025-08-08,GRP,60
L006747,K0032,S019,2025-08-08,FAL,45
L006748,K0109,S015,2025-08-08,DOK,30
L006749,K0143,S012,2025-08-08,FAL,60
L006750,K0152,S029,2025-08-11,DOK,45
L006751,K0147,S012,2025-08-11,FAL,120
L006752,K0045,S020,2025-08-11,BER,30
L006753,K0068,S003,2025-08-11,DOK,45
L006754,K0155,S027,2025-08-11,SCH,120
L006755,K0114,S014,2025-08-11,AST,30
L006756,K0071,S013,2025-08-11,AST,45
L006757,K0127,S017,2025-08-11,SCH,45
L006758,K0069,S010,2025-08-11,AST,90
L006759,K0088,S014,2025-08-11,BEG,90
L006760,K0024,S004,2025-08-11,SCH,45
L006761,K0124,S027,2025-08-11,SCH,120
L006762,K0088,S006,2025-08-11,GRP,120
L006763,K0114,S006,2025-08-11,DOK,180
L006764,K0104,S011,2025-08-11,FAL,180
L006765,K0003,S021,2025-08-11,BEG,60
L006766,K0160,S012,2025-08-11,AST,60
L006767,K0085,S001,2025-08-11,SCH,90
L006768,K0042,S006,2025-08-11,AST,180
L006769,K0093,S005,2025-08-11,DOK,60
L006770,K0087,S034,2025-08-11,DOK,120
L006771,K0132,S009,2025-08-11,DOK,60
L006772,K0117,S026,2025-08-11,SCH,60
L006773,K0082,S001,2025-08-12,DOK,180
L006774,K0089,S013,2025-08-12,AST,180
L006775,K0154,S021,2025-08-12,GRP,90
L006776,K0122,S027,2025-08-12,BEG,60
L006777,K0010,S003,2025-08-12,AST,60
L006778,K0159,S017,2025-08-12,SCH,30
L006779,K0071,S034,2025-08-12,SCH,180
L006780,K0013,S016,2025-08-12,SCH,180
L006781,K0059,S005,2025-08-12,AST,60
L006782,K0056,S011,2025-08-12,SCH,60
L006783,K0047,S025,2025-08-12,AST,60
L006784,K0105,S019,2025-08-12,BEG,180
L006785,K0159,S013,2025-08-12,AST,45
L006786,K0075,S020,2025-08-12,AST,90
L006787,K0032,S008,2025-08-12,BER,90
L006788,K0008,S019,2025-08-12,DOK,90
L006789,K0143,S029,2025-08-12,AST,180
L006790,K0158,S030,2025-08-12,BEG,60
L006791,K0157,S011,2025-08-12,GRP,120
L006792,K0036,S029,2025-08-12,GRP,60
L006793,K0065,S010,2025-08-12,AST,120
L006794,K0096,S008,2025-08-12,BEG,60
L006795,K0103,S009,2025-08-13,SCH,60
L006796,K0068,S014,2025-08-13,BEG,180
L006797,K0045,S001,2025-08-13,SCH,60
L006798,K0157,S001,2025-08-13,FAL,60
L006799,K0117,S004,2025-08-13,GRP,180
L006800,K0037,S016,2025-08-13,AST,180
L006801,K0065,S018,2025-08-13,GRP,45
L006802,K0054,S014,2025-08-13,AST,60
L006803,K0097,S030,2025-08-13,SCH,60
L006804,K0151,S020,2025-08-13,AST,45
L006805,K0162,S022,2025-08-13,SCH,90
L006806,K0169,S007,2025-08-13,DOK,90
L006807,K0169,S029,2025-08-13,SCH,180
L006808,K0061,S002,2025-08-13,BER,30
L006809,K0083,S006,2025-08-13,BER,60
L006810,K0113,S017,2025-08-13,DOK,60
L006811,K0059,S022,2025-08-13,DOK,60
L006812,K0167,S034,2025-08-13,AST,60
L006813,K0035,S012,2025-08-13,GRP,180
L006814,K0017,S003,2025-08-13,BER,180
L006815,K0046,S011,2025-08-13,SCH,120
L006816,K0137,S030,2025-08-14,DOK,45
L006817,K0153,S025,2025-08-14,DOK,60
L006818,K0082,S018,2025-08-14,AST,90
L006819,K0086,S026,2025-08-14,AST,90
L006820,K0022,S008,2025-08-14,BER,120
L006821,K0002,S011,2025-08-14,BEG,180
L006822,K0173,S017,2025-08-14,SCH,60
L006823,K0026,S009,2025-08-14,DOK,60
L006824,K0085,S005,2025-08-14,AST,120
L006825,K0116,S013,2025-08-14,AST,180
L006826,K0076,S034,2025-08-14,SCH,60
L006827,K0160,S002,2025-08-14,AST,90
L006828,K0006,S001,2025-08-14,SCH,45
L006829,K0049,S017,2025-08-14,GRP,90
L006830,K0065,S005,2025-08-14,AST,120
L006831,K0158,S010,2025-08-14,BEG,60
L006832,K0081,S004,2025-08-14,BEG,90
L006833,K0002,S010,2025-08-14,AST,120
L006834,K0111,S001,2025-08-14,GRP,60
L006835,K0053,S033,2025-08-14,AST,60
L006836,K0174,S015,2025-08-14,FAL,30
L006837,K0157,S021,2025-08-14,BEG,45
L006838,K0150,S003,2025-08-15,SCH,60
L006839,K0111,S015,2025-08-15,AST,45
L006840,K0004,S021,2025-08-15,BER,180
L006841,K0128,S021,2025-08-15,BEG,180
L006842,K0014,S010,2025-08-15,AST,90
L006843,K0063,S011,2025-08-15,DOK,120
L006844,K0074,S030,2025-08-15,DOK,60
L006845,K0068,S014,2025-08-15,AST,60
L006846,K0001,S031,2025-08-15,DOK,60
L006847,K0165,S012,2025-08-15,DOK,180
L006848,K0097,S007,2025-08-15,SCH,180
L006849,K0166,S033,2025-08-15,GRP,90
L006850,K0126,S004,2025-08-15,AST,30
L006851,K0153,S007,2025-08-15,AST,60
L006852,K0119,S018,2025-08-15,AST,120
L006853,K0111,S010,2025-08-15,DOK,30
L006854,K0029,S029,2025-08-15,AST,60
L006855,K0134,S034,2025-08-15,BEG,45
L006856,K0051,S002,2025-08-15,AST,180
L006857,K0068,S015,2025-08-15,AST,60
L006858,K0026,S030,2025-08-18,SCH,60
L006859,K0028,S006,2025-08-18,BER,60
L006860,K0154,S027,2025-08-18,SCH,60
L006861,K0137,S026,2025-08-18,FAL,60
L006862,K0096,S006,2025-08-18,DOK,90
L006863,K0168,S009,2025-08-18,FAL,180
L006864,K0115,S008,2025-08-18,AST,30
L006865,K0113,S033,2025-08-18,GRP,60
L006866,K0138,S011,2025-08-18,GRP,60
L006867,K0060,S026,2025-08-18,SCH,30
L006868,K0053,S033,2025-08-18,SCH,180
L006869,K0137,S033,2025-08-18,GRP,180
L006870,K0097,S005,2025-08-18,AST,45
L006871,K0029,S019,2025-08-18,GRP,45
L006872,K0074,S026,2025-08-18,AST,30
L006873,K0140,S027,2025-08-18,GRP,120
L006874,K0166,S019,2025-08-18,BEG,90
L006875,K0114,S018,2025-08-18,AST,60
L006876,K0083,S019,2025-08-18,AST,180
L006877,K0158,S012,2025-08-18,BEG,45
L006878,K0048,S016,2025-08-18,FAL,60
L006879,K0067,S026,2025-08-18,AST,60
L006880,K0085,S034,2025-08-18,BEG,180
L006881,K0090,S017,2025-08-18,SCH,60
L006882,K0085,S003,2025-08-18,DOK,60
L006883,K0004,S016,2025-08-19,AST,120
L006884,K0006,S030,2025-08-19,BER,60
L006885,K0002,S012,2025-08-19,BER,120
L006886,K0097,S011,2025-08-19,FAL,180
L006887,K0137,S010,2025-08-19,DOK,180
L006888,K0168,S033,2025-08-19,GRP,60
L006889,K0090,S005,2025-08-19,AST,60
L006890,K0018,S012,2025-08-19,BER,45
L006891,K0115,S013,2025-08-19,AST,60
L006892,K0049,S002,2025-08-19,GRP,30
L006893,K0060,S004,2025-08-19,AST,45
L006894,K0086,S016,2025-08-19,AST,30
L006895,K0117,S012,2025-08-19,BER,45
L006896,K0103,S008,2025-08-19,DOK,180
L006897,K0143,S004,2025-08-19,DOK,120
L006898,K0053,S026,2025-08-19,BEG,45
L006899,K0031,S029,2025-08-19,BER,180
L006900,K0054,S012,2025-08-20,AST,180
L006901,K0113,S012,2025-08-20,BEG,120
L006902,K0010,S020,2025-08-20,DOK,60
L006903,K0156,S025,2025-08-20,GRP,90
L006904,K0168,S011,2025-08-20,BEG,30
L006905,K0049,S031,2025-08-20,AST,120
L006906,K0003,S020,2025-08-20,AST,120
L006907,K0129,S017,2025-08-20,GRP,180
L006908,K0112,S006,2025-08-20,SCH,60
L006909,K0116,S019,2025-08-20,AST,60
L006910,K0021,S027,2025-08-20,GRP,180
L006911,K0114,S018,2025-08-20,FAL,60
L006912,K0013,S033,2025-08-20,AST,180
L006913,K0026,S005,2025-08-20,AST,90
L006914,K0066,S009,2025-08-20,DOK,90
L006915,K0099,S011,2025-08-20,AST,90
L006916,K0148,S034,2025-08-20,BEG,60
L006917,K0084,S002,2025-08-20,AST,60
L006918,K0157,S005,2025-08-20,AST,45
L006919,K0035,S020,2025-08-20,AST,60
L006920,K0088,S014,2025-08-21,SCH,180
L006921,K0176,S001,2025-08-21,AST,120
L006922,K0145,S031,2025-08-21,GRP,60
L006923,K0045,S018,2025-08-21,GRP,45
L006924,K0130,S005,2025-08-21,AST,90
L006925,K0081,S026,2025-08-21,DOK,60
L006926,K0160,S015,2025-08-21,SCH,120
L006927,K0073,S009,2025-08-21,SCH,180
L006928,K0174,S021,2025-08-21,AST,30
L006929,K0115,S023,2025-08-21,BEG,180
L006930,K0123,S033,2025-08-21,GRP,60
L006931,K0170,S026,2025-08-21,DOK,120
L006932,K0136,S003,2025-08-21,BEG,180
L006933,K0101,S010,2025-08-21,SCH,30
L006934,K0069,S003,2025-08-21,SCH,180
L006935,K0023,S012,2025-08-21,BEG,60
L006936,K0068,S007,2025-08-21,BEG,60
L006937,K0026,S029,2025-08-21,BEG,30
L006938,K0038,S003,2025-08-21,SCH,60
L006939,K0160,S006,2025-08-21,AST,60
L006940,K0144,S001,2025-08-22,SCH,45
L006941,K0109,S001,2025-08-22,BEG,30
L006942,K0007,S008,2025-08-22,SCH,60
L006943,K0163,S033,2025-08-22,BEG,30
L006944,K0156,S009,2025-08-22,BEG,90
L006945,K0151,S022,2025-08-22,FAL,90
L006946,K0023,S014,2025-08-22,FAL,60
L006947,K0038,S022,2025-08-22,GRP,60
L006948,K0006,S034,2025-08-22,SCH,60
L006949,K0096,S014,2025-08-22,GRP,180
L006950,K0124,S026,2025-08-22,DOK,30
L006951,K0178,S014,2025-08-22,SCH,60
L006952,K0062,S005,2025-08-22,AST,60
L006953,K0168,S016,2025-08-22,GRP,60
L006954,K0010,S025,2025-08-22,GRP,30
L006955,K0001,S026,2025-08-22,BEG,45
L006956,K0114,S009,2025-08-22,AST,60
L006957,K0120,S031,2025-08-22,AST,30
L006958,K0157,S016,2025-08-22,AST,120
L006959,K0061,S027,2025-08-22,BEG,90
L006960,K0072,S033,2025-08-22,DOK,45
L006961,K0136,S007,2025-08-25,GRP,30
L006962,K0088,S012,2025-08-25,AST,60
L006963,K0083,S029,2025-08-25,AST,60
L006964,K0063,S027,2025-08-25,AST,90
L006965,K0075,S020,2025-08-25,DOK,60
L006966,K0023,S029,2025-08-25,BER,180
L006967,K0101,S004,2025-08-25,SCH,120
L006968,K0038,S023,2025-08-25,BEG,90
L006969,K0137,S012,2025-08-25,BEG,120
L006970,K0154,S010,2025-08-25,BER,45
L006971,K0010,S002,2025-08-25,BEG,180
L006972,K0089,S006,2025-08-25,SCH,60
L006973,K0093,S015,2025-08-25,SCH,120
L006974,K0098,S021,2025-08-25,AST,45
L006975,K0144,S009,2025-08-25,SCH,90
L006976,K0060,S023,2025-08-25,SCH,180
L006977,K0022,S027,2025-08-25,DOK,45
L006978,K0059,S007,2025-08-25,AST,30
L006979,K0029,S007,2025-08-25,AST,60
L006980,K0141,S006,2025-08-25,SCH,60
L006981,K0103,S025,2025-08-26,AST,30
L006982,K0128,S013,2025-08-26,BEG,60
L006983,K0019,S021,2025-08-26,BEG,180
L006984,K0018,S001,2025-08-26,SCH,60
L006985,K0113,S021,2025-08-26,GRP,60
L006986,K0116,S016,2025-08-26,DOK,180
L006987,K0087,S031,2025-08-26,AST,60
L006988,K0117,S021,2025-08-26,AST,45
L006989,K0051,S007,2025-08-26,GRP,90
L006990,K0101,S018,2025-08-26,SCH,45
L006991,K0002,S002,2025-08-26,AST,60
L006992,K0171,S012,2025-08-26,FAL,30
L006993,K0087,S010,2025-08-26,SCH,60
L006994,K0051,S008,2025-08-26,DOK,45
L006995,K0141,S021,2025-08-26,FAL,120
L006996,K0143,S001,2025-08-26,BEG,180
L006997,K0067,S011,2025-08-26,AST,30
L006998,K0175,S022,2025-08-26,BEG,60
L006999,K0045,S002,2025-08-26,SCH,90
L007000,K0111,S018,2025-08-26,GRP,45
L007001,K0099,S018,2025-08-26,BEG,60
L007002,K0115,S004,2025-08-26,AST,45
L007003,K0067,S001,2025-08-27,BEG,60
L007004,K0073,S026,2025-08-27,SCH,60
L007005,K0146,S003,2025-08-27,SCH,90
L007006,K0035,S029,2025-08-27,BER,45
L007007,K0136,S030,2025-08-27,AST,30
L007008,K0003,S003,2025-08-27,AST,180
L007009,K0105,S017,2025-08-27,BER,90
L007010,K0019,S017,2025-08-27,GRP,90
L007011,K0056,S002,2025-08-27,SCH,60
L007012,K0105,S010,2025-08-27,DOK,45
L007013,K0169,S015,2025-08-27,BEG,180
L007014,K0099,S005,2025-08-27,AST,120
L007015,K0034,S005,2025-08-27,DOK,180
L007016,K0174,S013,2025-08-27,SCH,30
L007017,K0154,S017,2025-08-27,AST,60
L007018,K0170,S008,2025-08-28,DOK,60
L007019,K0175,S017,2025-08-28,AST,45
L007020,K0055,S034,2025-08-28,BEG,120
L007021,K0074,S029,2025-08-28,SCH,60
L007022,K0047,S034,2025-08-28,BER,180
L007023,K0174,S006,2025-08-28,BER,60
L007024,K0138,S030,2025-08-28,AST,60
L007025,K0081,S033,2025-08-28,BEG,180
L007026,K0068,S029,2025-08-28,BEG,60
L007027,K0094,S031,2025-08-28,DOK,180
L007028,K0124,S008,2025-08-28,DOK,30
L007029,K0080,S016,2025-08-28,SCH,90
L007030,K0142,S031,2025-08-28,AST,30
L007031,K0005,S022,2025-08-28,DOK,180
L007032,K0087,S023,2025-08-28,GRP,90
L007033,K0047,S010,2025-08-28,DOK,60
L007034,K0059,S014,2025-08-28,DOK,60
L007035,K0083,S004,2025-08-28,GRP,60
L007036,K0066,S021,2025-08-28,GRP,60
L007037,K0129,S015,2025-08-28,GRP,180
L007038,K0111,S010,2025-08-28,FAL,60
L007039,K0044,S020,2025-08-28,BEG,120
L007040,K0127,S001,2025-08-29,SCH,30
L007041,K0148,S031,2025-08-29,FAL,120
L007042,K0037,S010,2025-08-29,GRP,45
L007043,K0105,S030,2025-08-29,BER,30
L007044,K0156,S009,2025-08-29,AST,45
L007045,K0008,S002,2025-08-29,AST,180
L007046,K0037,S010,2025-08-29,GRP,180
L007047,K0053,S005,2025-08-29,BEG,180
L007048,K0069,S015,2025-08-29,GRP,90
L007049,K0120,S010,2025-08-29,AST,45
L007050,K0085,S008,2025-08-29,GRP,60
L007051,K0136,S008,2025-08-29,SCH,120
L007052,K0075,S025,2025-08-29,AST,120
L007053,K0071,S023,2025-08-29,BEG,120
L007054,K0069,S034,2025-08-29,BEG,45
L007055,K0080,S003,2025-08-29,AST,30
L007056,K0022,S023,2025-08-29,AST,45
L007057,K0045,S030,2025-08-29,DOK,30
L007058,K0005,S011,2025-08-29,AST,60
L007059,K0158,S011,2025-09-01,SCH,180
L007060,K0175,S031,2025-09-01,SCH,90
L007061,K0145,S005,2025-09-01,GRP,180
L007062,K0019,S029,2025-09-01,DOK,60
L007063,K0169,S005,2025-09-01,AST,45
L007064,K0030,S018,2025-09-01,AST,90
L007065,K0005,S029,2025-09-01,FAL,30
L007066,K0085,S004,2025-09-01,SCH,60
L007067,K0061,S001,2025-09-01,SCH,60
L007068,K0053,S002,2025-09-01,BER,60
L007069,K0030,S021,2025-09-01,GRP,90
L007070,K0018,S033,2025-09-01,SCH,90
L007071,K0081,S019,2025-09-01,SCH,60
L007072,K0029,S010,2025-09-01,BEG,180
L007073,K0069,S019,2025-09-01,FAL,30
L007074,K0169,S031,2025-09-01,AST,60
L007075,K0111,S014,2025-09-01,SCH,30
L007076,K0176,S026,2025-09-01,BER,180
L007077,K0069,S003,2025-09-01,AST,60
L007078,K0089,S030,2025-09-01,AST,60
L007079,K0166,S027,2025-09-01,SCH,180
L007080,K0073,S004,2025-09-01,AST,120
L007081,K0174,S014,2025-09-01,FAL,180
L007082,K0135,S001,2025-09-01,BEG,90
L007083,K0089,S008,2025-09-01,GRP,180
L007084,K0092,S015,2025-09-01,AST,30
L007085,K0071,S016,2025-09-01,SCH,120
L007086,K0110,S001,2025-09-01,AST,45
L007087,K0076,S034,2025-09-01,FAL,60
L007088,K0085,S005,2025-09-01,BER,60
L007089,K0146,S009,2025-09-01,DOK,90
L007090,K0169,S021,2025-09-01,AST,120
L007091,K0106,S003,2025-09-01,GRP,30
L007092,K0028,S010,2025-09-01,BEG,90
L007093,K0066,S022,2025-09-01,BER,90
L007094,K0034,S031,2025-09-01,BER,30
L007095,K0167,S006,2025-09-01,GRP,60
L007096,K0039,S031,2025-09-01,AST,120
L007097,K0141,S009,2025-09-01,SCH,30
L007098,K0159,S015,2025-09-01,GRP,45
L007099,K0157,S016,2025-09-01,FAL,30
L007100,K0135,S009,2025-09-01,SCH,60
L007101,K0010,S033,2025-09-01,FAL,120
L007102,K0081,S019,2025-09-01,GRP,90
L007103,K0021,S018,2025-09-01,DOK,90
L007104,K0082,S001,2025-09-01,SCH,120
L007105,K0054,S013,2025-09-01,BEG,90
L007106,K0103,S006,2025-09-01,SCH,120
L007107,K0061,S007,2025-09-02,AST,120
L007108,K0031,S013,2025-09-02,AST,180
L007109,K0073,S033,2025-09-02,BER,60
L007110,K0035,S017,2025-09-02,DOK,30
L007111,K0104,S019,2025-09-02,AST,45
L007112,K0096,S019,2025-09-02,AST,60
L007113,K0032,S027,2025-09-02,AST,30
L007114,K0025,S007,2025-09-02,GRP,60
L007115,K0158,S030,2025-09-02,SCH,60
L007116,K0109,S030,2025-09-02,DOK,90
L007117,K0036,S033,2025-09-02,AST,60
L007118,K0015,S027,2025-09-02,SCH,45
L007119,K0144,S034,2025-09-02,FAL,90
L007120,K0089,S027,2025-09-02,AST,60
L007121,K0082,S033,2025-09-02,AST,90
L007122,K0110,S033,2025-09-02,GRP,60
L007123,K0057,S002,2025-09-02,AST,60
L007124,K0096,S027,2025-09-02,AST,120
L007125,K0065,S002,2025-09-02,SCH,90
L007126,K0130,S034,2025-09-02,SCH,60
L007127,K0154,S022,2025-09-02,GRP,60
L007128,K0155,S014,2025-09-02,DOK,45
L007129,K0060,S014,2025-09-02,SCH,45
L007130,K0063,S017,2025-09-02,SCH,60
L007131,K0045,S003,2025-09-02,BER,30
L007132,K0027,S001,2025-09-02,AST,120
L007133,K0056,S034,2025-09-02,GRP,45
L007134,K0009,S004,2025-09-02,SCH,45
L007135,K0090,S011,2025-09-02,AST,120
L007136,K0129,S021,2025-09-02,BEG,60
L007137,K0128,S021,2025-09-02,SCH,120
L007138,K0080,S029,2025-09-02,AST,60
L007139,K0153,S002,2025-09-02,GRP,30
L007140,K0063,S020,2025-09-02,AST,45
L007141,K0131,S017,2025-09-02,AST,120
L007142,K0047,S003,2025-09-02,GRP,60
L007143,K0002,S020,2025-09-02,BEG,60
L007144,K0147,S007,2025-09-02,FAL,180
L007145,K0069,S002,2025-09-02,SCH,120
L007146,K0059,S022,2025-09-02,BEG,60
L007147,K0131,S005,2025-09-02,DOK,90
L007148,K0142,S015,2025-09-02,GRP,90
L007149,K0124,S016,2025-09-02,GRP,60
L007150,K0057,S017,2025-09-03,DOK,120
L007151,K0116,S011,2025-09-03,GRP,180
L007152,K0174,S019,2025-09-03,SCH,60
L007153,K0063,S022,2025-09-03,DOK,90
L007154,K0086,S025,2025-09-03,DOK,90
L007155,K0136,S016,2025-09-03,GRP,90
L007156,K0124,S026,2025-09-03,GRP,180
L007157,K0059,S026,2025-09-03,AST,60
L007158,K0111,S034,2025-09-03,AST,120
L007159,K0066,S030,2025-09-03,DOK,120
L007160,K0018,S019,2025-09-03,AST,60
L007161,K0157,S025,2025-09-03,AST,90
L007162,K0060,S008,2025-09-03,BER,60
L007163,K0007,S034,2025-09-03,BEG,60
L007164,K0134,S011,2025-09-03,GRP,120
L007165,K0167,S026,2025-09-03,SCH,45
L007166,K0076,S018,2025-09-03,AST,120
L007167,K0128,S014,2025-09-03,BEG,45
L007168,K0065,S017,2025-09-03,DOK,45
L007169,K0066,S019,2025-09-03,BER,180
L007170,K0067,S005,2025-09-03,FAL,30
L007171,K0049,S013,2025-09-03,GRP,120
L007172,K0071,S010,2025-09-03,SCH,30
L007173,K0082,S034,2025-09-03,AST,45
L007174,K0129,S026,2025-09-03,BEG,60
L007175,K0155,S006,2025-09-03,DOK,30
L007176,K0051,S005,2025-09-03,AST,120
L007177,K0036,S016,2025-09-03,BEG,60
L007178,K0087,S010,2025-09-03,FAL,60
L007179,K0062,S015,2025-09-03,AST,45
L007180,K0056,S034,2025-09-03,FAL,30
L007181,K0153,S002,2025-09-03,DOK,60
L007182,K0131,S027,2025-09-03,DOK,45
L007183,K0019,S025,2025-09-03,AST,60
L007184,K0060,S009,2025-09-03,AST,120
L007185,K0169,S017,2025-09-03,GRP,60
L007186,K0032,S020,2025-09-03,GRP,60
L007187,K0178,S022,2025-09-03,GRP,60
L007188,K0013,S013,2025-09-03,BEG,90
L007189,K0111,S029,2025-09-03,AST,60
L007190,K0087,S010,2025-09-03,SCH,120
L007191,K0056,S001,2025-09-03,SCH,45
L007192,K0082,S003,2025-09-03,GRP,120
L007193,K0096,S012,2025-09-03,AST,60
L007194,K0001,S014,2025-09-03,AST,90
L007195,K0169,S001,2025-09-03,SCH,30
L007196,K0010,S003,2025-09-03,AST,180
L007197,K0023,S019,2025-09-04,AST,180
L007198,K0020,S031,2025-09-04,SCH,120
L007199,K0063,S031,2025-09-04,AST,60
L007200,K0109,S014,2025-09-04,AST,90
L007201,K0030,S003,2025-09-04,SCH,120
L007202,K0080,S026,2025-09-04,DOK,60
L007203,K0003,S033,2025-09-04,AST,45
L007204,K0130,S015,2025-09-04,SCH,60
L007205,K0094,S030,2025-09-04,DOK,30
L007206,K0045,S014,2025-09-04,AST,45
L007207,K0092,S011,2025-09-04,DOK,45
L007208,K0096,S006,2025-09-04,BEG,45
L007209,K0114,S033,2025-09-04,BEG,180
L007210,K0059,S014,2025-09-04,GRP,180
L007211,K0180,S012,2025-09-04,BEG,60
L007212,K0035,S025,2025-09-04,AST,60
L007213,K0149,S019,2025-09-04,AST,90
L007214,K0019,S012,2025-09-04,BER,60
L007215,K0095,S010,2025-09-04,AST,60
L007216,K0014,S034,2025-09-04,AST,60
L007217,K0143,S026,2025-09-04,SCH,90
L007218,K0071,S029,2025-09-04,AST,60
L007219,K0140,S002,2025-09-04,FAL,60
L007220,K0167,S015,2025-09-04,AST,60
L007221,K0003,S010,2025-09-04,GRP,120
L007222,K0154,S014,2025-09-04,FAL,120
L007223,K0160,S033,2025-09-04,DOK,90
L007224,K0086,S003,2025-09-04,BEG,90
L007225,K0149,S027,2025-09-04,SCH,90
L007226,K0135,S029,2025-09-04,BEG,180
L007227,K0001,S020,2025-09-04,AST,60
L007228,K0095,S010,2025-09-04,SCH,30
L007229,K0043,S016,2025-09-04,AST,45
L007230,K0144,S021,2025-09-04,SCH,60
L007231,K0142,S015,2025-09-04,DOK,90
L007232,K0156,S006,2025-09-04,SCH,180
L007233,K0141,S005,2025-09-04,BEG,45
L007234,K0167,S033,2025-09-04,AST,30
L007235,K0028,S019,2025-09-04,BEG,60
L007236,K0140,S013,2025-09-04,AST,30
L007237,K0046,S004,2025-09-04,GRP,60
L007238,K0156,S026,2025-09-04,SCH,180
L007239,K0056,S004,2025-09-04,GRP,60
L007240,K0050,S021,2025-09-04,AST,60
L007241,K0160,S023,2025-09-04,DOK,30
L007242,K0130,S005,2025-09-04,AST,60
L007243,K0014,S008,2025-09-04,SCH,60
L007244,K0063,S017,2025-09-04,AST,30
L007245,K0070,S001,2025-09-05,AST,120
L007246,K0004,S015,2025-09-05,AST,120
L007247,K0117,S011,2025-09-05,AST,30
L007248,K0010,S011,2025-09-05,BEG,90
L007249,K0082,S015,2025-09-05,DOK,45
L007250,K0136,S012,2025-09-05,AST,60
L007251,K0178,S020,2025-09-05,GRP,120
L007252,K0127,S031,2025-09-05,AST,45
L007253,K0150,S014,2025-09-05,SCH,180
L007254,K0015,S029,2025-09-05,AST,90
L007255,K0031,S018,2025-09-05,AST,60
L007256,K0153,S012,2025-09-05,BEG,45
L007257,K0005,S010,2025-09-05,AST,30
L007258,K0115,S030,2025-09-05,GRP,180
L007259,K0030,S009,2025-09-05,SCH,120
L007260,K0029,S002,2025-09-05,AST,90
L007261,K0180,S014,2025-09-05,AST,60
L007262,K0009,S003,2025-09-05,AST,120
L007263,K0178,S029,2025-09-05,SCH,120
L007264,K0159,S014,2025-09-05,DOK,120
L007265,K0070,S030,2025-09-05,AST,90
L007266,K0028,S011,2025-09-05,DOK,45
L007267,K0035,S016,2025-09-05,BEG,60
L007268,K0037,S020,2025-09-05,BER,90
L007269,K0128,S004,2025-09-05,AST,120
L007270,K0116,S002,2025-09-05,BER,60
L007271,K0053,S005,2025-09-05,DOK,90
L007272,K0098,S029,2025-09-05,SCH,180
L007273,K0115,S020,2025-09-05,SCH,120
L007274,K0154,S005,2025-09-05,GRP,60
L007275,K0155,S016,2025-09-05,AST,60
L007276,K0092,S010,2025-09-05,BEG,60
L007277,K0158,S011,2025-09-05,AST,45
L007278,K0180,S025,2025-09-05,AST,90
L007279,K0082,S033,2025-09-05,AST,120
L007280,K0168,S003,2025-09-05,AST,120
L007281,K0092,S026,2025-09-05,SCH,30
L007282,K0043,S003,2025-09-05,AST,30
L007283,K0038,S025,2025-09-05,AST,60
L007284,K0054,S019,2025-09-05,BEG,90
L007285,K0022,S009,2025-09-05,GRP,45
L007286,K0096,S001,2025-09-05,BEG,90
L007287,K0130,S009,2025-09-05,BER,45
L007288,K0057,S014,2025-09-05,SCH,90
L007289,K0095,S012,2025-09-05,FAL,60
L007290,K0129,S016,2025-09-05,SCH,60
L007291,K0007,S023,2025-09-05,GRP,45
L007292,K0074,S019,2025-09-05,DOK,45
L007293,K0065,S004,2025-09-05,AST,180
L007294,K0175,S004,2025-09-05,FAL,60
L007295,K0049,S018,2025-09-05,FAL,180
L007296,K0037,S033,2025-09-08,AST,60
L007297,K0106,S002,2025-09-08,AST,45
L007298,K0110,S027,2025-09-08,AST,45
L007299,K0160,S016,2025-09-08,GRP,90
L007300,K0009,S010,2025-09-08,BER,60
L007301,K0144,S019,2025-09-08,AST,60
L007302,K0173,S012,2025-09-08,DOK,60
L007303,K0150,S026,2025-09-08,GRP,180
L007304,K0173,S023,2025-09-08,AST,45
L007305,K0045,S019,2025-09-08,AST,45
L007306,K0128,S033,2025-09-08,BEG,45
L007307,K0036,S012,2025-09-08,AST,180
L007308,K0065,S033,2025-09-08,SCH,30
L007309,K0165,S026,2025-09-08,AST,60
L007310,K0040,S014,2025-09-08,SCH,30
L007311,K0093,S002,2025-09-08,GRP,120
L007312,K0069,S005,2025-09-08,GRP,45
L007313,K0060,S013,2025-09-08,SCH,60
L007314,K0097,S014,2025-09-08,SCH,120
L007315,K0176,S018,2025-09-08,BER,45
L007316,K0116,S017,2025-09-08,GRP,180
L007317,K0115,S007,2025-09-08,AST,45
L007318,K0014,S021,2025-09-08,DOK,60
L007319,K0057,S025,2025-09-08,BEG,30
L007320,K0091,S010,2025-09-08,AST,45
L007321,K0148,S020,2025-09-08,SCH,180
L007322,K0035,S034,2025-09-08,AST,45
L007323,K0087,S012,2025-09-08,BEG,45
L007324,K0056,S003,2025-09-08,AST,60
L007325,K0020,S009,2025-09-08,AST,45
L007326,K0021,S033,2025-09-08,AST,60
L007327,K0178,S022,2025-09-08,SCH,60
L007328,K0082,S015,2025-09-08,DOK,60
L007329,K0032,S029,2025-09-08,AST,180
L007330,K0134,S015,2025-09-08,AST,60
L007331,K0031,S033,2025-09-08,AST,30
L007332,K0146,S025,2025-09-08,SCH,60
L007333,K0089,S006,2025-09-08,AST,90
L007334,K0002,S007,2025-09-08,BEG,90
L007335,K0057,S003,2025-09-08,FAL,60
L007336,K0005,S004,2025-09-08,FAL,45
L007337,K0143,S023,2025-09-08,FAL,60
L007338,K0171,S002,2025-09-08,AST,120
L007339,K0138,S023,2025-09-08,AST,60
L007340,K0161,S021,2025-09-08,DOK,60
L007341,K0169,S017,2025-09-08,AST,30
L007342,K0080,S015,2025-09-08,BEG,90
L007343,K0147,S022,2025-09-08,AST,180
L007344,K0109,S002,2025-09-08,BER,120
L007345,K0088,S008,2025-09-08,BER,60
L007346,K0178,S025,2025-09-08,AST,60
L007347,K0130,S017,2025-09-09,AST,60
L007348,K0074,S007,2025-09-09,AST,120
L007349,K0044,S014,2025-09-09,SCH,60
L007350,K0044,S034,2025-09-09,SCH,180
L007351,K0051,S027,2025-09-09,FAL,120
L007352,K0029,S016,2025-09-09,AST,90
L007353,K0094,S010,2025-09-09,GRP,120
L007354,K0091,S014,2025-09-09,SCH,120
L007355,K0054,S018,2025-09-09,GRP,180
L007356,K0006,S013,2025-09-09,DOK,180
L007357,K0148,S005,2025-09-09,BEG,60
L007358,K0076,S021,2025-09-09,AST,180
L007359,K0124,S025,2025-09-09,AST,120
L007360,K0026,S019,2025-09-09,FAL,120
L007361,K0144,S027,2025-09-09,BER,180
L007362,K0175,S022,2025-09-09,AST,120
L007363,K0029,S001,2025-09-09,AST,90
L007364,K0008,S007,2025-09-09,SCH,60
L007365,K0035,S009,2025-09-09,AST,180
L007366,K0173,S022,2025-09-09,SCH,180
L007367,K0116,S033,2025-09-09,BEG,60
L007368,K0109,S012,2025-09-09,FAL,60
L007369,K0082,S012,2025-09-09,DOK,60
L007370,K0151,S003,2025-09-09,BEG,180
L007371,K0123,S002,2025-09-09,GRP,45
L007372,K0014,S010,2025-09-09,DOK,45
L007373,K0001,S008,2025-09-09,DOK,90
L007374,K0084,S034,2025-09-09,AST,45
L007375,K0158,S017,2025-09-09,AST,180
L007376,K0038,S025,2025-09-09,AST,45
L007377,K0134,S011,2025-09-09,SCH,120
L007378,K0086,S009,2025-09-09,SCH,60
L007379,K0074,S030,2025-09-09,DOK,90
L007380,K0085,S015,2025-09-09,BER,180
L007381,K0161,S015,2025-09-09,BEG,120
L007382,K0117,S017,2025-09-09,AST,30
L007383,K0076,S015,2025-09-09,SCH,90
L007384,K0168,S008,2025-09-09,AST,180
L007385,K0024,S022,2025-09-09,DOK,45
L007386,K0098,S006,2025-09-10,BER,45
L007387,K0026,S022,2025-09-10,DOK,120
L007388,K0008,S022,2025-09-10,AST,60
L007389,K0097,S029,2025-09-10,GRP,30
L007390,K0131,S001,2025-09-10,BEG,30
L007391,K0091,S003,2025-09-10,DOK,30
L007392,K0090,S002,2025-09-10,SCH,180
L007393,K0037,S030,2025-09-10,SCH,90
L007394,K0031,S026,2025-09-10,AST,180
L007395,K0154,S019,2025-09-10,BER,30
L007396,K0048,S016,2025-09-10,GRP,180
L007397,K0112,S013,2025-09-10,AST,30
L007398,K0150,S011,2025-09-10,AST,60
L007399,K0105,S005,2025-09-10,GRP,180
L007400,K0104,S006,2025-09-10,FAL,120
L007401,K0044,S029,2025-09-10,SCH,60
L007402,K0123,S033,2025-09-10,SCH,60
L007403,K0106,S010,2025-09-10,SCH,45
L007404,K0158,S034,2025-09-10,BEG,180
L007405,K0167,S016,2025-09-10,DOK,60
L007406,K0021,S009,2025-09-10,BER,30
L007407,K0028,S013,2025-09-10,SCH,60
L007408,K0001,S008,2025-09-10,DOK,120
L007409,K0169,S034,2025-09-10,SCH,180
L007410,K0065,S020,2025-09-10,BEG,60
L007411,K0044,S026,2025-09-10,AST,180
L007412,K0134,S001,2025-09-10,BER,120
L007413,K0168,S033,2025-09-10,AST,120
L007414,K0029,S022,2025-09-10,AST,60
L007415,K0026,S020,2025-09-10,AST,60
L007416,K0010,S005,2025-09-10,BER,30
L007417,K0173,S026,2025-09-10,FAL,180
L007418,K0154,S006,2025-09-10,AST,90
L007419,K0010,S014,2025-09-10,DOK,180
L007420,K0081,S003,2025-09-10,FAL,120
L007421,K0130,S003,2025-09-10,AST,90
L007422,K0030,S013,2025-09-10,DOK,180
L007423,K0111,S010,2025-09-10,AST,30
L007424,K0066,S005,2025-09-10,FAL,45
L007425,K0116,S019,2025-09-10,BEG,45
L007426,K0117,S027,2025-09-10,DOK,60
L007427,K0037,S026,2025-09-10,GRP,60
L007428,K0071,S001,2025-09-10,GRP,45
L007429,K0140,S005,2025-09-10,AST,45
L007430,K0088,S002,2025-09-10,GRP,180
L007431,K0151,S015,2025-09-10,AST,30
L007432,K0045,S006,2025-09-10,BER,30
L007433,K0146,S005,2025-09-10,AST,180
L007434,K0126,S004,2025-09-10,BER,60
L007435,K0162,S012,2025-09-10,GRP,120
L007436,K0143,S019,2025-09-10,FAL,30
L007437,K0035,S022,2025-09-10,AST,60
L007438,K0055,S018,2025-09-10,DOK,45
L007439,K0087,S008,2025-09-10,SCH,90
L007440,K0130,S005,2025-09-10,GRP,60
L007441,K0168,S021,2025-09-10,BER,60
L007442,K0076,S003,2025-09-10,BEG,60
L007443,K0154,S023,2025-09-10,BEG,120
L007444,K0032,S004,2025-09-10,FAL,60
L007445,K0063,S031,2025-09-10,SCH,90
L007446,K0074,S013,2025-09-11,DOK,120
L007447,K0131,S006,2025-09-11,SCH,60
L007448,K0074,S005,2025-09-11,GRP,45
L007449,K0141,S002,2025-09-11,SCH,60
L007450,K0090,S003,2025-09-11,AST,30
L007451,K0063,S026,2025-09-11,AST,60
L007452,K0066,S015,2025-09-11,SCH,30
L007453,K0129,S026,2025-09-11,GRP,120
L007454,K0059,S025,2025-09-11,AST,45
L007455,K0104,S001,2025-09-11,BER,45
L007456,K0026,S021,2025-09-11,FAL,180
L007457,K0071,S020,2025-09-11,AST,60
L007458,K0112,S018,2025-09-11,AST,120
L007459,K0152,S018,2025-09-11,BER,60
L007460,K0075,S010,2025-09-11,AST,60
L007461,K0116,S014,2025-09-11,BER,90
L007462,K0050,S029,2025-09-11,SCH,60
L007463,K0167,S014,2025-09-11,AST,60
L007464,K0157,S020,2025-09-11,AST,30
L007465,K0125,S030,2025-09-11,AST,30
L007466,K0044,S034,2025-09-11,GRP,45
L007467,K0114,S019,2025-09-11,DOK,60
L007468,K0005,S022,2025-09-11,GRP,60
L007469,K0080,S031,2025-09-11,AST,60
L007470,K0150,S023,2025-09-11,SCH,120
L007471,K0022,S002,2025-09-11,SCH,90
L007472,K0138,S018,2025-09-11,BEG,30
L007473,K0044,S027,2025-09-11,AST,120
L007474,K0023,S009,2025-09-11,GRP,60
L007475,K0024,S006,2025-09-11,BEG,90
L007476,K0116,S030,2025-09-11,GRP,60
L007477,K0076,S006,2025-09-11,AST,60
L007478,K0025,S017,2025-09-11,FAL,180
L007479,K0169,S018,2025-09-11,SCH,120
L007480,K0168,S018,2025-09-11,GRP,60
L007481,K0046,S014,2025-09-11,SCH,180
L007482,K0004,S033,2025-09-11,AST,30
L007483,K0086,S018,2025-09-12,BEG,90
L007484,K0147,S003,2025-09-12,BER,45
L007485,K0094,S012,2025-09-12,BEG,120
L007486,K0026,S015,2025-09-12,AST,120
L007487,K0112,S019,2025-09-12,BER,30
L007488,K0037,S008,2025-09-12,GRP,180
L007489,K0083,S023,2025-09-12,DOK,60
L007490,K0001,S020,2025-09-12,GRP,30
L007491,K0134,S004,2025-09-12,SCH,90
L007492,K0142,S003,2025-09-12,BEG,60
L007493,K0063,S022,2025-09-12,BEG,180
L007494,K0037,S011,2025-09-12,AST,30
L007495,K0096,S018,2025-09-12,BEG,120
L007496,K0050,S010,2025-09-12,AST,180
L007497,K0085,S013,2025-09-12,GRP,60
L007498,K0129,S002,2025-09-12,SCH,60
L007499,K0174,S015,2025-09-12,AST,90
L007500,K0005,S001,2025-09-12,FAL,90
L007501,K0081,S013,2025-09-12,AST,90
L007502,K0120,S007,2025-09-12,AST,120
L007503,K0030,S007,2025-09-12,AST,60
L007504,K0115,S002,2025-09-12,FAL,60
L007505,K0004,S010,2025-09-12,GRP,90
L007506,K0086,S026,2025-09-12,AST,90
L007507,K0053,S004,2025-09-12,BEG,90
L007508,K0035,S001,2025-09-12,SCH,60
L007509,K0169,S005,2025-09-12,GRP,90
L007510,K0162,S025,2025-09-12,AST,180
L007511,K0021,S033,2025-09-12,AST,45
L007512,K0027,S005,2025-09-12,SCH,60
L007513,K0120,S021,2025-09-12,SCH,45
L007514,K0167,S008,2025-09-12,BEG,90
L007515,K0152,S017,2025-09-12,DOK,120
L007516,K0113,S018,2025-09-12,BEG,60
L007517,K0050,S026,2025-09-12,GRP,30
L007518,K0170,S017,2025-09-12,AST,60
L007519,K0157,S018,2025-09-12,SCH,60
L007520,K0096,S006,2025-09-12,DOK,120
L007521,K0009,S021,2025-09-12,BEG,180
L007522,K0142,S004,2025-09-12,BER,90
L007523,K0141,S029,2025-09-12,AST,60
L007524,K0154,S021,2025-09-12,BEG,120
L007525,K0082,S026,2025-09-12,GRP,60
L007526,K0061,S034,2025-09-12,SCH,60
L007527,K0105,S009,2025-09-12,SCH,60
L007528,K0019,S023,2025-09-12,AST,120
L007529,K0005,S033,2025-09-12,SCH,180
L007530,K0046,S026,2025-09-12,BEG,60
L007531,K0127,S015,2025-09-12,GRP,60
L007532,K0020,S027,2025-09-12,AST,30
L007533,K0018,S007,2025-09-12,GRP,180
L007534,K0099,S012,2025-09-12,AST,45
L007535,K0171,S020,2025-09-15,GRP,60
L007536,K0160,S019,2025-09-15,GRP,45
L007537,K0113,S012,2025-09-15,BEG,120
L007538,K0057,S003,2025-09-15,DOK,180
L007539,K0098,S005,2025-09-15,FAL,60
L007540,K0090,S019,2025-09-15,SCH,60
L007541,K0045,S023,2025-09-15,SCH,60
L007542,K0086,S023,2025-09-15,AST,180
L007543,K0039,S029,2025-09-15,BEG,180
L007544,K0045,S022,2025-09-15,SCH,120
L007545,K0063,S002,2025-09-15,BEG,90
L007546,K0083,S005,2025-09-15,SCH,60
L007547,K0167,S012,2025-09-15,AST,30
L007548,K0146,S019,2025-09-15,SCH,45
L007549,K0158,S033,2025-09-15,BEG,60
L007550,K0087,S014,2025-09-15,BEG,120
L007551,K0004,S009,2025-09-15,GRP,120
L007552,K0144,S001,2025-09-15,SCH,90
L007553,K0152,S029,2025-09-15,AST,45
L007554,K0175,S025,2025-09-15,GRP,180
L007555,K0049,S015,2025-09-15,SCH,45
L007556,K0101,S020,2025-09-15,BER,45
L007557,K0141,S006,2025-09-15,AST,30
L007558,K0053,S026,2025-09-15,GRP,60
L007559,K0155,S004,2025-09-15,SCH,60
L007560,K0065,S002,2025-09-15,AST,60
L007561,K0174,S014,2025-09-15,BER,60
L007562,K0075,S021,2025-09-15,DOK,90
L007563,K0043,S022,2025-09-15,GRP,60
L007564,K0067,S015,2025-09-15,AST,60
L007565,K0142,S025,2025-09-15,AST,120
L007566,K0045,S005,2025-09-15,GRP,60
L007567,K0087,S023,2025-09-15,AST,60
L007568,K0158,S029,2025-09-15,BEG,30
L007569,K0151,S010,2025-09-15,DOK,60
L007570,K0004,S026,2025-09-15,AST,180
L007571,K0076,S023,2025-09-15,DOK,30
L007572,K0140,S018,2025-09-15,SCH,45
L007573,K0143,S008,2025-09-15,GRP,120
L007574,K0015,S020,2025-09-15,GRP,30
L007575,K0147,S031,2025-09-15,BEG,30
L007576,K0136,S008,2025-09-15,BER,60
L007577,K0024,S022,2025-09-15,BEG,60
L007578,K0169,S019,2025-09-15,BEG,60
L007579,K0096,S025,2025-09-16,BEG,180
L007580,K0120,S021,2025-09-16,BEG,45
L007581,K0164,S013,2025-09-16,AST,180
L007582,K0078,S022,2025-09-16,AST,180
L007583,K0020,S009,2025-09-16,SCH,60
L007584,K0130,S013,2025-09-16,GRP,45
L007585,K0098,S019,2025-09-16,FAL,120
L007586,K0116,S034,2025-09-16,SCH,120
L007587,K0105,S027,2025-09-16,BEG,120
L007588,K0086,S034,2025-09-16,DOK,120
L007589,K0105,S030,2025-09-16,BEG,120
L007590,K0164,S022,2025-09-16,BER,30
L007591,K0080,S020,2025-09-16,BEG,180
L007592,K0078,S012,2025-09-16,AST,180
L007593,K0002,S023,2025-09-16,FAL,180
L007594,K0042,S015,2025-09-16,AST,90
L007595,K0063,S012,2025-09-16,SCH,45
L007596,K0076,S027,2025-09-16,FAL,30
L007597,K0123,S025,2025-09-16,SCH,30
L007598,K0049,S009,2025-09-16,AST,90
L007599,K0126,S018,2025-09-16,AST,60
L007600,K0152,S033,2025-09-16,SCH,60
L007601,K0171,S025,2025-09-16,AST,45
L007602,K0153,S003,2025-09-16,SCH,45
L007603,K0060,S019,2025-09-16,AST,180
L007604,K0105,S026,2025-09-16,GRP,90
L007605,K0151,S019,2025-09-16,AST,30
L007606,K0031,S002,2025-09-16,BER,120
L007607,K0088,S029,2025-09-16,AST,60
L007608,K0140,S004,2025-09-16,AST,60
L007609,K0038,S016,2025-09-16,AST,120
L007610,K0061,S010,2025-09-16,DOK,60
L007611,K0048,S027,2025-09-16,AST,45
L007612,K0129,S005,2025-09-16,GRP,45
L007613,K0104,S026,2025-09-16,SCH,45
L007614,K0153,S031,2025-09-16,GRP,60
L007615,K0008,S034,2025-09-16,BEG,45
L007616,K0014,S002,2025-09-16,BEG,60
L007617,K0098,S012,2025-09-16,BEG,90
L007618,K0151,S027,2025-09-16,GRP,60
L007619,K0035,S021,2025-09-16,SCH,120
L007620,K0161,S005,2025-09-16,BEG,60
L007621,K0057,S011,2025-09-16,AST,180
L007622,K0002,S025,2025-09-16,AST,60
L007623,K0086,S006,2025-09-16,AST,60
L007624,K0024,S034,2025-09-16,AST,60
L007625,K0009,S013,2025-09-16,BEG,60
L007626,K0033,S034,2025-09-16,DOK,120
L007627,K0136,S033,2025-09-16,FAL,45
L007628,K0098,S005,2025-09-16,SCH,120
L007629,K0126,S026,2025-09-16,AST,120
L007630,K0093,S033,2025-09-16,AST,180
L007631,K0059,S007,2025-09-16,AST,45
L007632,K0051,S018,2025-09-17,AST,60
L007633,K0092,S015,2025-09-17,AST,180
L007634,K0066,S018,2025-09-17,DOK,60
L007635,K0033,S019,2025-09-17,BEG,30
L007636,K0037,S010,2025-09-17,AST,180
L007637,K0071,S016,2025-09-17,BER,30
L007638,K0168,S004,2025-09-17,SCH,60
L007639,K0095,S030,2025-09-17,DOK,180
L007640,K0167,S011,2025-09-17,FAL,120
L007641,K0008,S016,2025-09-17,DOK,60
L007642,K0008,S033,2025-09-17,BEG,90
L007643,K0038,S012,2025-09-17,AST,120
L007644,K0062,S003,2025-09-17,GRP,60
L007645,K0137,S017,2025-09-17,GRP,30
L007646,K0104,S009,2025-09-17,BEG,30
L007647,K0002,S011,2025-09-17,BER,120
L007648,K0022,S018,2025-09-17,AST,180
L007649,K0131,S018,2025-09-17,BEG,60
L007650,K0090,S007,2025-09-17,BEG,60
L007651,K0098,S013,2025-09-17,DOK,30
L007652,K0128,S023,2025-09-17,GRP,60
L007653,K0070,S020,2025-09-17,GRP,30
L007654,K0031,S033,2025-09-17,AST,120
L007655,K0143,S001,2025-09-17,GRP,90
L007656,K0099,S013,2025-09-17,BEG,120
L007657,K0153,S009,2025-09-17,DOK,90
L007658,K0039,S004,2025-09-17,SCH,60
L007659,K0174,S027,2025-09-17,AST,120
L007660,K0165,S004,2025-09-17,BER,120
L007661,K0153,S009,2025-09-17,SCH,120
L007662,K0141,S006,2025-09-17,BEG,180
L007663,K0120,S014,2025-09-17,BEG,45
L007664,K0173,S017,2025-09-17,AST,90
L007665,K0148,S019,2025-09-17,AST,60
L007666,K0144,S031,2025-09-17,BEG,60
L007667,K0036,S022,2025-09-17,DOK,90
L007668,K0004,S016,2025-09-17,BEG,180
L007669,K0103,S013,2025-09-17,SCH,60
L007670,K0062,S017,2025-09-17,BER,30
L007671,K0034,S031,2025-09-17,AST,45
L007672,K0146,S021,2025-09-17,GRP,120
L007673,K0152,S017,2025-09-17,FAL,90
L007674,K0127,S003,2025-09-17,BEG,30
L007675,K0101,S001,2025-09-17,BEG,120
L007676,K0034,S030,2025-09-17,DOK,60
L007677,K0134,S001,2025-09-17,AST,120
L007678,K0027,S017,2025-09-17,AST,90
L007679,K0134,S008,2025-09-17,DOK,60
L007680,K0028,S030,2025-09-17,BEG,60
L007681,K0156,S011,2025-09-17,AST,90
L007682,K0141,S021,2025-09-17,AST,120
L007683,K0131,S020,2025-09-17,GRP,30
L007684,K0145,S034,2025-09-17,GRP,120
L007685,K0030,S010,2025-09-17,BEG,180
L007686,K0092,S006,2025-09-17,AST,45
L007687,K0013,S005,2025-09-17,BEG,30
L007688,K0014,S034,2025-09-17,AST,45
L007689,K0090,S033,2025-09-17,SCH,180
L007690,K0099,S012,2025-09-17,AST,45
L007691,K0112,S025,2025-09-18,BEG,60
L007692,K0168,S025,2025-09-18,SCH,180
L007693,K0019,S020,2025-09-18,GRP,45
L007694,K0054,S002,2025-09-18,AST,60
L007695,K0080,S031,2025-09-18,GRP,120
L007696,K0088,S033,2025-09-18,BEG,60
L007697,K0156,S008,2025-09-18,DOK,30
L007698,K0117,S022,2025-09-18,SCH,120
L007699,K0008,S011,2025-09-18,GRP,60
L007700,K0002,S006,2025-09-18,GRP,180
L007701,K0101,S023,2025-09-18,BEG,45
L007702,K0072,S034,2025-09-18,GRP,30
L007703,K0047,S010,2025-09-18,AST,90
L007704,K0175,S011,2025-09-18,SCH,45
L007705,K0080,S006,2025-09-18,SCH,60
L007706,K0174,S019,2025-09-18,AST,60
L007707,K0006,S001,2025-09-18,SCH,180
L007708,K0180,S002,2025-09-18,AST,60
L007709,K0081,S017,2025-09-18,AST,30
L007710,K0097,S006,2025-09-18,DOK,60
L007711,K0149,S017,2025-09-18,SCH,45
L007712,K0180,S016,2025-09-18,DOK,90
L007713,K0069,S001,2025-09-18,AST,45
L007714,K0137,S002,2025-09-18,BER,45
L007715,K0004,S004,2025-09-18,DOK,120
L007716,K0114,S029,2025-09-18,AST,45
L007717,K0010,S013,2025-09-18,GRP,180
L007718,K0033,S009,2025-09-18,DOK,30
L007719,K0057,S031,2025-09-18,BEG,180
L007720,K0101,S033,2025-09-18,BEG,30
L007721,K0162,S019,2025-09-18,SCH,60
L007722,K0178,S020,2025-09-18,SCH,45
L007723,K0034,S030,2025-09-18,AST,30
L007724,K0152,S007,2025-09-18,AST,60
L007725,K0006,S003,2025-09-18,AST,60
L007726,K0124,S001,2025-09-18,SCH,60
L007727,K0098,S016,2025-09-18,SCH,180
L007728,K0110,S022,2025-09-18,DOK,180
L007729,K0147,S001,2025-09-18,BEG,120
L007730,K0038,S011,2025-09-18,AST,60
L007731,K0162,S014,2025-09-18,SCH,60
L007732,K0014,S033,2025-09-18,BEG,30
L007733,K0027,S009,2025-09-18,DOK,60
L007734,K0054,S031,2025-09-18,DOK,60
L007735,K0128,S030,2025-09-18,SCH,120
L007736,K0169,S002,2025-09-18,AST,180
L007737,K0094,S008,2025-09-18,AST,180
L007738,K0162,S027,2025-09-19,SCH,30
L007739,K0171,S017,2025-09-19,DOK,60
L007740,K0065,S018,2025-09-19,AST,45
L007741,K0048,S005,2025-09-19,GRP,30
L007742,K0028,S016,2025-09-19,SCH,90
L007743,K0035,S025,2025-09-19,BEG,60
L007744,K0146,S021,2025-09-19,GRP,60
L007745,K0067,S002,2025-09-19,SCH,45
L007746,K0027,S001,2025-09-19,GRP,30
L007747,K0142,S023,2025-09-19,AST,90
L007748,K0048,S015,2025-09-19,BEG,180
L007749,K0142,S001,2025-09-19,AST,45
L007750,K0093,S030,2025-09-19,BEG,120
L007751,K0037,S001,2025-09-19,FAL,60
L007752,K0158,S033,2025-09-19,AST,60
L007753,K0134,S012,2025-09-19,DOK,180
L007754,K0094,S003,2025-09-19,BEG,90
L007755,K0003,S011,2025-09-19,FAL,45
L007756,K0070,S001,2025-09-19,BER,120
L007757,K0081,S022,2025-09-19,GRP,180
L007758,K0076,S015,2025-09-19,DOK,120
L007759,K0171,S018,2025-09-19,GRP,60
L007760,K0004,S025,2025-09-19,DOK,30
L007761,K0028,S014,2025-09-19,SCH,30
L007762,K0075,S018,2025-09-19,AST,45
L007763,K0157,S030,2025-09-19,GRP,60
L007764,K0047,S017,2025-09-19,BER,90
L007765,K0010,S030,2025-09-19,FAL,60
L007766,K0050,S034,2025-09-19,SCH,180
L007767,K0144,S030,2025-09-19,AST,180
L007768,K0159,S006,2025-09-19,DOK,45
L007769,K0093,S001,2025-09-19,GRP,60
L007770,K0128,S005,2025-09-19,SCH,60
L007771,K0151,S010,2025-09-19,SCH,90
L007772,K0049,S031,2025-09-19,GRP,180
L007773,K0112,S019,2025-09-19,AST,90
L007774,K0092,S015,2025-09-19,AST,60
L007775,K0120,S008,2025-09-19,BEG,180
L007776,K0162,S020,2025-09-19,GRP,45
L007777,K0034,S034,2025-09-19,BEG,90
L007778,K0146,S026,2025-09-19,BEG,60
L007779,K0109,S025,2025-09-19,DOK,30
L007780,K0147,S001,2025-09-19,SCH,45
L007781,K0059,S009,2025-09-22,GRP,90
L007782,K0111,S016,2025-09-22,DOK,90
L007783,K0028,S009,2025-09-22,SCH,90
L007784,K0019,S033,2025-09-22,SCH,60
L007785,K0115,S017,2025-09-22,AST,90
L007786,K0071,S016,2025-09-22,AST,120
L007787,K0003,S009,2025-09-22,GRP,60
L007788,K0062,S013,2025-09-22,AST,30
L007789,K0075,S034,2025-09-22,GRP,45
L007790,K0075,S029,2025-09-22,DOK,30
L007791,K0045,S014,2025-09-22,SCH,30
L007792,K0110,S022,2025-09-22,BER,45
L007793,K0082,S025,2025-09-22,FAL,120
L007794,K0073,S006,2025-09-22,AST,180
L007795,K0080,S017,2025-09-22,SCH,60
L007796,K0130,S011,2025-09-22,BEG,45
L007797,K0070,S019,2025-09-22,AST,30
L007798,K0072,S013,2025-09-22,AST,60
L007799,K0147,S026,2025-09-22,SCH,180
L007800,K0080,S004,2025-09-22,AST,45
L007801,K0043,S015,2025-09-22,SCH,30
L007802,K0082,S016,2025-09-22,SCH,180
L007803,K0045,S031,2025-09-22,GRP,120
L007804,K0056,S015,2025-09-22,GRP,60
L007805,K0051,S025,2025-09-22,BEG,180
L007806,K0103,S013,2025-09-22,AST,45
L007807,K0061,S034,2025-09-22,FAL,60
L007808,K0039,S029,2025-09-22,BER,45
L007809,K0110,S005,2025-09-22,DOK,30
L007810,K0141,S021,2025-09-22,SCH,60
L007811,K0031,S031,2025-09-22,DOK,30
L007812,K0098,S029,2025-09-22,AST,45
L007813,K0149,S007,2025-09-22,SCH,30
L007814,K0123,S013,2025-09-22,SCH,120
L007815,K0070,S009,2025-09-22,AST,45
L007816,K0137,S025,2025-09-22,FAL,60
L007817,K0092,S030,2025-09-22,SCH,30
L007818,K0178,S021,2025-09-22,DOK,45
L007819,K0167,S021,2025-09-22,BER,60
L007820,K0168,S010,2025-09-22,SCH,60
L007821,K0065,S019,2025-09-22,AST,120
L007822,K0138,S029,2025-09-22,BER,60
L007823,K0013,S017,2025-09-22,AST,120
L007824,K0072,S017,2025-09-22,FAL,30
L007825,K0093,S013,2025-09-22,SCH,45
L007826,K0040,S027,2025-09-22,BER,120
L007827,K0022,S006,2025-09-22,DOK,60
L007828,K0039,S021,2025-09-22,DOK,30
L007829,K0094,S012,2025-09-22,AST,90
L007830,K0152,S004,2025-09-22,BER,60
L007831,K0045,S002,2025-09-22,BEG,120
L007832,K0050,S009,2025-09-22,SCH,120
L007833,K0006,S006,2025-09-22,SCH,120
L007834,K0085,S029,2025-09-22,SCH,90
L007835,K0031,S018,2025-09-22,GRP,60
L007836,K0073,S023,2025-09-22,DOK,45
L007837,K0153,S015,2025-09-22,GRP,45
L007838,K0004,S022,2025-09-22,BEG,60
L007839,K0025,S016,2025-09-22,BEG,30
L007840,K0080,S019,2025-09-23,AST,90
L007841,K0180,S004,2025-09-23,BEG,120
L007842,K0141,S002,2025-09-23,GRP,120
L007843,K0053,S006,2025-09-23,AST,90
L007844,K0117,S019,2025-09-23,DOK,90
L007845,K0083,S016,2025-09-23,AST,60
L007846,K0057,S030,2025-09-23,AST,45
L007847,K0112,S006,2025-09-23,SCH,45
L007848,K0160,S016,2025-09-23,AST,45
L007849,K0160,S011,2025-09-23,BEG,180
L007850,K0088,S034,2025-09-23,DOK,180
L007851,K0157,S022,2025-09-23,DOK,60
L007852,K0055,S013,2025-09-23,GRP,180
L007853,K0153,S017,2025-09-23,BER,90
L007854,K0159,S023,2025-09-23,AST,90
L007855,K0112,S007,2025-09-23,SCH,45
L007856,K0084,S003,2025-09-23,BER,30
L007857,K0033,S034,2025-09-23,AST,180
L007858,K0013,S002,2025-09-23,DOK,60
L007859,K0034,S011,2025-09-23,BER,60
L007860,K0145,S004,2025-09-23,AST,90
L007861,K0127,S029,2025-09-23,AST,45
L007862,K0078,S029,2025-09-23,AST,60
L007863,K0125,S008,2025-09-23,AST,120
L007864,K0125,S011,2025-09-23,AST,180
L007865,K0069,S003,2025-09-23,AST,120
L007866,K0130,S010,2025-09-23,BER,90
L007867,K0020,S033,2025-09-23,AST,180
L007868,K0170,S033,2025-09-23,AST,60
L007869,K0005,S025,2025-09-23,GRP,90
L007870,K0120,S005,2025-09-23,GRP,60
L007871,K0092,S027,2025-09-23,SCH,45
L007872,K0131,S014,2025-09-23,BEG,60
L007873,K0169,S027,2025-09-23,AST,120
L007874,K0160,S021,2025-09-23,GRP,60
L007875,K0042,S011,2025-09-23,BEG,60
L007876,K0175,S008,2025-09-23,SCH,30
L007877,K0141,S030,2025-09-23,BER,30
L007878,K0159,S009,2025-09-23,BER,60
L007879,K0028,S002,2025-09-23,AST,60
L007880,K0080,S034,2025-09-23,SCH,90
L007881,K0048,S002,2025-09-23,SCH,60
L007882,K0030,S019,2025-09-23,DOK,180
L007883,K0003,S016,2025-09-23,BEG,120
L007884,K0144,S033,2025-09-23,SCH,90
L007885,K0002,S010,2025-09-23,AST,45
L007886,K0122,S031,2025-09-24,DOK,30
L007887,K0122,S016,2025-09-24,DOK,45
L007888,K0093,S015,2025-09-24,AST,60
L007889,K0082,S008,2025-09-24,BEG,30
L007890,K0045,S023,2025-09-24,SCH,60
L007891,K0153,S012,2025-09-24,AST,90
L007892,K0171,S027,2025-09-24,GRP,30
L007893,K0057,S021,2025-09-24,SCH,30
L007894,K0037,S014,2025-09-24,AST,30
L007895,K0175,S014,2025-09-24,BER,60
L007896,K0008,S003,2025-09-24,SCH,45
L007897,K0086,S025,2025-09-24,DOK,90
L007898,K0146,S002,2025-09-24,SCH,30
L007899,K0131,S012,2025-09-24,DOK,180
L007900,K0095,S034,2025-09-24,BEG,60
L007901,K0129,S006,2025-09-24,GRP,45
L007902,K0064,S010,2025-09-24,AST,90
L007903,K0158,S019,2025-09-24,GRP,45
L007904,K0165,S010,2025-09-24,AST,60
L007905,K0141,S033,2025-09-24,BEG,90
L007906,K0090,S008,2025-09-24,AST,30
L007907,K0029,S016,2025-09-24,BEG,60
L007908,K0178,S009,2025-09-24,SCH,180
L007909,K0114,S013,2025-09-24,BEG,30
L007910,K0065,S011,2025-09-24,DOK,60
L007911,K0169,S017,2025-09-24,AST,60
L007912,K0046,S014,2025-09-24,AST,60
L007913,K0123,S006,2025-09-24,AST,90
L007914,K0155,S020,2025-09-24,SCH,45
L007915,K0050,S016,2025-09-24,AST,180
L007916,K0064,S023,2025-09-24,DOK,30
L007917,K0147,S003,2025-09-24,BEG,60
L007918,K0126,S015,2025-09-24,SCH,120
L007919,K0149,S034,2025-09-24,AST,180
L007920,K0060,S027,2025-09-24,DOK,90
L007921,K0171,S029,2025-09-24,BEG,180
L007922,K0038,S004,2025-09-24,BER,120
L007923,K0080,S021,2025-09-24,AST,90
L007924,K0110,S018,2025-09-24,DOK,45
L007925,K0053,S033,2025-09-24,GRP,120
L007926,K0043,S006,2025-09-24,FAL,45
L007927,K0064,S034,2025-09-24,SCH,90
L007928,K0042,S018,2025-09-24,GRP,120
L007929,K0173,S021,2025-09-24,AST,120
L007930,K0048,S030,2025-09-24,SCH,120
L007931,K0038,S007,2025-09-24,GRP,180
L007932,K0063,S031,2025-09-24,AST,90
L007933,K0014,S002,2025-09-24,BEG,30
L007934,K0008,S016,2025-09-24,DOK,180
L007935,K0092,S009,2025-09-24,AST,180
L007936,K0044,S016,2025-09-24,SCH,60
L007937,K0104,S023,2025-09-24,AST,45
L007938,K0176,S031,2025-09-24,BEG,45
L007939,K0035,S003,2025-09-24,AST,120
L007940,K0157,S025,2025-09-24,DOK,30
L007941,K0064,S015,2025-09-25,AST,30
L007942,K0062,S004,2025-09-25,SCH,45
L007943,K0162,S030,2025-09-25,AST,30
L007944,K0129,S030,2025-09-25,GRP,90
L007945,K0129,S007,2025-09-25,SCH,180
L007946,K0044,S034,2025-09-25,AST,45
L007947,K0167,S021,2025-09-25,AST,60
L007948,K0158,S011,2025-09-25,BER,60
L007949,K0162,S021,2025-09-25,BEG,30
L007950,K0047,S003,2025-09-25,BEG,30
L007951,K0043,S003,2025-09-25,SCH,90
L007952,K0036,S029,2025-09-25,GRP,120
L007953,K0087,S010,2025-09-25,BER,120
L007954,K0044,S022,2025-09-25,DOK,45
L007955,K0032,S014,2025-09-25,AST,60
L007956,K0097,S018,2025-09-25,FAL,30
L007957,K0007,S029,2025-09-25,AST,60
L007958,K0029,S006,2025-09-25,DOK,30
L007959,K0053,S012,2025-09-25,BEG,60
L007960,K0003,S013,2025-09-25,DOK,90
L007961,K0072,S031,2025-09-25,GRP,90
L007962,K0072,S022,2025-09-25,AST,30
L007963,K0004,S008,2025-09-25,DOK,120
L007964,K0178,S020,2025-09-25,AST,90
L007965,K0166,S006,2025-09-25,DOK,45
L007966,K0059,S008,2025-09-25,SCH,120
L007967,K0075,S026,2025-09-25,BEG,60
L007968,K0036,S020,2025-09-25,BEG,60
L007969,K0158,S031,2025-09-25,BEG,90
L007970,K0035,S031,2025-09-25,AST,120
L007971,K0005,S010,2025-09-25,DOK,60
L007972,K0049,S012,2025-09-25,AST,90
L007973,K0020,S029,2025-09-25,FAL,45
L007974,K0146,S016,2025-09-25,BEG,60
L007975,K0080,S025,2025-09-25,GRP,90
L007976,K0097,S034,2025-09-25,SCH,45
L007977,K0098,S005,2025-09-25,AST,60
L007978,K0049,S013,2025-09-25,AST,45
L007979,K0046,S023,2025-09-25,DOK,60
L007980,K0153,S009,2025-09-25,AST,180
L007981,K0170,S016,2025-09-25,BER,120
L007982,K0171,S002,2025-09-25,DOK,30
L007983,K0071,S016,2025-09-26,DOK,30
L007984,K0168,S021,2025-09-26,GRP,180
L007985,K0094,S009,2025-09-26,SCH,120
L007986,K0050,S009,2025-09-26,SCH,120
L007987,K0091,S003,2025-09-26,SCH,120
L007988,K0106,S034,2025-09-26,GRP,120
L007989,K0045,S029,2025-09-26,AST,60
L007990,K0154,S015,2025-09-26,SCH,30
L007991,K0087,S025,2025-09-26,GRP,30
L007992,K0040,S017,2025-09-26,SCH,120
L007993,K0028,S013,2025-09-26,BER,60
L007994,K0050,S017,2025-09-26,AST,120
L007995,K0048,S004,2025-09-26,SCH,180
L007996,K0151,S033,2025-09-26,AST,120
L007997,K0145,S033,2025-09-26,AST,60
L007998,K0160,S016,2025-09-26,GRP,60
L007999,K0125,S003,2025-09-26,AST,180
L008000,K0060,S023,2025-09-26,GRP,60
L008001,K0028,S008,2025-09-26,GRP,120
L008002,K0135,S018,2025-09-26,FAL,60
L008003,K0063,S002,2025-09-26,AST,45
L008004,K0111,S010,2025-09-26,SCH,120
L008005,K0038,S015,2025-09-26,BER,60
L008006,K0019,S033,2025-09-26,AST,60
L008007,K0124,S019,2025-09-26,AST,30
L008008,K0125,S013,2025-09-26,AST,180
L008009,K0092,S018,2025-09-26,DOK,90
L008010,K0068,S014,2025-09-26,SCH,90
L008011,K0038,S015,2025-09-26,AST,180
L008012,K0180,S012,2025-09-26,GRP,180
L008013,K0056,S008,2025-09-26,SCH,180
L008014,K0075,S010,2025-09-26,AST,180
L008015,K0022,S015,2025-09-26,AST,60
L008016,K0168,S031,2025-09-26,FAL,45
L008017,K0089,S008,2025-09-26,AST,60
L008018,K0131,S022,2025-09-26,BEG,90
L008019,K0029,S034,2025-09-26,BEG,60
L008020,K0013,S020,2025-09-26,BEG,45
L008021,K0109,S031,2025-09-26,AST,120
L008022,K0151,S019,2025-09-26,BEG,45
L008023,K0116,S022,2025-09-26,AST,30
L008024,K0178,S003,2025-09-26,SCH,120
L008025,K0120,S010,2025-09-26,AST,120
L008026,K0050,S021,2025-09-26,GRP,180
L008027,K0014,S030,2025-09-26,SCH,45
L008028,K0113,S026,2025-09-29,AST,45
L008029,K0176,S002,2025-09-29,AST,180
L008030,K0091,S003,2025-09-29,AST,45
L008031,K0171,S025,2025-09-29,AST,180
L008032,K0081,S007,2025-09-29,AST,120
L008033,K0044,S012,2025-09-29,BER,30
L008034,K0054,S018,2025-09-29,AST,180
L008035,K0176,S008,2025-09-29,SCH,60
L008036,K0138,S019,2025-09-29,SCH,120
L008037,K0154,S025,2025-09-29,SCH,45
L008038,K0071,S031,2025-09-29,SCH,30
L008039,K0140,S003,2025-09-29,SCH,60
L008040,K0065,S022,2025-09-29,BEG,60
L008041,K0124,S015,2025-09-29,BEG,90
L008042,K0155,S034,2025-09-29,AST,30
L008043,K0087,S014,2025-09-29,GRP,45
L008044,K0167,S023,2025-09-29,DOK,120
L008045,K0170,S013,2025-09-29,SCH,60
L008046,K0169,S029,2025-09-29,DOK,60
L008047,K0127,S026,2025-09-29,FAL,180
L008048,K0071,S012,2025-09-29,DOK,45
L008049,K0069,S006,2025-09-29,DOK,120
L008050,K0068,S030,2025-09-29,SCH,180
L008051,K0110,S018,2025-09-29,SCH,120
L008052,K0091,S029,2025-09-29,SCH,45
L008053,K0122,S021,2025-09-29,AST,60
L008054,K0160,S011,2025-09-29,AST,120
L008055,K0025,S006,2025-09-29,BER,30
L008056,K0090,S021,2025-09-29,AST,30
L008057,K0040,S009,2025-09-29,GRP,45
L008058,K0154,S010,2025-09-29,GRP,30
L008059,K0062,S006,2025-09-29,SCH,90
L008060,K0167,S017,2025-09-29,DOK,120
L008061,K0166,S011,2025-09-29,GRP,180
L008062,K0113,S003,2025-09-29,AST,60
L008063,K0091,S020,2025-09-29,BEG,60
L008064,K0147,S034,2025-09-29,SCH,180
L008065,K0101,S022,2025-09-29,DOK,90
L008066,K0180,S023,2025-09-29,AST,45
L008067,K0007,S025,2025-09-29,AST,60
L008068,K0176,S010,2025-09-29,AST,180
L008069,K0101,S031,2025-09-29,GRP,180
L008070,K0020,S003,2025-09-29,AST,120
L008071,K0056,S012,2025-09-29,AST,60
L008072,K0116,S009,2025-09-29,FAL,30
L008073,K0051,S002,2025-09-29,BEG,30
L008074,K0089,S013,2025-09-29,AST,45
L008075,K0009,S016,2025-09-29,AST,60
L008076,K0056,S007,2025-09-30,DOK,60
L008077,K0117,S005,2025-09-30,AST,60
L008078,K0088,S011,2025-09-30,SCH,60
L008079,K0174,S017,2025-09-30,AST,45
L008080,K0128,S017,2025-09-30,SCH,120
L008081,K0069,S012,2025-09-30,AST,30
L008082,K0178,S022,2025-09-30,SCH,90
L008083,K0154,S010,2025-09-30,AST,90
L008084,K0143,S033,2025-09-30,BER,45
L008085,K0130,S020,2025-09-30,AST,90
L008086,K0111,S008,2025-09-30,AST,180
L008087,K0161,S008,2025-09-30,DOK,90
L008088,K0032,S023,2025-09-30,AST,180
L008089,K0174,S025,2025-09-30,SCH,60
L008090,K0096,S004,2025-09-30,SCH,90
L008091,K0085,S033,2025-09-30,AST,180
L008092,K0002,S004,2025-09-30,AST,90
L008093,K0038,S031,2025-09-30,GRP,120
L008094,K0048,S015,2025-09-30,AST,45
L008095,K0021,S022,2025-09-30,GRP,60
L008096,K0120,S025,2025-09-30,AST,45
L008097,K0070,S003,2025-09-30,BER,45
L008098,K0075,S014,2025-09-30,BEG,60
L008099,K0136,S019,2025-09-30,GRP,60
L008100,K0152,S008,2025-09-30,BEG,45
L008101,K0097,S012,2025-09-30,BEG,90
L008102,K0029,S020,2025-09-30,GRP,30
L008103,K0022,S019,2025-09-30,GRP,60
L008104,K0055,S002,2025-09-30,GRP,60
L008105,K0018,S009,2025-09-30,DOK,90
L008106,K0157,S033,2025-09-30,AST,60
L008107,K0015,S026,2025-09-30,GRP,180
L008108,K0165,S031,2025-09-30,SCH,60
L008109,K0013,S027,2025-09-30,AST,90
L008110,K0048,S017,2025-09-30,SCH,45
L008111,K0140,S009,2025-09-30,AST,120
L008112,K0104,S004,2025-09-30,AST,45
L008113,K0006,S010,2025-09-30,AST,60
L008114,K0148,S030,2025-09-30,GRP,30
L008115,K0038,S011,2025-09-30,GRP,60
L008116,K0018,S005,2025-09-30,AST,90
L008117,K0033,S034,2025-09-30,DOK,120
L008118,K0178,S023,2025-09-30,FAL,120
L008119,K0115,S018,2025-10-01,AST,120
L008120,K0010,S019,2025-10-01,DOK,60
L008121,K0140,S031,2025-10-01,SCH,90
L008122,K0029,S014,2025-10-01,AST,120
L008123,K0006,S009,2025-10-01,AST,90
L008124,K0083,S012,2025-10-01,SCH,60
L008125,K0057,S029,2025-10-01,SCH,45
L008126,K0152,S021,2025-10-01,BEG,45
L008127,K0081,S002,2025-10-01,SCH,90
L008128,K0134,S031,2025-10-01,SCH,180
L008129,K0096,S020,2025-10-01,BER,30
L008130,K0082,S033,2025-10-01,AST,60
L008131,K0094,S004,2025-10-01,SCH,60
L008132,K0048,S019,2025-10-01,DOK,30
L008133,K0040,S026,2025-10-01,BER,180
L008134,K0073,S033,2025-10-01,DOK,90
L008135,K0103,S003,2025-10-01,DOK,60
L008136,K0046,S004,2025-10-01,FAL,30
L008137,K0174,S031,2025-10-01,AST,45
L008138,K0178,S026,2025-10-01,DOK,60
L008139,K0085,S012,2025-10-01,AST,45
L008140,K0171,S025,2025-10-01,FAL,60
L008141,K0018,S013,2025-10-01,BEG,60
L008142,K0152,S019,2025-10-01,AST,60
L008143,K0010,S015,2025-10-01,GRP,180
L008144,K0176,S025,2025-10-01,DOK,30
L008145,K0090,S005,2025-10-01,AST,30
L008146,K0141,S033,2025-10-01,BER,180
L008147,K0128,S034,2025-10-01,BEG,90
L008148,K0149,S026,2025-10-01,AST,120
L008149,K0110,S015,2025-10-01,AST,30
L008150,K0039,S011,2025-10-01,SCH,60
L008151,K0058,S016,2025-10-01,DOK,30
L008152,K0056,S029,2025-10-01,SCH,60
L008153,K0027,S025,2025-10-01,AST,60
L008154,K0008,S023,2025-10-01,SCH,30
L008155,K0080,S003,2025-10-01,GRP,90
L008156,K0180,S017,2025-10-01,DOK,45
L008157,K0062,S026,2025-10-01,AST,60
L008158,K0135,S020,2025-10-01,DOK,90
L008159,K0025,S034,2025-10-01,SCH,120
L008160,K0035,S008,2025-10-01,DOK,180
L008161,K0073,S026,2025-10-01,BER,180
L008162,K0173,S020,2025-10-01,AST,45
L008163,K0090,S005,2025-10-01,AST,45
L008164,K0002,S003,2025-10-01,SCH,30
L008165,K0054,S009,2025-10-01,DOK,30
L008166,K0027,S023,2025-10-01,FAL,30
L008167,K0109,S034,2025-10-01,AST,60
L008168,K0024,S003,2025-10-01,GRP,120
L008169,K0058,S034,2025-10-01,AST,60
L008170,K0053,S026,2025-10-01,GRP,180
L008171,K0123,S005,2025-10-01,AST,120
L008172,K0126,S005,2025-10-01,BEG,60
L008173,K0159,S022,2025-10-01,DOK,120
L008174,K0078,S012,2025-10-01,AST,180
L008175,K0162,S021,2025-10-02,AST,45
L008176,K0007,S014,2025-10-02,SCH,60
L008177,K0015,S007,2025-10-02,DOK,30
L008178,K0002,S013,2025-10-02,SCH,120
L008179,K0034,S025,2025-10-02,AST,180
L008180,K0078,S017,2025-10-02,DOK,45
L008181,K0112,S018,2025-10-02,AST,45
L008182,K0080,S005,2025-10-02,AST,120
L008183,K0022,S027,2025-10-02,AST,120
L008184,K0031,S034,2025-10-02,AST,60
L008185,K0010,S020,2025-10-02,BEG,30
L008186,K0140,S019,2025-10-02,BEG,90
L008187,K0173,S020,2025-10-02,AST,90
L008188,K0151,S015,2025-10-02,BER,60
L008189,K0176,S007,2025-10-02,DOK,90
L008190,K0101,S029,2025-10-02,GRP,90
L008191,K0057,S023,2025-10-02,SCH,60
L008192,K0149,S008,2025-10-02,SCH,30
L008193,K0081,S021,2025-10-02,AST,180
L008194,K0057,S010,2025-10-02,BEG,60
L008195,K0162,S033,2025-10-02,DOK,60
L008196,K0039,S005,2025-10-02,AST,90
L008197,K0045,S034,2025-10-02,SCH,30
L008198,K0062,S018,2025-10-02,BEG,60
L008199,K0035,S012,2025-10-02,BEG,180
L008200,K0120,S033,2025-10-02,FAL,90
L008201,K0176,S030,2025-10-02,SCH,180
L008202,K0152,S020,2025-10-02,SCH,180
L008203,K0030,S022,2025-10-02,AST,180
L008204,K0039,S031,2025-10-02,GRP,60
L008205,K0008,S007,2025-10-02,SCH,120
L008206,K0106,S007,2025-10-02,GRP,90
L008207,K0027,S030,2025-10-02,AST,60
L008208,K0074,S027,2025-10-02,GRP,180
L008209,K0068,S025,2025-10-02,BEG,45
L008210,K0043,S003,2025-10-02,BER,45
L008211,K0053,S030,2025-10-02,GRP,90
L008212,K0063,S016,2025-10-02,DOK,90
L008213,K0146,S033,2025-10-02,BEG,90
L008214,K0030,S009,2025-10-02,AST,90
L008215,K0090,S004,2025-10-02,GRP,120
L008216,K0030,S023,2025-10-02,AST,90
L008217,K0140,S007,2025-10-02,BEG,30
L008218,K0169,S010,2025-10-02,SCH,45
L008219,K0064,S021,2025-10-02,GRP,120
L008220,K0046,S012,2025-10-02,BEG,45
L008221,K0120,S004,2025-10-02,GRP,180
L008222,K0154,S009,2025-10-02,DOK,30
L008223,K0131,S020,2025-10-02,AST,45
L008224,K0140,S008,2025-10-02,FAL,180
L008225,K0093,S029,2025-10-02,GRP,60
L008226,K0097,S008,2025-10-03,AST,120
L008227,K0003,S017,2025-10-03,GRP,120
L008228,K0023,S012,2025-10-03,DOK,30
L008229,K0059,S034,2025-10-03,AST,60
L008230,K0128,S034,2025-10-03,BEG,90
L008231,K0076,S009,2025-10-03,DOK,90
L008232,K0080,S025,2025-10-03,SCH,60
L008233,K0089,S019,2025-10-03,DOK,90
L008234,K0166,S007,2025-10-03,SCH,120
L008235,K0180,S010,2025-10-03,GRP,90
L008236,K0002,S017,2025-10-03,BEG,180
L008237,K0065,S026,2025-10-03,BEG,60
L008238,K0062,S008,2025-10-03,AST,90
L008239,K0143,S022,2025-10-03,FAL,120
L008240,K0106,S010,2025-10-03,AST,120
L008241,K0113,S005,2025-10-03,FAL,180
L008242,K0141,S014,2025-10-03,BEG,120
L008243,K0147,S014,2025-10-03,DOK,90
L008244,K0086,S003,2025-10-03,AST,90
L008245,K0025,S012,2025-10-03,AST,45
L008246,K0145,S016,2025-10-03,SCH,180
L008247,K0035,S018,2025-10-03,SCH,45
L008248,K0094,S023,2025-10-03,GRP,60
L008249,K0002,S014,2025-10-03,BEG,60
L008250,K0099,S018,2025-10-03,DOK,120
L008251,K0029,S014,2025-10-03,FAL,45
L008252,K0106,S016,2025-10-03,BER,180
L008253,K0023,S034,2025-10-03,AST,45
L008254,K0037,S012,2025-10-03,DOK,45
L008255,K0027,S005,2025-10-03,SCH,30
L008256,K0126,S018,2025-10-03,GRP,90
L008257,K0144,S008,2025-10-03,DOK,60
L008258,K0005,S012,2025-10-03,GRP,45
L008259,K0065,S011,2025-10-06,AST,60
L008260,K0091,S015,2025-10-06,BER,60
L008261,K0015,S014,2025-10-06,SCH,60
L008262,K0170,S014,2025-10-06,AST,120
L008263,K0033,S017,2025-10-06,FAL,45
L008264,K0053,S015,2025-10-06,BEG,30
L008265,K0154,S027,2025-10-06,DOK,60
L008266,K0088,S013,2025-10-06,DOK,30
L008267,K0070,S011,2025-10-06,AST,120
L008268,K0169,S021,2025-10-06,AST,90
L008269,K0088,S011,2025-10-06,GRP,45
L008270,K0032,S013,2025-10-06,GRP,60
L008271,K0038,S004,2025-10-06,BEG,30
L008272,K0060,S023,2025-10-06,AST,90
L008273,K0090,S015,2025-10-06,BER,60
L008274,K0115,S027,2025-10-06,GRP,120
L008275,K0130,S033,2025-10-06,BER,180
L008276,K0051,S023,2025-10-06,FAL,180
L008277,K0005,S023,2025-10-06,DOK,60
L008278,K0128,S008,2025-10-06,DOK,90
L008279,K0117,S008,2025-10-06,AST,120
L008280,K0161,S019,2025-10-06,AST,30
L008281,K0047,S006,2025-10-06,FAL,60
L008282,K0091,S006,2025-10-06,DOK,30
L008283,K0117,S007,2025-10-06,FAL,60
L008284,K0173,S021,2025-10-06,BER,90
L008285,K0007,S003,2025-10-06,AST,120
L008286,K0141,S018,2025-10-06,AST,180
L008287,K0070,S031,2025-10-06,DOK,120
L008288,K0155,S003,2025-10-06,DOK,60
L008289,K0099,S010,2025-10-06,BEG,45
L008290,K0063,S011,2025-10-06,BER,120
L008291,K0129,S003,2025-10-06,DOK,60
L008292,K0028,S008,2025-10-06,AST,60
L008293,K0170,S009,2025-10-06,AST,30
L008294,K0129,S006,2025-10-06,GRP,45
L008295,K0096,S034,2025-10-06,AST,90
L008296,K0015,S030,2025-10-06,AST,60
L008297,K0140,S003,2025-10-06,GRP,120
L008298,K0032,S003,2025-10-06,BEG,60
L008299,K0142,S006,2025-10-06,AST,180
L008300,K0178,S010,2025-10-06,FAL,90
L008301,K0112,S002,2025-10-06,DOK,45
L008302,K0008,S031,2025-10-06,AST,180
L008303,K0064,S011,2025-10-06,SCH,120
L008304,K0158,S015,2025-10-06,FAL,90
L008305,K0086,S003,2025-10-06,SCH,60
L008306,K0151,S013,2025-10-06,GRP,120
L008307,K0109,S031,2025-10-06,AST,30
L008308,K0143,S010,2025-10-07,AST,90
L008309,K0137,S029,2025-10-07,SCH,180
L008310,K0161,S026,2025-10-07,BEG,60
L008311,K0110,S002,2025-10-07,BER,30
L008312,K0110,S022,2025-10-07,AST,45
L008313,K0129,S002,2025-10-07,AST,180
L008314,K0127,S005,2025-10-07,BEG,30
L008315,K0004,S027,2025-10-07,DOK,180
L008316,K0031,S031,2025-10-07,FAL,60
L008317,K0031,S008,2025-10-07,SCH,45
L008318,K0116,S013,2025-10-07,GRP,90
L008319,K0140,S010,2025-10-07,AST,60
L008320,K0056,S019,2025-10-07,BEG,45
L008321,K0134,S013,2025-10-07,AST,30
L008322,K0066,S031,2025-10-07,SCH,60
L008323,K0173,S027,2025-10-07,GRP,60
L008324,K0176,S030,2025-10-07,SCH,120
L008325,K0122,S004,2025-10-07,SCH,60
L008326,K0040,S017,2025-10-07,AST,60
L008327,K0027,S016,2025-10-07,GRP,60
L008328,K0040,S023,2025-10-07,AST,45
L008329,K0030,S020,2025-10-07,SCH,30
L008330,K0136,S003,2025-10-07,AST,60
L008331,K0099,S025,2025-10-07,BEG,45
L008332,K0104,S004,2025-10-07,AST,30
L008333,K0014,S013,2025-10-07,AST,60
L008334,K0127,S016,2025-10-07,GRP,60
L008335,K0053,S010,2025-10-07,AST,30
L008336,K0060,S012,2025-10-07,DOK,30
L008337,K0068,S023,2025-10-07,DOK,60
L008338,K0147,S027,2025-10-07,GRP,120
L008339,K0005,S007,2025-10-07,AST,180
L008340,K0146,S012,2025-10-07,DOK,120
L008341,K0061,S012,2025-10-07,GRP,45
L008342,K0018,S023,2025-10-07,GRP,60
L008343,K0113,S026,2025-10-07,AST,90
L008344,K0154,S004,2025-10-07,AST,90
L008345,K0123,S019,2025-10-07,FAL,60
L008346,K0092,S004,2025-10-07,SCH,60
L008347,K0092,S030,2025-10-07,BEG,30
L008348,K0106,S003,2025-10-07,SCH,45
L008349,K0152,S026,2025-10-07,GRP,90
L008350,K0037,S009,2025-10-07,DOK,90
L008351,K0065,S012,2025-10-07,AST,60
L008352,K0065,S021,2025-10-07,BER,90
L008353,K0140,S022,2025-10-07,GRP,60
L008354,K0057,S023,2025-10-07,FAL,45
L008355,K0146,S008,2025-10-07,DOK,45
L008356,K0103,S002,2025-10-07,BEG,60
L008357,K0008,S007,2025-10-07,BER,60
L008358,K0134,S030,2025-10-07,AST,180
L008359,K0049,S030,2025-10-07,SCH,180
L008360,K0170,S023,2025-10-07,BER,60
L008361,K0129,S013,2025-10-07,SCH,180
L008362,K0154,S018,2025-10-07,SCH,60
L008363,K0134,S010,2025-10-07,FAL,90
L008364,K0039,S010,2025-10-07,BEG,180
L008365,K0046,S006,2025-10-07,GRP,90
L008366,K0135,S017,2025-10-07,BEG,120
L008367,K0083,S029,2025-10-08,SCH,120
L008368,K0178,S021,2025-10-08,DOK,60
L008369,K0173,S022,2025-10-08,AST,60
L008370,K0056,S021,2025-10-08,FAL,60
L008371,K0170,S012,2025-10-08,AST,30
L008372,K0080,S008,2025-10-08,AST,60
L008373,K0060,S021,2025-10-08,DOK,60
L008374,K0115,S005,2025-10-08,AST,30
L008375,K0143,S033,2025-10-08,GRP,30
L008376,K0081,S012,2025-10-08,SCH,120
L008377,K0013,S005,2025-10-08,AST,45
L008378,K0073,S021,2025-10-08,FAL,30
L008379,K0109,S027,2025-10-08,AST,180
L008380,K0050,S022,2025-10-08,GRP,90
L008381,K0154,S016,2025-10-08,BEG,120
L008382,K0074,S031,2025-10-08,AST,45
L008383,K0020,S003,2025-10-08,AST,60
L008384,K0075,S009,2025-10-08,SCH,60
L008385,K0061,S023,2025-10-08,FAL,30
L008386,K0114,S029,2025-10-08,FAL,30
L008387,K0070,S023,2025-10-08,GRP,90
L008388,K0039,S015,2025-10-08,DOK,30
L008389,K0063,S031,2025-10-08,BEG,60
L008390,K0149,S013,2025-10-08,AST,90
L008391,K0099,S017,2025-10-08,AST,30
L008392,K0161,S018,2025-10-08,BER,60
L008393,K0168,S026,2025-10-08,SCH,90
L008394,K0166,S023,2025-10-08,GRP,60
L008395,K0106,S026,2025-10-08,SCH,90
L008396,K0142,S014,2025-10-08,SCH,90
L008397,K0168,S021,2025-10-08,SCH,180
L008398,K0145,S025,2025-10-08,AST,180
L008399,K0109,S020,2025-10-08,AST,120
L008400,K0028,S013,2025-10-08,SCH,90
L008401,K0031,S029,2025-10-08,AST,120
L008402,K0032,S030,2025-10-08,DOK,90
L008403,K0053,S006,2025-10-08,SCH,60
L008404,K0089,S016,2025-10-08,FAL,60
L008405,K0091,S004,2025-10-08,AST,45
L008406,K0084,S016,2025-10-08,BER,60
L008407,K0050,S022,2025-10-08,SCH,30
L008408,K0025,S006,2025-10-09,SCH,60
L008409,K0101,S025,2025-10-09,SCH,90
L008410,K0080,S033,2025-10-09,AST,180
L008411,K0110,S034,2025-10-09,AST,60
L008412,K0101,S018,2025-10-09,GRP,60
L008413,K0114,S010,2025-10-09,FAL,60
L008414,K0072,S027,2025-10-09,GRP,180
L008415,K0085,S013,2025-10-09,BEG,45
L008416,K0154,S011,2025-10-09,AST,180
L008417,K0112,S026,2025-10-09,DOK,180
L008418,K0015,S023,2025-10-09,DOK,60
L008419,K0018,S030,2025-10-09,GRP,60
L008420,K0088,S017,2025-10-09,GRP,45
L008421,K0178,S005,2025-10-09,GRP,90
L008422,K0090,S034,2025-10-09,BEG,30
L008423,K0093,S034,2025-10-09,GRP,60
L008424,K0140,S030,2025-10-09,BEG,90
L008425,K0131,S011,2025-10-09,GRP,120
L008426,K0028,S030,2025-10-09,SCH,60
L008427,K0032,S019,2025-10-09,FAL,180
L008428,K0151,S018,2025-10-09,AST,90
L008429,K0134,S027,2025-10-09,AST,60
L008430,K0087,S017,2025-10-09,AST,60
L008431,K0080,S019,2025-10-09,AST,60
L008432,K0151,S031,2025-10-09,AST,45
L008433,K0064,S009,2025-10-09,AST,30
L008434,K0054,S031,2025-10-09,SCH,45
L008435,K0004,S030,2025-10-09,BEG,60
L008436,K0029,S025,2025-10-09,AST,60
L008437,K0145,S010,2025-10-09,DOK,60
L008438,K0142,S006,2025-10-09,AST,45
L008439,K0110,S011,2025-10-09,AST,30
L008440,K0109,S027,2025-10-09,BEG,60
L008441,K0096,S021,2025-10-09,DOK,90
L008442,K0087,S006,2025-10-09,AST,60
L008443,K0010,S022,2025-10-09,BER,30
L008444,K0088,S033,2025-10-09,BEG,60
L008445,K0029,S016,2025-10-09,AST,60
L008446,K0094,S002,2025-10-09,BER,180
L008447,K0005,S026,2025-10-09,AST,180
L008448,K0140,S005,2025-10-10,BER,60
L008449,K0029,S007,2025-10-10,DOK,30
L008450,K0173,S006,2025-10-10,AST,90
L008451,K0069,S027,2025-10-10,DOK,180
L008452,K0019,S034,2025-10-10,FAL,60
L008453,K0109,S004,2025-10-10,AST,30
L008454,K0117,S020,2025-10-10,AST,120
L008455,K0035,S011,2025-10-10,AST,60
L008456,K0155,S034,2025-10-10,SCH,60
L008457,K0170,S009,2025-10-10,FAL,60
L008458,K0117,S026,2025-10-10,AST,60
L008459,K0059,S027,2025-10-10,AST,90
L008460,K0090,S026,2025-10-10,GRP,60
L008461,K0036,S021,2025-10-10,SCH,60
L008462,K0110,S008,2025-10-10,GRP,60
L008463,K0125,S014,2025-10-10,GRP,60
L008464,K0020,S007,2025-10-10,FAL,60
L008465,K0136,S008,2025-10-10,AST,30
L008466,K0073,S010,2025-10-10,AST,90
L008467,K0046,S030,2025-10-10,BEG,180
L008468,K0078,S021,2025-10-10,AST,45
L008469,K0069,S010,2025-10-10,GRP,30
L008470,K0028,S009,2025-10-10,SCH,45
L008471,K0114,S034,2025-10-10,SCH,120
L008472,K0014,S016,2025-10-10,AST,45
L008473,K0145,S029,2025-10-10,AST,120
L008474,K0138,S022,2025-10-10,GRP,60
L008475,K0116,S005,2025-10-10,AST,90
L008476,K0086,S018,2025-10-10,SCH,90
L008477,K0023,S014,2025-10-10,GRP,60
L008478,K0029,S020,2025-10-10,AST,60
L008479,K0061,S016,2025-10-10,AST,90
L008480,K0063,S011,2025-10-10,AST,90
L008481,K0050,S003,2025-10-10,BEG,120
L008482,K0027,S021,2025-10-10,AST,60
L008483,K0061,S030,2025-10-10,AST,60
L008484,K0082,S007,2025-10-10,FAL,45
L008485,K0122,S021,2025-10-10,AST,60
L008486,K0109,S019,2025-10-10,SCH,120
L008487,K0149,S008,2025-10-10,DOK,60
L008488,K0156,S004,2025-10-13,AST,180
L008489,K0078,S019,2025-10-13,SCH,45
L008490,K0006,S004,2025-10-13,AST,60
L008491,K0071,S020,2025-10-13,DOK,180
L008492,K0021,S014,2025-10-13,AST,30
L008493,K0127,S010,2025-10-13,AST,60
L008494,K0112,S033,2025-10-13,AST,45
L008495,K0047,S030,2025-10-13,SCH,45
L008496,K0035,S017,2025-10-13,AST,30
L008497,K0019,S019,2025-10-13,BER,60
L008498,K0002,S017,2025-10-13,AST,60
L008499,K0117,S002,2025-10-13,DOK,120
L008500,K0046,S012,2025-10-13,AST,60
L008501,K0030,S030,2025-10-13,GRP,30
L008502,K0126,S007,2025-10-13,GRP,180
L008503,K0106,S012,2025-10-13,AST,120
L008504,K0114,S020,2025-10-13,GRP,90
L008505,K0008,S009,2025-10-13,BER,60
L008506,K0127,S029,2025-10-13,BEG,60
L008507,K0146,S015,2025-10-13,DOK,60
L008508,K0157,S018,2025-10-13,AST,90
L008509,K0036,S016,2025-10-13,SCH,60
L008510,K0112,S031,2025-10-13,AST,60
L008511,K0051,S021,2025-10-13,FAL,60
L008512,K0034,S004,2025-10-13,GRP,180
L008513,K0170,S022,2025-10-13,FAL,60
L008514,K0035,S011,2025-10-13,AST,180
L008515,K0080,S027,2025-10-13,AST,60
L008516,K0117,S023,2025-10-13,DOK,60
L008517,K0043,S015,2025-10-13,SCH,180
L008518,K0021,S002,2025-10-13,AST,120
L008519,K0013,S018,2025-10-13,DOK,90
L008520,K0033,S009,2025-10-13,GRP,45
L008521,K0072,S007,2025-10-13,SCH,45
L008522,K0149,S020,2025-10-13,BER,120
L008523,K0074,S020,2025-10-13,FAL,90
L008524,K0057,S016,2025-10-13,AST,45
L008525,K0091,S029,2025-10-13,DOK,60
L008526,K0061,S030,2025-10-13,DOK,60
L008527,K0061,S007,2025-10-13,GRP,90
L008528,K0110,S015,2025-10-13,AST,60
L008529,K0082,S005,2025-10-13,FAL,45
L008530,K0027,S012,2025-10-13,BEG,60
L008531,K0114,S002,2025-10-13,GRP,120
L008532,K0018,S007,2025-10-13,DOK,60
L008533,K0066,S022,2025-10-13,GRP,30
L008534,K0148,S002,2025-10-13,AST,120
L008535,K0099,S013,2025-10-13,BEG,120
L008536,K0113,S018,2025-10-13,DOK,90
L008537,K0061,S017,2025-10-13,AST,30
L008538,K0089,S004,2025-10-13,GRP,60
L008539,K0117,S027,2025-10-13,SCH,60
L008540,K0110,S013,2025-10-13,AST,90
L008541,K0175,S026,2025-10-14,AST,60
L008542,K0005,S033,2025-10-14,SCH,60
L008543,K0170,S033,2025-10-14,BEG,120
L008544,K0056,S004,2025-10-14,SCH,180
L008545,K0060,S031,2025-10-14,BER,120
L008546,K0097,S031,2025-10-14,AST,60
L008547,K0130,S029,2025-10-14,DOK,30
L008548,K0003,S011,2025-10-14,GRP,60
L008549,K0147,S012,2025-10-14,DOK,30
L008550,K0060,S019,2025-10-14,GRP,180
L008551,K0050,S004,2025-10-14,GRP,60
L008552,K0178,S004,2025-10-14,DOK,45
L008553,K0110,S002,2025-10-14,AST,90
L008554,K0175,S008,2025-10-14,GRP,90
L008555,K0071,S031,2025-10-14,GRP,90
L008556,K0146,S011,2025-10-14,GRP,45
L008557,K0036,S021,2025-10-14,AST,180
L008558,K0076,S019,2025-10-14,AST,30
L008559,K0007,S020,2025-10-14,AST,90
L008560,K0051,S021,2025-10-14,AST,45
L008561,K0045,S013,2025-10-14,AST,45
L008562,K0129,S019,2025-10-14,AST,60
L008563,K0170,S010,2025-10-14,AST,60
L008564,K0045,S025,2025-10-14,FAL,60
L008565,K0071,S021,2025-10-14,DOK,120
L008566,K0050,S005,2025-10-14,FAL,30
L008567,K0161,S019,2025-10-14,BEG,180
L008568,K0040,S014,2025-10-14,SCH,60
L008569,K0049,S030,2025-10-14,AST,90
L008570,K0128,S014,2025-10-14,AST,60
L008571,K0050,S016,2025-10-14,DOK,30
L008572,K0006,S018,2025-10-14,BER,120
L008573,K0059,S025,2025-10-14,DOK,120
L008574,K0065,S011,2025-10-14,FAL,180
L008575,K0165,S031,2025-10-14,SCH,120
L008576,K0110,S010,2025-10-14,SCH,45
L008577,K0038,S017,2025-10-14,GRP,90
L008578,K0146,S034,2025-10-14,BER,60
L008579,K0002,S031,2025-10-14,SCH,60
L008580,K0152,S016,2025-10-14,GRP,60
L008581,K0129,S009,2025-10-14,AST,90
L008582,K0005,S021,2025-10-14,BER,30
L008583,K0154,S007,2025-10-14,AST,180
L008584,K0034,S030,2025-10-14,AST,60
L008585,K0056,S022,2025-10-14,SCH,30
L008586,K0039,S034,2025-10-14,AST,90
L008587,K0032,S018,2025-10-14,GRP,90
L008588,K0074,S026,2025-10-14,AST,30
L008589,K0160,S012,2025-10-14,SCH,60
L008590,K0170,S007,2025-10-14,BER,120
L008591,K0167,S016,2025-10-15,BEG,45
L008592,K0035,S003,2025-10-15,AST,45
L008593,K0135,S005,2025-10-15,GRP,120
L008594,K0064,S011,2025-10-15,SCH,180
L008595,K0112,S020,2025-10-15,BEG,120
L008596,K0066,S015,2025-10-15,GRP,180
L008597,K0035,S017,2025-10-15,SCH,60
L008598,K0036,S017,2025-10-15,AST,30
L008599,K0076,S002,2025-10-15,BER,90
L008600,K0167,S003,2025-10-15,GRP,60
L008601,K0064,S029,2025-10-15,SCH,180
L008602,K0023,S008,2025-10-15,DOK,30
L008603,K0081,S003,2025-10-15,AST,45
L008604,K0143,S016,2025-10-15,BEG,45
L008605,K0131,S009,2025-10-15,BEG,45
L008606,K0062,S034,2025-10-15,AST,60
L008607,K0131,S011,2025-10-15,BEG,60
L008608,K0134,S034,2025-10-15,BEG,45
L008609,K0110,S010,2025-10-15,BEG,90
L008610,K0147,S009,2025-10-15,GRP,45
L008611,K0151,S011,2025-10-15,FAL,180
L008612,K0074,S021,2025-10-15,AST,45
L008613,K0134,S003,2025-10-15,AST,45
L008614,K0086,S020,2025-10-15,BEG,60
L008615,K0032,S009,2025-10-15,AST,90
L008616,K0142,S015,2025-10-15,AST,30
L008617,K0084,S034,2025-10-15,AST,60
L008618,K0162,S015,2025-10-15,GRP,60
L008619,K0144,S004,2025-10-15,SCH,90
L008620,K0025,S031,2025-10-15,GRP,45
L008621,K0060,S031,2025-10-15,AST,60
L008622,K0143,S017,2025-10-15,GRP,60
L008623,K0066,S006,2025-10-15,AST,60
L008624,K0125,S026,2025-10-15,SCH,60
L008625,K0062,S023,2025-10-15,AST,120
L008626,K0088,S020,2025-10-15,AST,30
L008627,K0168,S026,2025-10-15,GRP,45
L008628,K0146,S005,2025-10-15,DOK,45
L008629,K0047,S033,2025-10-15,SCH,60
L008630,K0126,S006,2025-10-15,DOK,60
L008631,K0140,S006,2025-10-15,SCH,90
L008632,K0082,S030,2025-10-15,FAL,90
L008633,K0169,S034,2025-10-15,AST,45
L008634,K0059,S030,2025-10-15,BEG,180
L008635,K0044,S012,2025-10-16,SCH,90
L008636,K0084,S007,2025-10-16,AST,30
L008637,K0003,S030,2025-10-16,BEG,45
L008638,K0058,S014,2025-10-16,SCH,120
L008639,K0072,S010,2025-10-16,DOK,120
L008640,K0044,S017,2025-10-16,AST,60
L008641,K0128,S030,2025-10-16,AST,90
L008642,K0141,S007,2025-10-16,AST,60
L008643,K0088,S017,2025-10-16,BEG,60
L008644,K0160,S029,2025-10-16,FAL,120
L008645,K0081,S016,2025-10-16,BEG,45
L008646,K0060,S013,2025-10-16,AST,180
L008647,K0064,S023,2025-10-16,AST,90
L008648,K0044,S034,2025-10-16,GRP,45
L008649,K0149,S020,2025-10-16,SCH,60
L008650,K0109,S019,2025-10-16,FAL,60
L008651,K0058,S021,2025-10-16,GRP,180
L008652,K0075,S007,2025-10-16,AST,30
L008653,K0024,S022,2025-10-16,SCH,45
L008654,K0087,S015,2025-10-16,SCH,60
L008655,K0032,S025,2025-10-16,BEG,180
L008656,K0046,S003,2025-10-16,DOK,180
L008657,K0002,S005,2025-10-16,SCH,60
L008658,K0022,S034,2025-10-16,GRP,60
L008659,K0149,S027,2025-10-16,AST,60
L008660,K0047,S012,2025-10-16,AST,90
L008661,K0116,S014,2025-10-16,SCH,45
L008662,K0111,S005,2025-10-16,AST,60
L008663,K0083,S014,2025-10-16,BER,60
L008664,K0168,S020,2025-10-16,AST,120
L008665,K0122,S021,2025-10-16,DOK,120
L008666,K0023,S027,2025-10-16,BEG,90
L008667,K0128,S002,2025-10-16,DOK,120
L008668,K0040,S029,2025-10-16,AST,180
L008669,K0169,S026,2025-10-16,BEG,90
L008670,K0070,S015,2025-10-16,SCH,60
L008671,K0013,S012,2025-10-16,SCH,60
L008672,K0091,S006,2025-10-16,GRP,120
L008673,K0044,S013,2025-10-16,BER,45
L008674,K0021,S009,2025-10-16,AST,30
L008675,K0174,S002,2025-10-16,GRP,60
L008676,K0085,S034,2025-10-16,SCH,60
L008677,K0148,S017,2025-10-16,GRP,120
L008678,K0162,S033,2025-10-16,SCH,180
L008679,K0153,S002,2025-10-16,BER,30
L008680,K0061,S029,2025-10-16,BEG,60
L008681,K0044,S007,2025-10-16,BEG,60
L008682,K0006,S021,2025-10-16,FAL,60
L008683,K0171,S034,2025-10-16,SCH,30
L008684,K0094,S027,2025-10-16,BER,60
L008685,K0095,S030,2025-10-16,AST,45
L008686,K0024,S016,2025-10-16,SCH,120
L008687,K0130,S017,2025-10-16,SCH,180
L008688,K0023,S027,2025-10-16,DOK,120
L008689,K0155,S007,2025-10-16,AST,60
L008690,K0110,S034,2025-10-16,FAL,180
L008691,K0155,S017,2025-10-16,DOK,120
L008692,K0030,S033,2025-10-16,SCH,180
L008693,K0167,S033,2025-10-17,AST,90
L008694,K0032,S033,2025-10-17,GRP,60
L008695,K0171,S020,2025-10-17,SCH,60
L008696,K0014,S033,2025-10-17,GRP,30
L008697,K0082,S010,2025-10-17,AST,180
L008698,K0056,S019,2025-10-17,BEG,90
L008699,K0097,S009,2025-10-17,AST,45
L008700,K0047,S006,2025-10-17,GRP,30
L008701,K0013,S023,2025-10-17,BER,45
L008702,K0009,S012,2025-10-17,GRP,60
L008703,K0115,S025,2025-10-17,SCH,120
L008704,K0151,S030,2025-10-17,SCH,60
L008705,K0087,S030,2025-10-17,GRP,120
L008706,K0180,S013,2025-10-17,BER,30
L008707,K0007,S031,2025-10-17,GRP,45
L008708,K0044,S026,2025-10-17,AST,90
L008709,K0075,S027,2025-10-17,AST,45
L008710,K0024,S015,2025-10-17,BER,45
L008711,K0037,S007,2025-10-17,SCH,120
L008712,K0152,S021,2025-10-17,GRP,90
L008713,K0038,S017,2025-10-17,BEG,60
L008714,K0177,S017,2025-10-17,AST,60
L008715,K0036,S013,2025-10-17,SCH,45
L008716,K0138,S018,2025-10-17,FAL,180
L008717,K0170,S019,2025-10-17,SCH,120
L008718,K0015,S033,2025-10-17,GRP,90
L008719,K0037,S008,2025-10-17,AST,120
L008720,K0123,S007,2025-10-17,AST,45
L008721,K0090,S023,2025-10-17,DOK,30
L008722,K0055,S012,2025-10-17,SCH,180
L008723,K0157,S023,2025-10-17,BEG,30
L008724,K0087,S023,2025-10-17,BEG,60
L008725,K0072,S006,2025-10-17,BEG,120
L008726,K0031,S004,2025-10-17,AST,45
L008727,K0144,S007,2025-10-17,DOK,120
L008728,K0020,S012,2025-10-17,GRP,30
L008729,K0093,S025,2025-10-17,AST,60
L008730,K0122,S004,2025-10-17,FAL,60
L008731,K0116,S007,2025-10-17,DOK,180
L008732,K0169,S022,2025-10-17,SCH,120
L008733,K0165,S030,2025-10-17,GRP,30
L008734,K0148,S033,2025-10-17,AST,180
L008735,K0131,S023,2025-10-17,SCH,30
L008736,K0113,S009,2025-10-20,AST,45
L008737,K0010,S026,2025-10-20,GRP,60
L008738,K0153,S009,2025-10-20,AST,180
L008739,K0038,S007,2025-10-20,AST,60
L008740,K0088,S005,2025-10-20,BEG,90
L008741,K0133,S011,2025-10-20,SCH,120
L008742,K0058,S022,2025-10-20,GRP,60
L008743,K0096,S021,2025-10-20,AST,60
L008744,K0094,S002,2025-10-20,AST,30
L008745,K0090,S027,2025-10-20,SCH,60
L008746,K0153,S025,2025-10-20,BEG,45
L008747,K0031,S006,2025-10-20,AST,30
L008748,K0050,S007,2025-10-20,BER,30
L008749,K0169,S002,2025-10-20,FAL,60
L008750,K0047,S014,2025-10-20,SCH,120
L008751,K0035,S013,2025-10-20,BEG,45
L008752,K0051,S002,2025-10-20,SCH,180
L008753,K0071,S021,2025-10-20,GRP,60
L008754,K0166,S019,2025-10-20,AST,60
L008755,K0149,S004,2025-10-20,AST,60
L008756,K0039,S015,2025-10-20,GRP,60
L008757,K0045,S010,2025-10-20,GRP,90
L008758,K0153,S029,2025-10-20,AST,90
L008759,K0048,S012,2025-10-20,DOK,120
L008760,K0070,S027,2025-10-20,SCH,60
L008761,K0123,S027,2025-10-20,AST,90
L008762,K0081,S026,2025-10-20,SCH,90
L008763,K0022,S006,2025-10-20,AST,120
L008764,K0063,S026,2025-10-20,AST,120
L008765,K0049,S030,2025-10-20,GRP,90
L008766,K0175,S002,2025-10-20,SCH,120
L008767,K0004,S005,2025-10-20,BEG,90
L008768,K0068,S026,2025-10-20,SCH,180
L008769,K0061,S004,2025-10-20,BER,60
L008770,K0028,S007,2025-10-20,DOK,90
L008771,K0149,S014,2025-10-20,FAL,60
L008772,K0129,S030,2025-10-20,AST,60
L008773,K0103,S017,2025-10-20,AST,120
L008774,K0091,S011,2025-10-20,AST,45
L008775,K0072,S006,2025-10-20,DOK,60
L008776,K0173,S004,2025-10-21,GRP,60
L008777,K0088,S033,2025-10-21,GRP,30
L008778,K0125,S021,2025-10-21,AST,90
L008779,K0117,S029,2025-10-21,AST,120
L008780,K0147,S022,2025-10-21,BEG,180
L008781,K0048,S015,2025-10-21,AST,90
L008782,K0024,S007,2025-10-21,DOK,60
L008783,K0155,S009,2025-10-21,FAL,60
L008784,K0056,S017,2025-10-21,SCH,120
L008785,K0006,S015,2025-10-21,BER,45
L008786,K0048,S025,2025-10-21,BEG,30
L008787,K0058,S013,2025-10-21,SCH,180
L008788,K0103,S008,2025-10-21,GRP,30
L008789,K0093,S007,2025-10-21,SCH,90
L008790,K0180,S029,2025-10-21,AST,120
L008791,K0075,S016,2025-10-21,SCH,60
L008792,K0116,S006,2025-10-21,FAL,60
L008793,K0134,S002,2025-10-21,DOK,180
L008794,K0042,S009,2025-10-21,GRP,120
L008795,K0050,S022,2025-10-21,AST,120
L008796,K0063,S025,2025-10-21,GRP,45
L008797,K0062,S029,2025-10-21,AST,180
L008798,K0095,S002,2025-10-21,AST,120
L008799,K0039,S015,2025-10-21,BER,180
L008800,K0029,S029,2025-10-21,BEG,120
L008801,K0147,S005,2025-10-21,GRP,120
L008802,K0013,S013,2025-10-21,AST,60
L008803,K0050,S013,2025-10-21,BEG,30
L008804,K0142,S010,2025-10-21,AST,180
L008805,K0029,S011,2025-10-21,SCH,120
L008806,K0051,S002,2025-10-21,AST,45
L008807,K0008,S002,2025-10-21,GRP,45
L008808,K0180,S002,2025-10-21,GRP,180
L008809,K0112,S016,2025-10-21,GRP,60
L008810,K0106,S023,2025-10-21,AST,120
L008811,K0007,S018,2025-10-21,DOK,45
L008812,K0013,S012,2025-10-21,AST,90
L008813,K0006,S017,2025-10-21,BEG,30
L008814,K0022,S003,2025-10-21,AST,60
L008815,K0068,S008,2025-10-21,GRP,60
L008816,K0003,S025,2025-10-21,SCH,60
L008817,K0131,S027,2025-10-21,BEG,90
L008818,K0149,S022,2025-10-21,AST,120
L008819,K0081,S022,2025-10-21,GRP,30
L008820,K0122,S031,2025-10-22,AST,120
L008821,K0144,S009,2025-10-22,GRP,60
L008822,K0082,S029,2025-10-22,AST,30
L008823,K0104,S031,2025-10-22,AST,90
L008824,K0154,S008,2025-10-22,AST,30
L008825,K0092,S026,2025-10-22,SCH,30
L008826,K0049,S007,2025-10-22,DOK,180
L008827,K0034,S029,2025-10-22,AST,45
L008828,K0176,S034,2025-10-22,FAL,180
L008829,K0114,S008,2025-10-22,GRP,120
L008830,K0169,S023,2025-10-22,AST,90
L008831,K0071,S025,2025-10-22,DOK,120
L008832,K0069,S019,2025-10-22,BEG,90
L008833,K0061,S020,2025-10-22,FAL,30
L008834,K0043,S018,2025-10-22,AST,90
L008835,K0142,S025,2025-10-22,GRP,180
L008836,K0126,S022,2025-10-22,BEG,45
L008837,K0140,S006,2025-10-22,BEG,60
L008838,K0007,S034,2025-10-22,AST,30
L008839,K0076,S007,2025-10-22,DOK,60
L008840,K0168,S009,2025-10-22,FAL,45
L008841,K0021,S003,2025-10-22,BER,120
L008842,K0141,S021,2025-10-22,AST,90
L008843,K0089,S018,2025-10-22,FAL,90
L008844,K0014,S007,2025-10-22,GRP,45
L008845,K0022,S015,2025-10-22,SCH,60
L008846,K0018,S005,2025-10-22,SCH,120
L008847,K0031,S025,2025-10-22,GRP,60
L008848,K0034,S007,2025-10-22,AST,60
L008849,K0095,S010,2025-10-22,AST,90
L008850,K0093,S015,2025-10-22,SCH,30
L008851,K0114,S019,2025-10-22,GRP,90
L008852,K0129,S009,2025-10-22,GRP,45
L008853,K0010,S011,2025-10-22,BEG,90
L008854,K0005,S022,2025-10-22,GRP,30
L008855,K0029,S031,2025-10-22,AST,90
L008856,K0166,S033,2025-10-22,SCH,60
L008857,K0002,S015,2025-10-22,BER,45
L008858,K0010,S027,2025-10-22,GRP,180
L008859,K0098,S016,2025-10-22,BEG,30
L008860,K0124,S016,2025-10-22,DOK,45
L008861,K0116,S019,2025-10-22,SCH,60
L008862,K0141,S007,2025-10-22,AST,180
L008863,K0068,S002,2025-10-22,SCH,60
L008864,K0070,S015,2025-10-22,BEG,90
L008865,K0138,S020,2025-10-22,BEG,45
L008866,K0072,S023,2025-10-22,BER,120
L008867,K0045,S023,2025-10-22,AST,120
L008868,K0144,S009,2025-10-22,AST,30
L008869,K0035,S023,2025-10-22,BEG,120
L008870,K0081,S023,2025-10-22,AST,30
L008871,K0171,S007,2025-10-22,FAL,120
L008872,K0180,S004,2025-10-22,SCH,180
L008873,K0154,S019,2025-10-22,AST,60
L008874,K0035,S027,2025-10-23,GRP,120
L008875,K0075,S013,2025-10-23,BEG,90
L008876,K0020,S022,2025-10-23,DOK,30
L008877,K0169,S022,2025-10-23,DOK,60
L008878,K0028,S022,2025-10-23,AST,60
L008879,K0142,S018,2025-10-23,AST,45
L008880,K0113,S019,2025-10-23,SCH,120
L008881,K0030,S029,2025-10-23,BEG,180
L008882,K0039,S023,2025-10-23,BEG,60
L008883,K0148,S013,2025-10-23,DOK,60
L008884,K0104,S023,2025-10-23,AST,180
L008885,K0156,S012,2025-10-23,GRP,45
L008886,K0032,S025,2025-10-23,BEG,60
L008887,K0007,S002,2025-10-23,BEG,180
L008888,K0176,S002,2025-10-23,BEG,60
L008889,K0009,S026,2025-10-23,AST,180
L008890,K0055,S017,2025-10-23,DOK,90
L008891,K0143,S034,2025-10-23,AST,180
L008892,K0086,S013,2025-10-23,GRP,45
L008893,K0117,S015,2025-10-23,DOK,120
L008894,K0053,S005,2025-10-23,AST,180
L008895,K0098,S012,2025-10-23,SCH,60
L008896,K0058,S012,2025-10-23,AST,120
L008897,K0014,S007,2025-10-23,AST,45
L008898,K0171,S017,2025-10-23,AST,90
L008899,K0061,S019,2025-10-23,BER,60
L008900,K0045,S011,2025-10-23,AST,60
L008901,K0135,S022,2025-10-23,SCH,90
L008902,K0071,S007,2025-10-23,DOK,180
L008903,K0101,S005,2025-10-23,GRP,180
L008904,K0165,S031,2025-10-23,SCH,90
L008905,K0036,S021,2025-10-23,FAL,180
L008906,K0066,S019,2025-10-23,AST,180
L008907,K0120,S018,2025-10-23,FAL,45
L008908,K0101,S033,2025-10-23,GRP,180
L008909,K0148,S034,2025-10-23,SCH,120
L008910,K0149,S009,2025-10-23,DOK,180
L008911,K0154,S008,2025-10-23,SCH,60
L008912,K0043,S006,2025-10-23,SCH,60
L008913,K0180,S014,2025-10-23,SCH,90
L008914,K0115,S013,2025-10-23,SCH,120
L008915,K0113,S005,2025-10-23,FAL,90
L008916,K0149,S005,2025-10-23,SCH,90
L008917,K0136,S020,2025-10-23,SCH,30
L008918,K0075,S022,2025-10-23,BEG,30
L008919,K0040,S011,2025-10-23,DOK,60
L008920,K0104,S009,2025-10-23,BEG,180
L008921,K0087,S034,2025-10-23,SCH,120
L008922,K0080,S030,2025-10-23,GRP,180
L008923,K0101,S033,2025-10-23,BEG,180
L008924,K0035,S013,2025-10-24,FAL,90
L008925,K0064,S012,2025-10-24,AST,90
L008926,K0072,S015,2025-10-24,GRP,60
L008927,K0004,S033,2025-10-24,SCH,45
L008928,K0069,S025,2025-10-24,BEG,60
L008929,K0034,S003,2025-10-24,GRP,90
L008930,K0039,S021,2025-10-24,BEG,60
L008931,K0147,S009,2025-10-24,FAL,60
L008932,K0030,S005,2025-10-24,GRP,60
L008933,K0005,S017,2025-10-24,GRP,30
L008934,K0059,S010,2025-10-24,AST,120
L008935,K0148,S016,2025-10-24,DOK,30
L008936,K0088,S009,2025-10-24,GRP,45
L008937,K0069,S017,2025-10-24,AST,60
L008938,K0133,S016,2025-10-24,GRP,120
L008939,K0151,S025,2025-10-24,BER,60
L008940,K0096,S008,2025-10-24,SCH,180
L008941,K0094,S004,2025-10-24,SCH,30
L008942,K0028,S008,2025-10-24,SCH,180
L008943,K0120,S011,2025-10-24,BEG,45
L008944,K0019,S023,2025-10-24,AST,180
L008945,K0004,S002,2025-10-24,SCH,60
L008946,K0152,S017,2025-10-24,AST,45
L008947,K0159,S031,2025-10-24,GRP,120
L008948,K0064,S026,2025-10-24,GRP,60
L008949,K0024,S004,2025-10-24,AST,90
L008950,K0086,S029,2025-10-24,GRP,90
L008951,K0131,S026,2025-10-24,GRP,120
L008952,K0050,S020,2025-10-24,GRP,120
L008953,K0166,S029,2025-10-24,FAL,90
L008954,K0020,S009,2025-10-24,SCH,30
L008955,K0047,S018,2025-10-24,AST,45
L008956,K0085,S030,2025-10-24,GRP,60
L008957,K0139,S022,2025-10-24,SCH,60
L008958,K0040,S002,2025-10-24,DOK,120
L008959,K0116,S020,2025-10-24,GRP,45
L008960,K0138,S020,2025-10-24,SCH,180
L008961,K0099,S030,2025-10-24,GRP,90
L008962,K0069,S012,2025-10-24,AST,30
L008963,K0045,S010,2025-10-24,AST,90
L008964,K0023,S011,2025-10-24,FAL,30
L008965,K0152,S005,2025-10-24,GRP,180
L008966,K0109,S015,2025-10-24,AST,180
L008967,K0156,S008,2025-10-24,AST,30
L008968,K0177,S012,2025-10-24,AST,45
L008969,K0021,S027,2025-10-24,BEG,45
L008970,K0123,S006,2025-10-24,BER,90
L008971,K0086,S025,2025-10-24,AST,45
L008972,K0168,S005,2025-10-24,GRP,45
L008973,K0095,S005,2025-10-24,AST,60
L008974,K0034,S008,2025-10-24,SCH,120
L008975,K0086,S012,2025-10-27,BEG,90
L008976,K0006,S017,2025-10-27,AST,180
L008977,K0014,S020,2025-10-27,GRP,120
L008978,K0104,S031,2025-10-27,DOK,60
L008979,K0014,S019,2025-10-27,BEG,180
L008980,K0077,S017,2025-10-27,BEG,180
L008981,K0176,S014,2025-10-27,FAL,45
L008982,K0059,S025,2025-10-27,AST,60
L008983,K0083,S008,2025-10-27,GRP,30
L008984,K0180,S027,2025-10-27,AST,30
L008985,K0103,S008,2025-10-27,SCH,30
L008986,K0030,S008,2025-10-27,AST,45
L008987,K0097,S013,2025-10-27,GRP,90
L008988,K0074,S033,2025-10-27,AST,120
L008989,K0140,S029,2025-10-27,SCH,60
L008990,K0169,S034,2025-10-27,DOK,90
L008991,K0159,S011,2025-10-27,AST,90
L008992,K0161,S004,2025-10-27,SCH,180
L008993,K0062,S021,2025-10-27,BEG,60
L008994,K0047,S014,2025-10-27,BEG,90
L008995,K0068,S020,2025-10-27,AST,30
L008996,K0152,S027,2025-10-27,SCH,180
L008997,K0112,S017,2025-10-27,AST,60
L008998,K0086,S027,2025-10-27,AST,120
L008999,K0007,S009,2025-10-27,SCH,90
L009000,K0167,S004,2025-10-27,DOK,60
L009001,K0065,S029,2025-10-27,GRP,45
L009002,K0097,S016,2025-10-27,AST,45
L009003,K0075,S018,2025-10-27,GRP,45
L009004,K0174,S013,2025-10-27,DOK,180
L009005,K0160,S007,2025-10-27,DOK,60
L009006,K0101,S019,2025-10-27,SCH,60
L009007,K0142,S009,2025-10-27,AST,30
L009008,K0070,S027,2025-10-27,GRP,30
L009009,K0064,S026,2025-10-27,FAL,45
L009010,K0045,S021,2025-10-27,SCH,120
L009011,K0097,S033,2025-10-27,AST,45
L009012,K0072,S015,2025-10-27,GRP,90
L009013,K0036,S026,2025-10-27,BEG,180
L009014,K0147,S031,2025-10-27,AST,30
L009015,K0089,S007,2025-10-27,FAL,180
L009016,K0124,S031,2025-10-27,BEG,120
L009017,K0165,S015,2025-10-27,SCH,120
L009018,K0114,S011,2025-10-27,DOK,180
L009019,K0131,S025,2025-10-27,DOK,60
L009020,K0003,S014,2025-10-27,SCH,30
L009021,K0110,S008,2025-10-27,FAL,45
L009022,K0059,S013,2025-10-27,DOK,120
L009023,K0081,S002,2025-10-27,DOK,60
L009024,K0007,S027,2025-10-27,SCH,45
L009025,K0180,S011,2025-10-27,AST,30
L009026,K0095,S006,2025-10-27,SCH,45
L009027,K0080,S022,2025-10-27,SCH,60
L009028,K0145,S010,2025-10-28,AST,30
L009029,K0040,S020,2025-10-28,SCH,90
L009030,K0069,S026,2025-10-28,DOK,60
L009031,K0058,S003,2025-10-28,BER,60
L009032,K0042,S004,2025-10-28,FAL,120
L009033,K0088,S015,2025-10-28,DOK,60
L009034,K0098,S019,2025-10-28,BER,60
L009035,K0092,S033,2025-10-28,SCH,90
L009036,K0126,S004,2025-10-28,DOK,60
L009037,K0002,S008,2025-10-28,AST,90
L009038,K0075,S023,2025-10-28,AST,30
L009039,K0027,S018,2025-10-28,DOK,45
L009040,K0041,S009,2025-10-28,BEG,60
L009041,K0090,S029,2025-10-28,DOK,30
L009042,K0068,S004,2025-10-28,BER,60
L009043,K0061,S007,2025-10-28,AST,180
L009044,K0048,S013,2025-10-28,DOK,180
L009045,K0145,S029,2025-10-28,GRP,60
L009046,K0043,S019,2025-10-28,FAL,60
L009047,K0130,S016,2025-10-28,SCH,90
L009048,K0062,S002,2025-10-28,DOK,120
L009049,K0115,S003,2025-10-28,AST,30
L009050,K0120,S021,2025-10-28,AST,45
L009051,K0161,S012,2025-10-28,BER,180
L009052,K0080,S009,2025-10-28,SCH,60
L009053,K0151,S007,2025-10-28,AST,30
L009054,K0045,S003,2025-10-28,BER,45
L009055,K0160,S012,2025-10-28,AST,120
L009056,K0103,S014,2025-10-28,FAL,180
L009057,K0138,S031,2025-10-28,DOK,90
L009058,K0159,S007,2025-10-28,GRP,60
L009059,K0091,S014,2025-10-28,BEG,60
L009060,K0170,S018,2025-10-28,AST,90
L009061,K0088,S031,2025-10-28,SCH,180
L009062,K0090,S026,2025-10-28,DOK,60
L009063,K0177,S008,2025-10-28,SCH,180
L009064,K0120,S019,2025-10-28,BER,60
L009065,K0155,S006,2025-10-28,FAL,60
L009066,K0023,S011,2025-10-28,DOK,60
L009067,K0049,S020,2025-10-29,AST,60
L009068,K0088,S034,2025-10-29,SCH,180
L009069,K0007,S003,2025-10-29,AST,120
L009070,K0093,S015,2025-10-29,GRP,180
L009071,K0007,S009,2025-10-29,AST,60
L009072,K0099,S006,2025-10-29,AST,45
L009073,K0064,S020,2025-10-29,GRP,180
L009074,K0038,S013,2025-10-29,AST,60
L009075,K0086,S030,2025-10-29,SCH,90
L009076,K0142,S020,2025-10-29,AST,90
L009077,K0097,S009,2025-10-29,AST,60
L009078,K0035,S003,2025-10-29,AST,45
L009079,K0154,S014,2025-10-29,BEG,120
L009080,K0077,S008,2025-10-29,FAL,90
L009081,K0049,S030,2025-10-29,SCH,180
L009082,K0085,S005,2025-10-29,BEG,45
L009083,K0044,S026,2025-10-29,SCH,90
L009084,K0095,S015,2025-10-29,BER,45
L009085,K0036,S009,2025-10-29,AST,45
L009086,K0029,S010,2025-10-29,AST,60
L009087,K0142,S025,2025-10-29,GRP,90
L009088,K0089,S015,2025-10-29,BEG,180
L009089,K0070,S016,2025-10-29,AST,45
L009090,K0145,S007,2025-10-29,BER,120
L009091,K0123,S026,2025-10-29,SCH,90
L009092,K0004,S005,2025-10-29,AST,60
L009093,K0140,S009,2025-10-29,AST,180
L009094,K0117,S021,2025-10-29,AST,120
L009095,K0171,S034,2025-10-29,GRP,60
L009096,K0034,S011,2025-10-29,AST,120
L009097,K0010,S025,2025-10-29,GRP,45
L009098,K0029,S018,2025-10-29,BEG,90
L009099,K0138,S005,2025-10-29,FAL,120
L009100,K0035,S011,2025-10-29,AST,120
L009101,K0092,S013,2025-10-29,AST,60
L009102,K0020,S006,2025-10-29,DOK,90
L009103,K0112,S020,2025-10-29,SCH,90
L009104,K0131,S016,2025-10-29,AST,30
L009105,K0082,S016,2025-10-29,AST,120
L009106,K0134,S002,2025-10-29,AST,45
L009107,K0161,S004,2025-10-29,AST,120
L009108,K0054,S030,2025-10-30,DOK,180
L009109,K0112,S004,2025-10-30,AST,30
L009110,K0148,S020,2025-10-30,DOK,30
L009111,K0168,S026,2025-10-30,AST,45
L009112,K0134,S003,2025-10-30,SCH,60
L009113,K0007,S033,2025-10-30,SCH,60
L009114,K0006,S029,2025-10-30,AST,60
L009115,K0134,S014,2025-10-30,AST,180
L009116,K0053,S020,2025-10-30,AST,120
L009117,K0145,S005,2025-10-30,BEG,60
L009118,K0117,S030,2025-10-30,DOK,180
L009119,K0055,S022,2025-10-30,SCH,30
L009120,K0003,S014,2025-10-30,SCH,120
L009121,K0137,S026,2025-10-30,AST,90
L009122,K0032,S003,2025-10-30,BER,90
L009123,K0094,S002,2025-10-30,AST,60
L009124,K0025,S025,2025-10-30,AST,45
L009125,K0042,S010,2025-10-30,BEG,90
L009126,K0030,S023,2025-10-30,BEG,90
L009127,K0134,S016,2025-10-30,DOK,45
L009128,K0174,S029,2025-10-30,SCH,45
L009129,K0115,S017,2025-10-30,AST,180
L009130,K0089,S009,2025-10-30,DOK,30
L009131,K0104,S026,2025-10-30,AST,90
L009132,K0099,S022,2025-10-30,GRP,180
L009133,K0137,S002,2025-10-30,SCH,45
L009134,K0070,S002,2025-10-30,BEG,45
L009135,K0003,S013,2025-10-30,SCH,60
L009136,K0037,S034,2025-10-30,SCH,60
L009137,K0040,S011,2025-10-30,AST,60
L009138,K0075,S026,2025-10-30,BER,90
L009139,K0078,S005,2025-10-30,BER,120
L009140,K0091,S030,2025-10-30,SCH,45
L009141,K0125,S014,2025-10-30,DOK,180
L009142,K0034,S021,2025-10-30,AST,30
L009143,K0014,S029,2025-10-30,DOK,120
L009144,K0135,S030,2025-10-30,GRP,180
L009145,K0058,S013,2025-10-30,DOK,120
L009146,K0094,S009,2025-10-30,AST,180
L009147,K0050,S008,2025-10-30,DOK,120
L009148,K0088,S031,2025-10-30,AST,120
L009149,K0176,S015,2025-10-30,GRP,90
L009150,K0078,S030,2025-10-30,BER,120
L009151,K0084,S023,2025-10-30,GRP,120
L009152,K0154,S019,2025-10-30,FAL,120
L009153,K0032,S034,2025-10-30,BEG,45
L009154,K0062,S004,2025-10-30,BER,60
L009155,K0144,S026,2025-10-30,AST,60
L009156,K0099,S019,2025-10-30,GRP,60
L009157,K0059,S017,2025-10-31,AST,180
L009158,K0166,S019,2025-10-31,AST,180
L009159,K0155,S011,2025-10-31,BEG,60
L009160,K0122,S005,2025-10-31,SCH,60
L009161,K0128,S007,2025-10-31,BEG,120
L009162,K0072,S019,2025-10-31,SCH,180
L009163,K0039,S017,2025-10-31,AST,90
L009164,K0038,S016,2025-10-31,FAL,120
L009165,K0145,S030,2025-10-31,AST,90
L009166,K0068,S009,2025-10-31,AST,60
L009167,K0091,S012,2025-10-31,GRP,60
L009168,K0098,S012,2025-10-31,FAL,45
L009169,K0056,S007,2025-10-31,SCH,45
L009170,K0137,S033,2025-10-31,GRP,90
L009171,K0144,S016,2025-10-31,FAL,45
L009172,K0019,S030,2025-10-31,GRP,90
L009173,K0009,S034,2025-10-31,BEG,90
L009174,K0081,S034,2025-10-31,GRP,120
L009175,K0149,S018,2025-10-31,DOK,120
L009176,K0022,S034,2025-10-31,GRP,90
L009177,K0035,S018,2025-10-31,BER,30
L009178,K0082,S013,2025-10-31,SCH,180
L009179,K0041,S011,2025-10-31,GRP,30
L009180,K0173,S023,2025-10-31,SCH,120
L009181,K0003,S023,2025-10-31,SCH,45
L009182,K0096,S013,2025-10-31,BER,30
L009183,K0135,S023,2025-10-31,SCH,120
L009184,K0023,S029,2025-10-31,AST,120
L009185,K0064,S016,2025-10-31,SCH,180
L009186,K0152,S031,2025-10-31,GRP,60
L009187,K0014,S004,2025-10-31,AST,180
L009188,K0056,S011,2025-10-31,AST,180
L009189,K0018,S019,2025-10-31,SCH,90
L009190,K0128,S026,2025-10-31,GRP,45
L009191,K0069,S033,2025-10-31,GRP,60
L009192,K0101,S026,2025-10-31,AST,60
L009193,K0042,S007,2025-10-31,DOK,180
L009194,K0047,S004,2025-10-31,SCH,120
L009195,K0066,S002,2025-10-31,DOK,90
L009196,K0063,S025,2025-10-31,GRP,60
L009197,K0073,S031,2025-10-31,DOK,120
L009198,K0160,S003,2025-10-31,AST,45
L009199,K0018,S006,2025-10-31,DOK,180
L009200,K0002,S011,2025-10-31,DOK,120
L009201,K0096,S005,2025-10-31,AST,60
L009202,K0025,S015,2025-11-03,FAL,30
L009203,K0084,S008,2025-11-03,AST,90
L009204,K0025,S021,2025-11-03,SCH,90
L009205,K0076,S021,2025-11-03,AST,180
L009206,K0123,S019,2025-11-03,GRP,60
L009207,K0074,S019,2025-11-03,GRP,120
L009208,K0076,S030,2025-11-03,SCH,90
L009209,K0117,S020,2025-11-03,DOK,60
L009210,K0080,S015,2025-11-03,DOK,180
L009211,K0128,S010,2025-11-03,AST,90
L009212,K0075,S014,2025-11-03,AST,30
L009213,K0074,S012,2025-11-03,GRP,90
L009214,K0128,S004,2025-11-03,AST,120
L009215,K0046,S010,2025-11-03,DOK,180
L009216,K0130,S022,2025-11-03,GRP,180
L009217,K0137,S014,2025-11-03,SCH,90
L009218,K0166,S017,2025-11-03,DOK,30
L009219,K0154,S008,2025-11-03,AST,60
L009220,K0039,S031,2025-11-03,BEG,45
L009221,K0095,S005,2025-11-03,BEG,45
L009222,K0171,S012,2025-11-03,BER,45
L009223,K0087,S034,2025-11-03,GRP,90
L009224,K0160,S022,2025-11-03,SCH,45
L009225,K0010,S007,2025-11-03,DOK,90
L009226,K0109,S022,2025-11-03,FAL,45
L009227,K0024,S016,2025-11-03,SCH,30
L009228,K0149,S008,2025-11-03,AST,60
L009229,K0154,S021,2025-11-03,DOK,60
L009230,K0167,S005,2025-11-03,GRP,90
L009231,K0115,S002,2025-11-03,AST,120
L009232,K0177,S014,2025-11-03,AST,45
L009233,K0146,S027,2025-11-03,AST,30
L009234,K0070,S002,2025-11-03,DOK,60
L009235,K0069,S022,2025-11-03,FAL,45
L009236,K0152,S004,2025-11-03,DOK,60
L009237,K0065,S022,2025-11-03,FAL,45
L009238,K0138,S030,2025-11-03,SCH,45
L009239,K0101,S022,2025-11-03,SCH,45
L009240,K0057,S008,2025-11-03,AST,60
L009241,K0146,S033,2025-11-03,SCH,60
L009242,K0014,S016,2025-11-03,SCH,60
L009243,K0078,S007,2025-11-03,SCH,90
L009244,K0167,S027,2025-11-03,AST,60
L009245,K0149,S018,2025-11-03,GRP,30
L009246,K0167,S030,2025-11-03,SCH,60
L009247,K0055,S022,2025-11-03,AST,30
L009248,K0084,S002,2025-11-03,AST,60
L009249,K0111,S016,2025-11-03,AST,60
L009250,K0112,S031,2025-11-03,GRP,90
L009251,K0160,S033,2025-11-03,GRP,30
L009252,K0123,S033,2025-11-03,DOK,60
L009253,K0066,S019,2025-11-03,DOK,120
L009254,K0073,S012,2025-11-03,SCH,180
L009255,K0109,S004,2025-11-03,FAL,120
L009256,K0130,S016,2025-11-03,BEG,180
L009257,K0025,S031,2025-11-03,GRP,120
L009258,K0093,S015,2025-11-04,AST,60
L009259,K0131,S026,2025-11-04,BER,60
L009260,K0116,S027,2025-11-04,AST,180
L009261,K0013,S015,2025-11-04,BER,60
L009262,K0083,S019,2025-11-04,AST,90
L009263,K0063,S027,2025-11-04,SCH,60
L009264,K0095,S005,2025-11-04,BEG,90
L009265,K0009,S018,2025-11-04,SCH,60
L009266,K0127,S021,2025-11-04,SCH,60
L009267,K0158,S010,2025-11-04,BEG,45
L009268,K0008,S014,2025-11-04,SCH,30
L009269,K0028,S025,2025-11-04,GRP,90
L009270,K0087,S034,2025-11-04,AST,180
L009271,K0023,S010,2025-11-04,GRP,60
L009272,K0081,S018,2025-11-04,AST,60
L009273,K0125,S003,2025-11-04,GRP,60
L009274,K0061,S021,2025-11-04,FAL,120
L009275,K0092,S008,2025-11-04,AST,30
L009276,K0159,S015,2025-11-04,BEG,180
L009277,K0028,S016,2025-11-04,SCH,90
L009278,K0103,S019,2025-11-04,AST,180
L009279,K0097,S027,2025-11-04,AST,90
L009280,K0147,S008,2025-11-04,BEG,180
L009281,K0023,S029,2025-11-04,BER,180
L009282,K0081,S005,2025-11-04,BER,45
L009283,K0034,S012,2025-11-04,AST,60
L009284,K0048,S011,2025-11-04,BER,60
L009285,K0104,S019,2025-11-04,SCH,180
L009286,K0074,S009,2025-11-04,AST,90
L009287,K0120,S012,2025-11-04,BEG,90
L009288,K0114,S014,2025-11-04,GRP,60
L009289,K0087,S031,2025-11-04,AST,60
L009290,K0175,S022,2025-11-04,SCH,180
L009291,K0037,S010,2025-11-04,AST,180
L009292,K0095,S019,2025-11-04,GRP,60
L009293,K0063,S012,2025-11-04,DOK,60
L009294,K0046,S008,2025-11-04,AST,60
L009295,K0072,S017,2025-11-04,BEG,30
L009296,K0068,S015,2025-11-04,AST,45
L009297,K0143,S015,2025-11-04,AST,60
L009298,K0056,S020,2025-11-04,AST,120
L009299,K0040,S023,2025-11-04,SCH,45
L009300,K0072,S023,2025-11-05,FAL,60
L009301,K0064,S010,2025-11-05,BEG,180
L009302,K0114,S010,2025-11-05,BEG,45
L009303,K0113,S019,2025-11-05,DOK,45
L009304,K0055,S011,2025-11-05,AST,90
L009305,K0091,S002,2025-11-05,BER,45
L009306,K0025,S003,2025-11-05,SCH,45
L009307,K0054,S011,2025-11-05,AST,30
L009308,K0104,S030,2025-11-05,AST,120
L009309,K0045,S022,2025-11-05,AST,45
L009310,K0114,S018,2025-11-05,AST,120
L009311,K0008,S034,2025-11-05,GRP,90
L009312,K0051,S015,2025-11-05,DOK,60
L009313,K0048,S002,2025-11-05,BEG,45
L009314,K0071,S034,2025-11-05,SCH,60
L009315,K0073,S007,2025-11-05,BEG,45
L009316,K0043,S034,2025-11-05,AST,60
L009317,K0021,S002,2025-11-05,DOK,30
L009318,K0166,S030,2025-11-05,AST,180
L009319,K0082,S027,2025-11-05,BEG,45
L009320,K0007,S016,2025-11-05,AST,60
L009321,K0170,S016,2025-11-05,BER,90
L009322,K0083,S009,2025-11-05,GRP,45
L009323,K0002,S020,2025-11-05,AST,60
L009324,K0122,S006,2025-11-05,BEG,45
L009325,K0128,S009,2025-11-05,DOK,180
L009326,K0049,S021,2025-11-05,AST,180
L009327,K0098,S023,2025-11-05,AST,60
L009328,K0099,S025,2025-11-05,AST,180
L009329,K0129,S007,2025-11-05,AST,60
L009330,K0137,S022,2025-11-05,DOK,120
L009331,K0130,S031,2025-11-05,AST,60
L009332,K0114,S023,2025-11-05,AST,60
L009333,K0075,S027,2025-11-05,FAL,60
L009334,K0124,S012,2025-11-05,AST,30
L009335,K0095,S031,2025-11-05,AST,180
L009336,K0025,S026,2025-11-05,AST,120
L009337,K0008,S004,2025-11-05,AST,60
L009338,K0133,S003,2025-11-05,AST,180
L009339,K0051,S011,2025-11-05,AST,30
L009340,K0091,S014,2025-11-05,SCH,90
L009341,K0021,S002,2025-11-05,BEG,45
L009342,K0131,S021,2025-11-05,AST,60
L009343,K0009,S033,2025-11-05,BEG,60
L009344,K0083,S012,2025-11-05,AST,30
L009345,K0078,S008,2025-11-06,GRP,180
L009346,K0059,S022,2025-11-06,AST,30
L009347,K0114,S003,2025-11-06,FAL,45
L009348,K0170,S020,2025-11-06,GRP,60
L009349,K0091,S006,2025-11-06,DOK,60
L009350,K0120,S005,2025-11-06,GRP,45
L009351,K0134,S015,2025-11-06,AST,45
L009352,K0138,S009,2025-11-06,BEG,30
L009353,K0145,S007,2025-11-06,AST,60
L009354,K0125,S030,2025-11-06,GRP,45
L009355,K0002,S007,2025-11-06,AST,90
L009356,K0031,S020,2025-11-06,BER,45
L009357,K0071,S027,2025-11-06,FAL,60
L009358,K0166,S012,2025-11-06,AST,90
L009359,K0168,S011,2025-11-06,AST,60
L009360,K0083,S021,2025-11-06,AST,90
L009361,K0029,S006,2025-11-06,SCH,30
L009362,K0033,S005,2025-11-06,BEG,60
L009363,K0138,S025,2025-11-06,DOK,90
L009364,K0136,S009,2025-11-06,AST,45
L009365,K0030,S021,2025-11-06,SCH,30
L009366,K0053,S009,2025-11-06,BEG,60
L009367,K0176,S013,2025-11-06,AST,60
L009368,K0097,S003,2025-11-06,GRP,45
L009369,K0153,S031,2025-11-06,AST,90
L009370,K0054,S011,2025-11-06,FAL,60
L009371,K0090,S013,2025-11-06,DOK,60
L009372,K0110,S031,2025-11-06,AST,180
L009373,K0090,S006,2025-11-06,DOK,45
L009374,K0088,S006,2025-11-06,AST,30
L009375,K0083,S015,2025-11-06,SCH,60
L009376,K0071,S013,2025-11-06,SCH,60
L009377,K0133,S026,2025-11-06,DOK,60
L009378,K0073,S026,2025-11-06,AST,60
L009379,K0080,S026,2025-11-06,AST,60
L009380,K0169,S023,2025-11-06,SCH,180
L009381,K0162,S029,2025-11-06,SCH,180
L009382,K0064,S029,2025-11-06,DOK,60
L009383,K0141,S016,2025-11-06,AST,120
L009384,K0053,S014,2025-11-06,BEG,120
L009385,K0117,S004,2025-11-06,AST,180
L009386,K0133,S033,2025-11-06,AST,30
L009387,K0133,S009,2025-11-06,FAL,180
L009388,K0084,S034,2025-11-06,DOK,90
L009389,K0034,S033,2025-11-06,DOK,120
L009390,K0174,S029,2025-11-06,SCH,30
L009391,K0058,S020,2025-11-07,BER,30
L009392,K0130,S025,2025-11-07,SCH,45
L009393,K0039,S029,2025-11-07,SCH,60
L009394,K0004,S030,2025-11-07,AST,60
L009395,K0025,S023,2025-11-07,AST,30
L009396,K0141,S027,2025-11-07,BEG,30
L009397,K0092,S026,2025-11-07,GRP,30
L009398,K0131,S019,2025-11-07,SCH,30
L009399,K0124,S003,2025-11-07,DOK,45
L009400,K0153,S034,2025-11-07,GRP,45
L009401,K0048,S034,2025-11-07,BEG,180
L009402,K0034,S030,2025-11-07,DOK,60
L009403,K0178,S026,2025-11-07,SCH,90
L009404,K0160,S029,2025-11-07,DOK,60
L009405,K0004,S026,2025-11-07,SCH,60
L009406,K0178,S013,2025-11-07,GRP,90
L009407,K0015,S015,2025-11-07,GRP,30
L009408,K0064,S020,2025-11-07,DOK,90
L009409,K0134,S019,2025-11-07,BER,30
L009410,K0065,S008,2025-11-07,GRP,90
L009411,K0040,S023,2025-11-07,AST,45
L009412,K0015,S010,2025-11-07,GRP,45
L009413,K0074,S029,2025-11-07,AST,45
L009414,K0099,S025,2025-11-07,DOK,60
L009415,K0030,S006,2025-11-07,BER,180
L009416,K0106,S020,2025-11-07,SCH,60
L009417,K0046,S009,2025-11-07,SCH,180
L009418,K0027,S033,2025-11-07,AST,30
L009419,K0062,S005,2025-11-07,AST,60
L009420,K0093,S029,2025-11-07,GRP,30
L009421,K0135,S034,2025-11-07,AST,180
L009422,K0068,S003,2025-11-07,AST,180
L009423,K0112,S010,2025-11-07,DOK,90
L009424,K0051,S030,2025-11-07,SCH,60
L009425,K0036,S018,2025-11-07,AST,90
L009426,K0167,S020,2025-11-07,BEG,60
L009427,K0158,S031,2025-11-07,AST,45
L009428,K0036,S030,2025-11-07,AST,180
L009429,K0066,S015,2025-11-07,SCH,120
L009430,K0169,S029,2025-11-07,BEG,45
L009431,K0159,S004,2025-11-07,DOK,45
L009432,K0064,S033,2025-11-10,GRP,60
L009433,K0076,S011,2025-11-10,SCH,60
L009434,K0178,S002,2025-11-10,DOK,60
L009435,K0137,S023,2025-11-10,SCH,45
L009436,K0103,S034,2025-11-10,AST,60
L009437,K0114,S023,2025-11-10,AST,180
L009438,K0036,S033,2025-11-10,GRP,30
L009439,K0019,S022,2025-11-10,DOK,30
L009440,K0170,S014,2025-11-10,SCH,60
L009441,K0022,S012,2025-11-10,BEG,45
L009442,K0117,S006,2025-11-10,BER,30
L009443,K0122,S004,2025-11-10,AST,120
L009444,K0078,S009,2025-11-10,SCH,180
L009445,K0094,S018,2025-11-10,FAL,180
L009446,K0095,S033,2025-11-10,SCH,45
L009447,K0036,S033,2025-11-10,DOK,60
L009448,K0154,S026,2025-11-10,GRP,60
L009449,K0176,S007,2025-11-10,AST,30
L009450,K0117,S007,2025-11-10,AST,60
L009451,K0149,S007,2025-11-10,AST,45
L009452,K0047,S030,2025-11-10,BEG,120
L009453,K0110,S011,2025-11-10,GRP,30
L009454,K0151,S014,2025-11-10,SCH,90
L009455,K0046,S015,2025-11-10,BER,60
L009456,K0057,S031,2025-11-10,SCH,60
L009457,K0010,S004,2025-11-10,AST,180
L009458,K0019,S007,2025-11-10,BEG,90
L009459,K0095,S019,2025-11-10,SCH,180
L009460,K0168,S011,2025-11-10,SCH,60
L009461,K0148,S031,2025-11-10,GRP,60
L009462,K0058,S019,2025-11-10,BEG,180
L009463,K0070,S004,2025-11-10,GRP,180
L009464,K0101,S030,2025-11-10,DOK,180
L009465,K0035,S034,2025-11-10,BEG,30
L009466,K0036,S031,2025-11-10,BEG,30
L009467,K0104,S013,2025-11-10,BEG,90
L009468,K0147,S008,2025-11-10,SCH,45
L009469,K0062,S005,2025-11-10,GRP,180
L009470,K0166,S031,2025-11-10,AST,180
L009471,K0025,S005,2025-11-10,BER,30
L009472,K0035,S013,2025-11-10,BER,120
L009473,K0101,S033,2025-11-10,AST,120
L009474,K0008,S026,2025-11-10,BEG,60
L009475,K0155,S008,2025-11-11,DOK,60
L009476,K0034,S006,2025-11-11,SCH,45
L009477,K0129,S033,2025-11-11,FAL,120
L009478,K0159,S029,2025-11-11,GRP,60
L009479,K0125,S016,2025-11-11,AST,60
L009480,K0091,S016,2025-11-11,FAL,45
L009481,K0157,S022,2025-11-11,AST,120
L009482,K0148,S019,2025-11-11,FAL,30
L009483,K0020,S004,2025-11-11,AST,90
L009484,K0122,S031,2025-11-11,FAL,90
L009485,K0038,S008,2025-11-11,AST,60
L009486,K0075,S020,2025-11-11,AST,60
L009487,K0063,S023,2025-11-11,BER,60
L009488,K0141,S016,2025-11-11,GRP,30
L009489,K0167,S005,2025-11-11,DOK,30
L009490,K0103,S003,2025-11-11,BER,180
L009491,K0014,S020,2025-11-11,BEG,45
L009492,K0161,S018,2025-11-11,SCH,90
L009493,K0126,S023,2025-11-11,BER,60
L009494,K0088,S030,2025-11-11,AST,60
L009495,K0174,S016,2025-11-11,BEG,60
L009496,K0113,S021,2025-11-11,SCH,60
L009497,K0149,S002,2025-11-11,SCH,30
L009498,K0113,S029,2025-11-11,AST,90
L009499,K0020,S027,2025-11-11,SCH,30
L009500,K0133,S034,2025-11-11,SCH,120
L009501,K0070,S013,2025-11-11,GRP,30
L009502,K0097,S027,2025-11-11,DOK,180
L009503,K0120,S010,2025-11-11,GRP,30
L009504,K0096,S027,2025-11-11,AST,60
L009505,K0035,S019,2025-11-11,GRP,90
L009506,K0042,S034,2025-11-11,SCH,180
L009507,K0094,S034,2025-11-11,DOK,30
L009508,K0128,S004,2025-11-11,GRP,60
L009509,K0027,S012,2025-11-11,DOK,60
L009510,K0028,S011,2025-11-11,GRP,120
L009511,K0156,S008,2025-11-11,AST,60
L009512,K0007,S017,2025-11-11,BEG,30
L009513,K0111,S002,2025-11-11,DOK,180
L009514,K0010,S009,2025-11-11,BER,60
L009515,K0046,S012,2025-11-11,AST,30
L009516,K0134,S005,2025-11-11,DOK,180
L009517,K0068,S034,2025-11-11,GRP,180
L009518,K0061,S012,2025-11-11,AST,60
L009519,K0176,S014,2025-11-11,AST,120
L009520,K0053,S005,2025-11-11,SCH,45
L009521,K0097,S017,2025-11-11,SCH,120
L009522,K0115,S005,2025-11-11,DOK,30
L009523,K0083,S034,2025-11-12,GRP,45
L009524,K0091,S005,2025-11-12,SCH,120
L009525,K0014,S015,2025-11-12,GRP,60
L009526,K0099,S021,2025-11-12,DOK,45
L009527,K0154,S033,2025-11-12,SCH,90
L009528,K0028,S005,2025-11-12,AST,120
L009529,K0053,S010,2025-11-12,AST,45
L009530,K0103,S026,2025-11-12,DOK,45
L009531,K0042,S029,2025-11-12,GRP,180
L009532,K0138,S020,2025-11-12,DOK,90
L009533,K0040,S013,2025-11-12,GRP,60
L009534,K0087,S012,2025-11-12,AST,120
L009535,K0088,S015,2025-11-12,SCH,90
L009536,K0097,S015,2025-11-12,GRP,90
L009537,K0117,S007,2025-11-12,FAL,180
L009538,K0123,S014,2025-11-12,GRP,90
L009539,K0019,S003,2025-11-12,AST,60
L009540,K0080,S027,2025-11-12,GRP,60
L009541,K0087,S018,2025-11-12,FAL,60
L009542,K0144,S029,2025-11-12,AST,60
L009543,K0069,S027,2025-11-12,AST,45
L009544,K0120,S002,2025-11-12,GRP,60
L009545,K0029,S018,2025-11-12,BEG,60
L009546,K0123,S009,2025-11-12,SCH,180
L009547,K0131,S034,2025-11-12,AST,60
L009548,K0086,S013,2025-11-12,SCH,120
L009549,K0138,S020,2025-11-12,BER,60
L009550,K0104,S009,2025-11-12,DOK,90
L009551,K0002,S007,2025-11-12,GRP,30
L009552,K0173,S009,2025-11-12,FAL,45
L009553,K0024,S012,2025-11-12,AST,60
L009554,K0087,S020,2025-11-12,GRP,45
L009555,K0112,S004,2025-11-12,AST,45
L009556,K0005,S016,2025-11-12,AST,90
L009557,K0089,S013,2025-11-12,SCH,180
L009558,K0030,S002,2025-11-12,DOK,120
L009559,K0152,S004,2025-11-12,FAL,60
L009560,K0078,S017,2025-11-12,SCH,90
L009561,K0080,S022,2025-11-12,AST,120
L009562,K0111,S020,2025-11-12,GRP,120
L009563,K0044,S034,2025-11-12,DOK,90
L009564,K0087,S020,2025-11-12,GRP,60
L009565,K0099,S033,2025-11-12,BEG,120
L009566,K0050,S003,2025-11-12,AST,60
L009567,K0140,S029,2025-11-12,SCH,180
L009568,K0097,S019,2025-11-12,AST,45
L009569,K0069,S022,2025-11-12,AST,180
L009570,K0014,S027,2025-11-12,AST,45
L009571,K0085,S002,2025-11-12,GRP,180
L009572,K0046,S026,2025-11-12,SCH,180
L009573,K0116,S030,2025-11-12,SCH,60
L009574,K0074,S018,2025-11-12,DOK,60
L009575,K0178,S023,2025-11-13,SCH,60
L009576,K0015,S033,2025-11-13,GRP,30
L009577,K0147,S016,2025-11-13,FAL,180
L009578,K0061,S008,2025-11-13,BEG,180
L009579,K0101,S030,2025-11-13,GRP,60
L009580,K0002,S014,2025-11-13,SCH,30
L009581,K0068,S019,2025-11-13,GRP,180
L009582,K0076,S025,2025-11-13,GRP,60
L009583,K0032,S006,2025-11-13,DOK,60
L009584,K0169,S017,2025-11-13,AST,60
L009585,K0131,S034,2025-11-13,AST,30
L009586,K0029,S006,2025-11-13,DOK,90
L009587,K0027,S025,2025-11-13,GRP,30
L009588,K0096,S007,2025-11-13,BER,90
L009589,K0148,S031,2025-11-13,BER,60
L009590,K0020,S023,2025-11-13,BEG,60
L009591,K0078,S007,2025-11-13,DOK,180
L009592,K0013,S034,2025-11-13,AST,30
L009593,K0077,S021,2025-11-13,SCH,45
L009594,K0173,S010,2025-11-13,DOK,30
L009595,K0157,S026,2025-11-13,GRP,120
L009596,K0068,S014,2025-11-13,GRP,30
L009597,K0134,S010,2025-11-13,FAL,60
L009598,K0059,S017,2025-11-13,AST,60
L009599,K0097,S012,2025-11-13,GRP,30
L009600,K0006,S026,2025-11-13,AST,90
L009601,K0126,S033,2025-11-13,GRP,30
L009602,K0097,S010,2025-11-13,AST,30
L009603,K0161,S033,2025-11-13,SCH,30
L009604,K0034,S033,2025-11-13,AST,90
L009605,K0051,S009,2025-11-13,AST,180
L009606,K0071,S022,2025-11-13,BEG,30
L009607,K0057,S011,2025-11-13,BEG,90
L009608,K0023,S026,2025-11-13,DOK,60
L009609,K0033,S026,2025-11-13,BER,45
L009610,K0002,S003,2025-11-13,AST,45
L009611,K0175,S030,2025-11-13,AST,90
L009612,K0098,S029,2025-11-13,GRP,45
L009613,K0144,S011,2025-11-13,FAL,180
L009614,K0056,S002,2025-11-13,AST,60
L009615,K0085,S030,2025-11-13,FAL,60
L009616,K0043,S007,2025-11-13,BEG,60
L009617,K0173,S033,2025-11-13,SCH,60
L009618,K0047,S031,2025-11-13,FAL,90
L009619,K0160,S026,2025-11-13,AST,45
L009620,K0057,S005,2025-11-13,SCH,60
L009621,K0120,S029,2025-11-13,AST,180
L009622,K0007,S025,2025-11-13,SCH,30
L009623,K0157,S019,2025-11-13,FAL,60
L009624,K0070,S007,2025-11-13,AST,90
L009625,K0059,S029,2025-11-13,GRP,60
L009626,K0129,S030,2025-11-13,GRP,90
L009627,K0008,S010,2025-11-13,SCH,45
L009628,K0133,S034,2025-11-13,GRP,120
L009629,K0093,S016,2025-11-13,GRP,60
L009630,K0176,S007,2025-11-13,BEG,30
L009631,K0178,S005,2025-11-14,SCH,45
L009632,K0113,S029,2025-11-14,BEG,180
L009633,K0178,S022,2025-11-14,SCH,45
L009634,K0127,S023,2025-11-14,DOK,60
L009635,K0135,S011,2025-11-14,GRP,45
L009636,K0154,S026,2025-11-14,BER,120
L009637,K0127,S029,2025-11-14,DOK,120
L009638,K0091,S030,2025-11-14,BEG,30
L009639,K0038,S012,2025-11-14,AST,30
L009640,K0158,S020,2025-11-14,AST,30
L009641,K0005,S022,2025-11-14,GRP,60
L009642,K0008,S012,2025-11-14,AST,60
L009643,K0131,S018,2025-11-14,DOK,45
L009644,K0171,S018,2025-11-14,BEG,60
L009645,K0139,S034,2025-11-14,DOK,45
L009646,K0171,S033,2025-11-14,GRP,180
L009647,K0095,S020,2025-11-14,BER,180
L009648,K0088,S019,2025-11-14,SCH,90
L009649,K0048,S004,2025-11-14,SCH,90
L009650,K0068,S023,2025-11-14,DOK,120
L009651,K0099,S018,2025-11-14,GRP,60
L009652,K0045,S023,2025-11-14,SCH,180
L009653,K0008,S026,2025-11-14,AST,45
L009654,K0003,S003,2025-11-14,BEG,90
L009655,K0140,S022,2025-11-14,AST,30
L009656,K0111,S027,2025-11-14,DOK,30
L009657,K0092,S004,2025-11-14,AST,90
L009658,K0004,S007,2025-11-14,AST,60
L009659,K0109,S004,2025-11-14,DOK,30
L009660,K0002,S023,2025-11-14,SCH,30
L009661,K0084,S027,2025-11-14,SCH,60
L009662,K0080,S020,2025-11-14,AST,60
L009663,K0049,S016,2025-11-14,DOK,90
L009664,K0112,S033,2025-11-14,BER,180
L009665,K0064,S021,2025-11-14,BER,30
L009666,K0048,S031,2025-11-14,BEG,30
L009667,K0031,S004,2025-11-14,GRP,120
L009668,K0049,S029,2025-11-14,AST,120
L009669,K0113,S030,2025-11-14,FAL,60
L009670,K0156,S020,2025-11-14,DOK,120
L009671,K0004,S015,2025-11-14,FAL,60
L009672,K0046,S026,2025-11-14,GRP,90
L009673,K0055,S029,2025-11-14,BER,180
L009674,K0058,S017,2025-11-14,AST,45
L009675,K0158,S018,2025-11-14,AST,60
L009676,K0003,S013,2025-11-14,SCH,60
L009677,K0069,S006,2025-11-14,FAL,60
L009678,K0034,S013,2025-11-14,AST,180
L009679,K0014,S019,2025-11-14,GRP,60
L009680,K0078,S009,2025-11-14,SCH,120
L009681,K0173,S008,2025-11-14,BEG,60
L009682,K0156,S021,2025-11-14,SCH,60
L009683,K0116,S021,2025-11-17,SCH,180
L009684,K0135,S007,2025-11-17,BER,30
L009685,K0087,S009,2025-11-17,AST,180
L009686,K0075,S025,2025-11-17,AST,45
L009687,K0053,S004,2025-11-17,GRP,90
L009688,K0151,S004,2025-11-17,GRP,120
L009689,K0061,S033,2025-11-17,FAL,180
L009690,K0007,S017,2025-11-17,AST,180
L009691,K0162,S022,2025-11-17,SCH,60
L009692,K0083,S026,2025-11-17,DOK,180
L009693,K0063,S016,2025-11-17,FAL,180
L009694,K0157,S027,2025-11-17,AST,30
L009695,K0123,S016,2025-11-17,AST,90
L009696,K0123,S013,2025-11-17,AST,60
L009697,K0033,S021,2025-11-17,DOK,120
L009698,K0025,S014,2025-11-17,SCH,120
L009699,K0023,S022,2025-11-17,DOK,30
L009700,K0130,S025,2025-11-17,AST,45
L009701,K0092,S003,2025-11-17,FAL,60
L009702,K0028,S012,2025-11-17,DOK,90
L009703,K0073,S004,2025-11-17,SCH,60
L009704,K0131,S013,2025-11-17,FAL,180
L009705,K0139,S008,2025-11-17,AST,180
L009706,K0176,S011,2025-11-17,DOK,30
L009707,K0099,S006,2025-11-17,AST,60
L009708,K0168,S009,2025-11-17,AST,45
L009709,K0008,S009,2025-11-17,DOK,30
L009710,K0039,S004,2025-11-17,SCH,90
L009711,K0014,S021,2025-11-17,SCH,90
L009712,K0160,S011,2025-11-17,AST,60
L009713,K0130,S008,2025-11-17,DOK,60
L009714,K0076,S015,2025-11-17,FAL,45
L009715,K0103,S012,2025-11-17,DOK,120
L009716,K0135,S027,2025-11-17,FAL,60
L009717,K0077,S017,2025-11-17,AST,180
L009718,K0177,S018,2025-11-17,AST,30
L009719,K0125,S021,2025-11-17,AST,180
L009720,K0003,S023,2025-11-17,GRP,30
L009721,K0089,S020,2025-11-17,SCH,90
L009722,K0143,S013,2025-11-17,GRP,60
L009723,K0004,S011,2025-11-17,SCH,60
L009724,K0094,S033,2025-11-17,BER,60
L009725,K0167,S018,2025-11-17,BER,45
L009726,K0027,S026,2025-11-18,AST,180
L009727,K0059,S027,2025-11-18,AST,120
L009728,K0071,S009,2025-11-18,BER,180
L009729,K0021,S016,2025-11-18,SCH,30
L009730,K0036,S010,2025-11-18,FAL,60
L009731,K0113,S020,2025-11-18,SCH,90
L009732,K0155,S007,2025-11-18,SCH,60
L009733,K0007,S034,2025-11-18,BEG,60
L009734,K0117,S014,2025-11-18,GRP,60
L009735,K0029,S019,2025-11-18,AST,180
L009736,K0096,S007,2025-11-18,BEG,30
L009737,K0030,S007,2025-11-18,AST,120
L009738,K0160,S022,2025-11-18,AST,60
L009739,K0058,S029,2025-11-18,BEG,120
L009740,K0032,S005,2025-11-18,GRP,45
L009741,K0160,S010,2025-11-18,SCH,60
L009742,K0049,S023,2025-11-18,AST,45
L009743,K0084,S016,2025-11-18,AST,180
L009744,K0095,S027,2025-11-18,BEG,90
L009745,K0099,S022,2025-11-18,GRP,60
L009746,K0142,S005,2025-11-18,BEG,60
L009747,K0173,S003,2025-11-18,AST,30
L009748,K0031,S034,2025-11-18,GRP,30
L009749,K0175,S006,2025-11-18,DOK,60
L009750,K0023,S020,2025-11-18,BEG,180
L009751,K0097,S017,2025-11-18,DOK,30
L009752,K0122,S011,2025-11-18,BEG,180
L009753,K0047,S015,2025-11-18,GRP,60
L009754,K0056,S003,2025-11-18,AST,45
L009755,K0025,S003,2025-11-18,AST,180
L009756,K0135,S034,2025-11-18,GRP,45
L009757,K0010,S033,2025-11-18,DOK,90
L009758,K0085,S016,2025-11-18,AST,60
L009759,K0023,S022,2025-11-18,AST,120
L009760,K0178,S025,2025-11-18,SCH,60
L009761,K0099,S020,2025-11-18,BEG,180
L009762,K0124,S022,2025-11-18,BEG,45
L009763,K0003,S004,2025-11-18,AST,30
L009764,K0074,S016,2025-11-18,AST,45
L009765,K0054,S018,2025-11-18,GRP,30
L009766,K0157,S016,2025-11-18,AST,180
L009767,K0036,S023,2025-11-18,GRP,60
L009768,K0180,S015,2025-11-18,AST,120
L009769,K0113,S029,2025-11-18,AST,120
L009770,K0112,S009,2025-11-18,DOK,120
L009771,K0093,S012,2025-11-18,GRP,60
L009772,K0166,S018,2025-11-18,AST,45
L009773,K0025,S029,2025-11-18,SCH,45
L009774,K0116,S017,2025-11-18,GRP,180
L009775,K0006,S012,2025-11-19,AST,120
L009776,K0091,S008,2025-11-19,DOK,60
L009777,K0104,S015,2025-11-19,BEG,60
L009778,K0155,S025,2025-11-19,DOK,30
L009779,K0025,S034,2025-11-19,AST,120
L009780,K0077,S019,2025-11-19,AST,30
L009781,K0089,S011,2025-11-19,AST,180
L009782,K0170,S012,2025-11-19,AST,30
L009783,K0004,S006,2025-11-19,AST,60
L009784,K0013,S034,2025-11-19,SCH,90
L009785,K0126,S021,2025-11-19,BEG,180
L009786,K0144,S012,2025-11-19,DOK,45
L009787,K0166,S019,2025-11-19,BER,60
L009788,K0081,S007,2025-11-19,AST,90
L009789,K0168,S005,2025-11-19,AST,90
L009790,K0036,S022,2025-11-19,BEG,60
L009791,K0117,S002,2025-11-19,AST,60
L009792,K0111,S012,2025-11-19,GRP,60
L009793,K0020,S033,2025-11-19,AST,45
L009794,K0024,S003,2025-11-19,BEG,120
L009795,K0025,S013,2025-11-19,BEG,30
L009796,K0068,S019,2025-11-19,AST,30
L009797,K0010,S002,2025-11-19,AST,120
L009798,K0005,S033,2025-11-19,AST,120
L009799,K0098,S012,2025-11-19,DOK,60
L009800,K0002,S018,2025-11-19,DOK,45
L009801,K0104,S004,2025-11-19,AST,30
L009802,K0141,S007,2025-11-19,BEG,45
L009803,K0081,S021,2025-11-19,DOK,60
L009804,K0167,S009,2025-11-19,SCH,120
L009805,K0021,S003,2025-11-19,SCH,45
L009806,K0073,S014,2025-11-19,DOK,60
L009807,K0101,S004,2025-11-19,AST,180
L009808,K0048,S015,2025-11-19,DOK,45
L009809,K0054,S025,2025-11-19,AST,60
L009810,K0035,S019,2025-11-19,SCH,45
L009811,K0049,S019,2025-11-19,BEG,90
L009812,K0126,S031,2025-11-19,FAL,120
L009813,K0125,S031,2025-11-19,DOK,120
L009814,K0051,S030,2025-11-19,GRP,60
L009815,K0117,S018,2025-11-19,AST,30
L009816,K0130,S018,2025-11-19,SCH,180
L009817,K0170,S010,2025-11-19,BEG,60
L009818,K0106,S012,2025-11-19,BEG,30
L009819,K0002,S009,2025-11-19,SCH,120
L009820,K0076,S019,2025-11-19,AST,120
L009821,K0059,S010,2025-11-19,BEG,180
L009822,K0126,S002,2025-11-19,SCH,60
L009823,K0005,S026,2025-11-19,DOK,30
L009824,K0116,S022,2025-11-19,AST,60
L009825,K0130,S027,2025-11-19,AST,60
L009826,K0005,S034,2025-11-19,AST,180
L009827,K0029,S005,2025-11-19,GRP,180
L009828,K0126,S018,2025-11-19,GRP,90
L009829,K0053,S006,2025-11-19,SCH,90
L009830,K0064,S021,2025-11-20,FAL,120
L009831,K0162,S008,2025-11-20,BER,45
L009832,K0137,S011,2025-11-20,DOK,30
L009833,K0064,S013,2025-11-20,BER,60
L009834,K0040,S017,2025-11-20,GRP,60
L009835,K0109,S014,2025-11-20,DOK,60
L009836,K0120,S009,2025-11-20,GRP,120
L009837,K0003,S012,2025-11-20,SCH,90
L009838,K0074,S025,2025-11-20,AST,60
L009839,K0048,S009,2025-11-20,GRP,120
L009840,K0170,S027,2025-11-20,DOK,60
L009841,K0156,S010,2025-11-20,GRP,90
L009842,K0142,S008,2025-11-20,SCH,90
L009843,K0069,S017,2025-11-20,BEG,60
L009844,K0106,S006,2025-11-20,AST,60
L009845,K0139,S034,2025-11-20,DOK,30
L009846,K0117,S016,2025-11-20,GRP,120
L009847,K0063,S003,2025-11-20,BEG,60
L009848,K0168,S009,2025-11-20,BER,180
L009849,K0003,S003,2025-11-20,SCH,45
L009850,K0088,S013,2025-11-20,BEG,60
L009851,K0081,S004,2025-11-20,DOK,60
L009852,K0041,S023,2025-11-20,BEG,180
L009853,K0125,S013,2025-11-20,FAL,60
L009854,K0130,S004,2025-11-20,BEG,60
L009855,K0022,S026,2025-11-20,AST,180
L009856,K0044,S005,2025-11-20,AST,90
L009857,K0068,S014,2025-11-20,AST,180
L009858,K0166,S025,2025-11-20,FAL,45
L009859,K0089,S018,2025-11-20,AST,45
L009860,K0130,S026,2025-11-20,AST,60
L009861,K0097,S023,2025-11-20,AST,120
L009862,K0007,S034,2025-11-20,SCH,30
L009863,K0123,S016,2025-11-20,AST,120
L009864,K0020,S025,2025-11-20,BEG,120
L009865,K0175,S027,2025-11-20,AST,45
L009866,K0019,S031,2025-11-20,GRP,180
L009867,K0062,S031,2025-11-20,DOK,180
L009868,K0056,S003,2025-11-20,AST,30
L009869,K0159,S017,2025-11-20,AST,45
L009870,K0065,S007,2025-11-20,AST,60
L009871,K0039,S023,2025-11-20,SCH,120
L009872,K0175,S015,2025-11-20,GRP,120
L009873,K0173,S004,2025-11-21,AST,45
L009874,K0074,S008,2025-11-21,DOK,60
L009875,K0065,S022,2025-11-21,SCH,90
L009876,K0058,S004,2025-11-21,AST,45
L009877,K0015,S013,2025-11-21,GRP,180
L009878,K0055,S011,2025-11-21,GRP,60
L009879,K0048,S015,2025-11-21,DOK,120
L009880,K0126,S011,2025-11-21,BER,180
L009881,K0135,S009,2025-11-21,DOK,180
L009882,K0064,S030,2025-11-21,AST,60
L009883,K0098,S031,2025-11-21,BEG,120
L009884,K0049,S003,2025-11-21,BEG,60
L009885,K0005,S011,2025-11-21,AST,90
L009886,K0093,S020,2025-11-21,AST,90
L009887,K0176,S011,2025-11-21,FAL,60
L009888,K0010,S033,2025-11-21,AST,90
L009889,K0131,S014,2025-11-21,AST,120
L009890,K0094,S022,2025-11-21,BEG,30
L009891,K0033,S006,2025-11-21,DOK,120
L009892,K0123,S030,2025-11-21,AST,45
L009893,K0160,S015,2025-11-21,GRP,120
L009894,K0148,S004,2025-11-21,BEG,60
L009895,K0077,S005,2025-11-21,DOK,60
L009896,K0152,S019,2025-11-21,AST,90
L009897,K0078,S020,2025-11-21,SCH,45
L009898,K0141,S015,2025-11-21,BER,60
L009899,K0053,S020,2025-11-21,DOK,60
L009900,K0162,S021,2025-11-21,DOK,45
L009901,K0169,S015,2025-11-21,BER,60
L009902,K0130,S013,2025-11-21,GRP,45
L009903,K0128,S034,2025-11-21,BER,45
L009904,K0036,S015,2025-11-21,GRP,30
L009905,K0173,S034,2025-11-21,DOK,60
L009906,K0095,S016,2025-11-21,AST,60
L009907,K0111,S025,2025-11-21,DOK,30
L009908,K0144,S006,2025-11-21,BEG,180
L009909,K0045,S008,2025-11-21,SCH,120
L009910,K0039,S006,2025-11-21,BEG,120
L009911,K0014,S018,2025-11-21,AST,60
L009912,K0120,S012,2025-11-21,SCH,90
L009913,K0045,S030,2025-11-21,AST,180
L009914,K0144,S017,2025-11-24,SCH,90
L009915,K0077,S023,2025-11-24,SCH,45
L009916,K0027,S027,2025-11-24,BEG,90
L009917,K0044,S023,2025-11-24,GRP,90
L009918,K0039,S033,2025-11-24,AST,90
L009919,K0117,S008,2025-11-24,GRP,60
L009920,K0042,S023,2025-11-24,DOK,30
L009921,K0145,S004,2025-11-24,BEG,45
L009922,K0112,S018,2025-11-24,BEG,90
L009923,K0145,S025,2025-11-24,DOK,60
L009924,K0008,S023,2025-11-24,BER,60
L009925,K0157,S014,2025-11-24,DOK,60
L009926,K0133,S006,2025-11-24,DOK,30
L009927,K0048,S018,2025-11-24,AST,60
L009928,K0035,S005,2025-11-24,AST,45
L009929,K0050,S025,2025-11-24,AST,180
L009930,K0029,S033,2025-11-24,SCH,90
L009931,K0036,S033,2025-11-24,DOK,60
L009932,K0063,S018,2025-11-24,AST,30
L009933,K0055,S013,2025-11-24,DOK,45
L009934,K0076,S023,2025-11-24,DOK,120
L009935,K0024,S007,2025-11-24,SCH,60
L009936,K0135,S030,2025-11-24,FAL,180
L009937,K0145,S027,2025-11-24,SCH,30
L009938,K0037,S015,2025-11-24,GRP,120
L009939,K0094,S031,2025-11-24,AST,60
L009940,K0099,S033,2025-11-24,SCH,60
L009941,K0135,S021,2025-11-24,AST,180
L009942,K0021,S006,2025-11-24,AST,30
L009943,K0169,S018,2025-11-24,AST,180
L009944,K0135,S023,2025-11-24,AST,60
L009945,K0043,S034,2025-11-24,AST,45
L009946,K0068,S022,2025-11-24,AST,60
L009947,K0062,S013,2025-11-24,AST,30
L009948,K0098,S012,2025-11-24,BER,90
L009949,K0005,S033,2025-11-24,DOK,45
L009950,K0015,S008,2025-11-24,GRP,30
L009951,K0028,S004,2025-11-24,AST,120
L009952,K0113,S031,2025-11-24,AST,60
L009953,K0013,S017,2025-11-24,AST,180
L009954,K0178,S031,2025-11-24,AST,30
L009955,K0159,S020,2025-11-24,AST,90
L009956,K0057,S020,2025-11-24,DOK,45
L009957,K0169,S020,2025-11-24,AST,120
L009958,K0090,S026,2025-11-24,BER,60
L009959,K0051,S020,2025-11-24,SCH,90
L009960,K0112,S009,2025-11-24,AST,120
L009961,K0113,S005,2025-11-24,AST,30
L009962,K0008,S002,2025-11-24,DOK,180
L009963,K0091,S013,2025-11-24,BER,30
L009964,K0125,S021,2025-11-24,AST,120
L009965,K0071,S017,2025-11-24,BEG,45
L009966,K0153,S006,2025-11-25,DOK,120
L009967,K0076,S012,2025-11-25,GRP,180
L009968,K0144,S023,2025-11-25,AST,45
L009969,K0037,S013,2025-11-25,SCH,120
L009970,K0168,S031,2025-11-25,AST,180
L009971,K0155,S014,2025-11-25,SCH,180
L009972,K0053,S015,2025-11-25,AST,120
L009973,K0080,S020,2025-11-25,GRP,45
L009974,K0148,S030,2025-11-25,AST,60
L009975,K0126,S030,2025-11-25,FAL,120
L009976,K0037,S030,2025-11-25,AST,180
L009977,K0086,S019,2025-11-25,BER,60
L009978,K0154,S017,2025-11-25,AST,90
L009979,K0160,S015,2025-11-25,AST,30
L009980,K0174,S009,2025-11-25,FAL,120
L009981,K0116,S014,2025-11-25,SCH,60
L009982,K0062,S026,2025-11-25,DOK,180
L009983,K0080,S031,2025-11-25,DOK,60
L009984,K0058,S016,2025-11-25,BER,45
L009985,K0035,S008,2025-11-25,AST,180
L009986,K0090,S007,2025-11-25,AST,180
L009987,K0027,S021,2025-11-25,SCH,45
L009988,K0154,S003,2025-11-25,AST,60
L009989,K0063,S019,2025-11-25,DOK,60
L009990,K0085,S027,2025-11-25,SCH,30
L009991,K0173,S010,2025-11-25,BEG,120
L009992,K0077,S002,2025-11-25,AST,30
L009993,K0095,S031,2025-11-25,GRP,120
L009994,K0082,S013,2025-11-25,GRP,60
L009995,K0123,S009,2025-11-25,GRP,60
L009996,K0030,S020,2025-11-25,AST,45
L009997,K0125,S011,2025-11-25,GRP,180
L009998,K0123,S018,2025-11-25,FAL,60
L009999,K0014,S031,2025-11-25,AST,180
L010000,K0047,S027,2025-11-25,BEG,120
L010001,K0025,S018,2025-11-25,BEG,60
L010002,K0032,S014,2025-11-25,AST,60
L010003,K0042,S034,2025-11-25,AST,120
L010004,K0023,S010,2025-11-25,SCH,45
L010005,K0081,S003,2025-11-25,BER,60
L010006,K0129,S009,2025-11-25,GRP,30
L010007,K0014,S013,2025-11-25,AST,30
L010008,K0085,S030,2025-11-25,AST,45
L010009,K0152,S020,2025-11-26,BER,60
L010010,K0109,S009,2025-11-26,SCH,60
L010011,K0178,S007,2025-11-26,SCH,180
L010012,K0140,S013,2025-11-26,GRP,90
L010013,K0004,S014,2025-11-26,DOK,60
L010014,K0006,S004,2025-11-26,GRP,30
L010015,K0044,S017,2025-11-26,GRP,60
L010016,K0124,S014,2025-11-26,AST,90
L010017,K0124,S011,2025-11-26,FAL,180
L010018,K0096,S031,2025-11-26,GRP,120
L010019,K0168,S020,2025-11-26,BEG,120
L010020,K0061,S008,2025-11-26,FAL,120
L010021,K0088,S020,2025-11-26,GRP,60
L010022,K0085,S006,2025-11-26,AST,120
L010023,K0044,S015,2025-11-26,AST,60
L010024,K0068,S020,2025-11-26,SCH,90
L010025,K0034,S002,2025-11-26,SCH,120
L010026,K0123,S030,2025-11-26,AST,60
L010027,K0155,S019,2025-11-26,GRP,45
L010028,K0081,S021,2025-11-26,SCH,60
L010029,K0050,S029,2025-11-26,SCH,90
L010030,K0049,S007,2025-11-26,DOK,60
L010031,K0174,S004,2025-11-26,AST,180
L010032,K0021,S011,2025-11-26,FAL,45
L010033,K0042,S026,2025-11-26,BEG,60
L010034,K0115,S007,2025-11-26,GRP,60
L010035,K0073,S022,2025-11-26,AST,30
L010036,K0148,S026,2025-11-26,DOK,60
L010037,K0175,S025,2025-11-26,BEG,60
L010038,K0027,S022,2025-11-26,SCH,30
L010039,K0069,S021,2025-11-26,BEG,30
L010040,K0158,S005,2025-11-26,SCH,180
L010041,K0125,S034,2025-11-26,AST,60
L010042,K0103,S030,2025-11-26,BER,60
L010043,K0033,S011,2025-11-26,SCH,180
L010044,K0088,S029,2025-11-26,AST,120
L010045,K0066,S002,2025-11-26,SCH,30
L010046,K0114,S020,2025-11-26,GRP,30
L010047,K0153,S015,2025-11-26,SCH,180
L010048,K0173,S007,2025-11-26,FAL,90
L010049,K0096,S005,2025-11-26,DOK,60
L010050,K0166,S031,2025-11-26,BER,45
L010051,K0128,S014,2025-11-26,AST,60
L010052,K0057,S003,2025-11-26,GRP,45
L010053,K0076,S027,2025-11-26,AST,60
L010054,K0113,S006,2025-11-26,DOK,120
L010055,K0020,S007,2025-11-26,GRP,60
L010056,K0093,S019,2025-11-27,AST,120
L010057,K0180,S023,2025-11-27,GRP,90
L010058,K0065,S013,2025-11-27,SCH,60
L010059,K0074,S008,2025-11-27,AST,60
L010060,K0019,S007,2025-11-27,AST,60
L010061,K0139,S029,2025-11-27,SCH,60
L010062,K0178,S026,2025-11-27,DOK,45
L010063,K0122,S030,2025-11-27,DOK,45
L010064,K0029,S013,2025-11-27,AST,120
L010065,K0088,S013,2025-11-27,GRP,120
L010066,K0062,S003,2025-11-27,AST,180
L010067,K0078,S008,2025-11-27,GRP,90
L010068,K0082,S008,2025-11-27,AST,45
L010069,K0007,S023,2025-11-27,SCH,90
L010070,K0140,S020,2025-11-27,GRP,30
L010071,K0156,S031,2025-11-27,BEG,120
L010072,K0152,S005,2025-11-27,AST,45
L010073,K0140,S009,2025-11-27,GRP,180
L010074,K0090,S020,2025-11-27,DOK,60
L010075,K0066,S022,2025-11-27,BER,60
L010076,K0040,S025,2025-11-27,GRP,45
L010077,K0046,S023,2025-11-27,FAL,60
L010078,K0125,S022,2025-11-27,AST,30
L010079,K0089,S014,2025-11-27,AST,180
L010080,K0089,S025,2025-11-27,AST,180
L010081,K0005,S018,2025-11-27,SCH,120
L010082,K0068,S031,2025-11-27,SCH,60
L010083,K0103,S006,2025-11-27,AST,45
L010084,K0013,S005,2025-11-27,DOK,180
L010085,K0089,S007,2025-11-27,DOK,30
L010086,K0070,S011,2025-11-27,AST,60
L010087,K0032,S021,2025-11-27,SCH,180
L010088,K0098,S023,2025-11-27,DOK,60
L010089,K0145,S030,2025-11-27,DOK,30
L010090,K0043,S004,2025-11-27,BEG,120
L010091,K0134,S029,2025-11-27,SCH,60
L010092,K0080,S010,2025-11-27,SCH,90
L010093,K0029,S023,2025-11-27,SCH,120
L010094,K0029,S009,2025-11-27,AST,60
L010095,K0137,S020,2025-11-27,AST,60
L010096,K0078,S017,2025-11-27,GRP,60
L010097,K0035,S014,2025-11-27,SCH,60
L010098,K0099,S008,2025-11-27,AST,45
L010099,K0167,S010,2025-11-27,AST,180
L010100,K0056,S007,2025-11-27,DOK,120
L010101,K0074,S005,2025-11-27,BEG,120
L010102,K0162,S025,2025-11-28,DOK,180
L010103,K0038,S022,2025-11-28,AST,60
L010104,K0086,S009,2025-11-28,GRP,45
L010105,K0094,S018,2025-11-28,AST,180
L010106,K0138,S020,2025-11-28,BEG,90
L010107,K0070,S008,2025-11-28,DOK,180
L010108,K0074,S019,2025-11-28,FAL,45
L010109,K0131,S013,2025-11-28,BER,30
L010110,K0082,S019,2025-11-28,DOK,90
L010111,K0003,S034,2025-11-28,GRP,60
L010112,K0099,S026,2025-11-28,AST,60
L010113,K0019,S012,2025-11-28,DOK,60
L010114,K0112,S014,2025-11-28,AST,60
L010115,K0171,S017,2025-11-28,BEG,180
L010116,K0085,S027,2025-11-28,DOK,60
L010117,K0152,S013,2025-11-28,FAL,180
L010118,K0176,S019,2025-11-28,SCH,45
L010119,K0154,S006,2025-11-28,GRP,180
L010120,K0170,S015,2025-11-28,SCH,60
L010121,K0063,S002,2025-11-28,SCH,60
L010122,K0152,S020,2025-11-28,SCH,120
L010123,K0097,S003,2025-11-28,GRP,180
L010124,K0050,S014,2025-11-28,DOK,90
L010125,K0022,S019,2025-11-28,DOK,30
L010126,K0149,S014,2025-11-28,AST,60
L010127,K0068,S008,2025-11-28,AST,90
L010128,K0134,S003,2025-11-28,AST,60
L010129,K0083,S004,2025-11-28,DOK,180
L010130,K0090,S006,2025-11-28,BER,30
L010131,K0085,S014,2025-11-28,BEG,90
L010132,K0038,S009,2025-11-28,SCH,60
L010133,K0166,S027,2025-11-28,BER,180
L010134,K0019,S030,2025-11-28,SCH,60
L010135,K0070,S003,2025-11-28,GRP,90
L010136,K0025,S008,2025-11-28,BEG,60
L010137,K0096,S007,2025-11-28,AST,45
L010138,K0073,S012,2025-11-28,FAL,180
L010139,K0169,S014,2025-11-28,GRP,90
L010140,K0097,S019,2025-11-28,AST,60
L010141,K0124,S007,2025-11-28,AST,180
L010142,K0003,S009,2025-11-28,AST,60
L010143,K0065,S014,2025-11-28,FAL,30
L010144,K0140,S009,2025-11-28,BEG,60
L010145,K0098,S034,2025-11-28,BEG,60
L010146,K0042,S020,2025-11-28,GRP,30
L010147,K0073,S006,2025-11-28,AST,180
L010148,K0080,S009,2025-11-28,AST,30
L010149,K0077,S018,2025-11-28,AST,180
L010150,K0048,S009,2025-11-28,AST,90
L010151,K0162,S003,2025-11-28,DOK,90
L010152,K0112,S013,2025-11-28,BEG,30
L010153,K0123,S020,2025-11-28,AST,120
L010154,K0156,S007,2025-11-28,AST,180
L010155,K0047,S016,2025-11-28,DOK,30
L010156,K0178,S023,2025-12-01,BEG,60
L010157,K0171,S022,2025-12-01,AST,90
L010158,K0054,S005,2025-12-01,DOK,120
L010159,K0050,S012,2025-12-01,BER,90
L010160,K0158,S012,2025-12-01,AST,60
L010161,K0014,S026,2025-12-01,SCH,30
L010162,K0088,S023,2025-12-01,GRP,45
L010163,K0141,S017,2025-12-01,GRP,180
L010164,K0066,S014,2025-12-01,BEG,90
L010165,K0023,S020,2025-12-01,GRP,45
L010166,K0141,S017,2025-12-01,DOK,180
L010167,K0174,S029,2025-12-01,DOK,60
L010168,K0103,S003,2025-12-01,BEG,180
L010169,K0050,S010,2025-12-01,AST,180
L010170,K0096,S025,2025-12-01,BEG,60
L010171,K0077,S009,2025-12-01,GRP,60
L010172,K0078,S027,2025-12-01,BEG,60
L010173,K0127,S003,2025-12-01,SCH,60
L010174,K0109,S026,2025-12-01,DOK,45
L010175,K0124,S030,2025-12-01,BEG,60
L010176,K0080,S018,2025-12-01,BEG,45
L010177,K0112,S014,2025-12-01,BEG,30
L010178,K0032,S007,2025-12-01,BEG,180
L010179,K0041,S017,2025-12-01,AST,45
L010180,K0115,S009,2025-12-01,SCH,30
L010181,K0175,S023,2025-12-01,BER,30
L010182,K0127,S022,2025-12-01,BEG,30
L010183,K0087,S002,2025-12-01,BEG,180
L010184,K0041,S008,2025-12-01,AST,120
L010185,K0111,S031,2025-12-01,AST,120
L010186,K0039,S009,2025-12-01,SCH,45
L010187,K0098,S021,2025-12-01,SCH,45
L010188,K0149,S031,2025-12-01,SCH,60
L010189,K0058,S029,2025-12-01,DOK,30
L010190,K0064,S005,2025-12-01,SCH,30
L010191,K0168,S023,2025-12-01,AST,90
L010192,K0010,S030,2025-12-01,GRP,60
L010193,K0065,S033,2025-12-01,SCH,60
L010194,K0029,S009,2025-12-01,GRP,90
L010195,K0085,S022,2025-12-01,AST,30
L010196,K0044,S025,2025-12-01,GRP,120
L010197,K0178,S007,2025-12-01,GRP,45
L010198,K0158,S013,2025-12-01,SCH,45
L010199,K0085,S004,2025-12-02,DOK,45
L010200,K0013,S003,2025-12-02,BEG,30
L010201,K0033,S030,2025-12-02,BEG,45
L010202,K0152,S007,2025-12-02,SCH,120
L010203,K0123,S033,2025-12-02,SCH,45
L010204,K0134,S022,2025-12-02,DOK,60
L010205,K0068,S029,2025-12-02,SCH,60
L010206,K0024,S034,2025-12-02,BEG,180
L010207,K0021,S005,2025-12-02,DOK,180
L010208,K0022,S018,2025-12-02,AST,45
L010209,K0144,S019,2025-12-02,DOK,180
L010210,K0171,S014,2025-12-02,AST,60
L010211,K0071,S018,2025-12-02,BEG,60
L010212,K0090,S018,2025-12-02,BER,90
L010213,K0090,S017,2025-12-02,BER,90
L010214,K0139,S011,2025-12-02,AST,60
L010215,K0008,S021,2025-12-02,DOK,45
L010216,K0127,S033,2025-12-02,AST,60
L010217,K0106,S019,2025-12-02,AST,60
L010218,K0056,S006,2025-12-02,GRP,180
L010219,K0178,S031,2025-12-02,DOK,90
L010220,K0095,S010,2025-12-02,GRP,30
L010221,K0170,S025,2025-12-02,AST,30
L010222,K0038,S017,2025-12-02,AST,90
L010223,K0170,S007,2025-12-02,AST,180
L010224,K0030,S007,2025-12-02,AST,120
L010225,K0034,S025,2025-12-02,AST,90
L010226,K0106,S023,2025-12-02,AST,30
L010227,K0074,S020,2025-12-02,SCH,90
L010228,K0010,S026,2025-12-02,SCH,120
L010229,K0007,S002,2025-12-02,DOK,60
L010230,K0035,S018,2025-12-02,AST,30
L010231,K0034,S006,2025-12-02,BER,120
L010232,K0115,S012,2025-12-02,SCH,60
L010233,K0036,S005,2025-12-02,SCH,180
L010234,K0137,S017,2025-12-02,SCH,60
L010235,K0109,S012,2025-12-02,BEG,90
L010236,K0125,S029,2025-12-02,GRP,180
L010237,K0074,S012,2025-12-02,GRP,60
L010238,K0074,S023,2025-12-02,SCH,120
L010239,K0074,S029,2025-12-02,AST,60
L010240,K0137,S023,2025-12-02,FAL,45
L010241,K0068,S022,2025-12-02,DOK,60
L010242,K0151,S034,2025-12-02,FAL,120
L010243,K0156,S013,2025-12-02,BEG,180
L010244,K0039,S009,2025-12-02,AST,30
L010245,K0098,S034,2025-12-02,SCH,30
L010246,K0120,S018,2025-12-02,AST,30
L010247,K0042,S029,2025-12-02,GRP,180
L010248,K0054,S023,2025-12-02,SCH,45
L010249,K0122,S003,2025-12-02,AST,30
L010250,K0129,S033,2025-12-02,AST,60
L010251,K0112,S029,2025-12-02,SCH,45
L010252,K0147,S022,2025-12-02,AST,30
L010253,K0009,S003,2025-12-02,DOK,180
L010254,K0050,S030,2025-12-02,DOK,60
L010255,K0138,S033,2025-12-02,AST,60
L010256,K0076,S020,2025-12-02,SCH,30
L010257,K0149,S019,2025-12-03,GRP,90
L010258,K0055,S027,2025-12-03,AST,60
L010259,K0116,S003,2025-12-03,AST,60
L010260,K0122,S017,2025-12-03,AST,30
L010261,K0047,S029,2025-12-03,DOK,60
L010262,K0037,S031,2025-12-03,AST,60
L010263,K0155,S031,2025-12-03,AST,120
L010264,K0135,S008,2025-12-03,AST,120
L010265,K0122,S020,2025-12-03,BEG,60
L010266,K0009,S008,2025-12-03,AST,120
L010267,K0090,S022,2025-12-03,AST,45
L010268,K0091,S029,2025-12-03,DOK,60
L010269,K0116,S014,2025-12-03,SCH,60
L010270,K0002,S006,2025-12-03,DOK,45
L010271,K0082,S034,2025-12-03,FAL,120
L010272,K0173,S013,2025-12-03,BER,60
L010273,K0137,S034,2025-12-03,AST,60
L010274,K0109,S010,2025-12-03,SCH,60
L010275,K0166,S017,2025-12-03,BER,90
L010276,K0064,S013,2025-12-03,BEG,120
L010277,K0040,S027,2025-12-03,AST,60
L010278,K0015,S027,2025-12-03,FAL,90
L010279,K0088,S034,2025-12-03,AST,90
L010280,K0030,S020,2025-12-03,AST,180
L010281,K0096,S011,2025-12-03,AST,30
L010282,K0148,S030,2025-12-03,GRP,30
L010283,K0077,S005,2025-12-03,AST,60
L010284,K0064,S008,2025-12-03,BEG,90
L010285,K0123,S012,2025-12-03,BEG,60
L010286,K0125,S017,2025-12-03,GRP,45
L010287,K0137,S020,2025-12-03,BEG,180
L010288,K0157,S031,2025-12-03,SCH,30
L010289,K0140,S005,2025-12-03,DOK,45
L010290,K0093,S027,2025-12-03,FAL,60
L010291,K0098,S030,2025-12-03,BER,90
L010292,K0091,S021,2025-12-03,FAL,30
L010293,K0111,S007,2025-12-03,AST,60
L010294,K0034,S034,2025-12-03,GRP,60
L010295,K0038,S033,2025-12-03,BER,120
L010296,K0115,S003,2025-12-03,GRP,30
L010297,K0114,S002,2025-12-03,BER,60
L010298,K0078,S027,2025-12-03,BEG,30
L010299,K0040,S023,2025-12-03,AST,60
L010300,K0053,S016,2025-12-03,AST,180
L010301,K0176,S012,2025-12-03,DOK,60
L010302,K0099,S023,2025-12-03,FAL,120
L010303,K0006,S007,2025-12-03,SCH,45
L010304,K0131,S007,2025-12-03,BEG,120
L010305,K0010,S021,2025-12-03,FAL,60
L010306,K0167,S005,2025-12-04,SCH,30
L010307,K0007,S004,2025-12-04,AST,60
L010308,K0106,S010,2025-12-04,AST,90
L010309,K0155,S013,2025-12-04,AST,60
L010310,K0074,S023,2025-12-04,DOK,180
L010311,K0006,S011,2025-12-04,AST,60
L010312,K0167,S014,2025-12-04,SCH,120
L010313,K0111,S007,2025-12-04,DOK,45
L010314,K0095,S011,2025-12-04,GRP,30
L010315,K0062,S023,2025-12-04,BEG,45
L010316,K0047,S023,2025-12-04,SCH,45
L010317,K0145,S019,2025-12-04,GRP,60
L010318,K0064,S022,2025-12-04,BER,60
L010319,K0086,S027,2025-12-04,DOK,180
L010320,K0177,S015,2025-12-04,DOK,180
L010321,K0148,S027,2025-12-04,GRP,180
L010322,K0145,S010,2025-12-04,AST,60
L010323,K0111,S026,2025-12-04,SCH,180
L010324,K0148,S013,2025-12-04,BER,60
L010325,K0007,S010,2025-12-04,BEG,30
L010326,K0147,S005,2025-12-04,AST,120
L010327,K0047,S029,2025-12-04,DOK,45
L010328,K0131,S023,2025-12-04,SCH,30
L010329,K0142,S009,2025-12-04,DOK,60
L010330,K0005,S029,2025-12-04,AST,90
L010331,K0010,S020,2025-12-04,FAL,120
L010332,K0051,S007,2025-12-04,SCH,45
L010333,K0144,S003,2025-12-04,AST,45
L010334,K0178,S022,2025-12-04,AST,60
L010335,K0041,S022,2025-12-04,BEG,180
L010336,K0158,S025,2025-12-04,SCH,60
L010337,K0117,S023,2025-12-04,AST,60
L010338,K0137,S015,2025-12-04,SCH,30
L010339,K0168,S007,2025-12-04,AST,120
L010340,K0124,S014,2025-12-04,AST,90
L010341,K0167,S019,2025-12-04,GRP,180
L010342,K0134,S004,2025-12-04,DOK,90
L010343,K0062,S010,2025-12-04,GRP,60
L010344,K0138,S019,2025-12-04,GRP,90
L010345,K0104,S005,2025-12-04,FAL,45
L010346,K0031,S021,2025-12-04,BER,60
L010347,K0056,S021,2025-12-04,GRP,45
L010348,K0051,S013,2025-12-04,AST,30
L010349,K0178,S034,2025-12-04,DOK,60
L010350,K0045,S020,2025-12-04,DOK,180
L010351,K0154,S021,2025-12-04,DOK,45
L010352,K0073,S014,2025-12-05,BEG,60
L010353,K0086,S012,2025-12-05,DOK,90
L010354,K0139,S003,2025-12-05,SCH,30
L010355,K0148,S022,2025-12-05,SCH,60
L010356,K0152,S009,2025-12-05,SCH,120
L010357,K0157,S022,2025-12-05,SCH,120
L010358,K0013,S007,2025-12-05,FAL,120
L010359,K0068,S016,2025-12-05,AST,60
L010360,K0157,S022,2025-12-05,AST,120
L010361,K0162,S019,2025-12-05,SCH,45
L010362,K0040,S020,2025-12-05,AST,180
L010363,K0140,S023,2025-12-05,DOK,30
L010364,K0006,S019,2025-12-05,AST,30
L010365,K0149,S015,2025-12-05,AST,90
L010366,K0013,S031,2025-12-05,DOK,30
L010367,K0159,S027,2025-12-05,SCH,45
L010368,K0074,S030,2025-12-05,BEG,60
L010369,K0041,S021,2025-12-05,AST,60
L010370,K0025,S026,2025-12-05,SCH,45
L010371,K0092,S004,2025-12-05,DOK,120
L010372,K0177,S002,2025-12-05,BEG,120
L010373,K0082,S011,2025-12-05,FAL,60
L010374,K0130,S019,2025-12-05,GRP,45
L010375,K0124,S014,2025-12-05,AST,45
L010376,K0092,S025,2025-12-05,BEG,60
L010377,K0155,S016,2025-12-05,BER,60
L010378,K0124,S026,2025-12-05,BEG,60
L010379,K0156,S004,2025-12-05,BEG,60
L010380,K0047,S018,2025-12-05,FAL,120
L010381,K0159,S022,2025-12-05,AST,45
L010382,K0041,S029,2025-12-05,AST,60
L010383,K0155,S021,2025-12-05,AST,60
L010384,K0007,S013,2025-12-05,AST,120
L010385,K0173,S010,2025-12-05,BEG,90
L010386,K0147,S016,2025-12-05,DOK,60
L010387,K0024,S031,2025-12-05,BEG,60
L010388,K0066,S006,2025-12-05,AST,120
L010389,K0053,S025,2025-12-05,AST,180
L010390,K0082,S009,2025-12-05,AST,60
L010391,K0032,S027,2025-12-05,AST,90
L010392,K0021,S029,2025-12-05,DOK,180
L010393,K0049,S034,2025-12-05,SCH,90
L010394,K0109,S012,2025-12-05,AST,60
L010395,K0041,S030,2025-12-05,BER,90
L010396,K0128,S020,2025-12-05,AST,30
L010397,K0111,S014,2025-12-05,AST,90
L010398,K0064,S030,2025-12-05,BEG,60
L010399,K0037,S017,2025-12-05,DOK,30
L010400,K0084,S003,2025-12-05,AST,180
L010401,K0148,S031,2025-12-08,AST,180
L010402,K0076,S029,2025-12-08,AST,90
L010403,K0124,S029,2025-12-08,SCH,45
L010404,K0096,S033,2025-12-08,SCH,90
L010405,K0096,S004,2025-12-08,BEG,120
L010406,K0053,S011,2025-12-08,BEG,30
L010407,K0020,S033,2025-12-08,BEG,30
L010408,K0080,S003,2025-12-08,DOK,45
L010409,K0053,S010,2025-12-08,DOK,60
L010410,K0020,S016,2025-12-08,DOK,120
L010411,K0030,S005,2025-12-08,AST,30
L010412,K0075,S026,2025-12-08,GRP,30
L010413,K0023,S015,2025-12-08,AST,120
L010414,K0002,S008,2025-12-08,DOK,45
L010415,K0070,S002,2025-12-08,GRP,60
L010416,K0013,S017,2025-12-08,DOK,30
L010417,K0141,S025,2025-12-08,AST,45
L010418,K0056,S017,2025-12-08,AST,30
L010419,K0046,S007,2025-12-08,DOK,120
L010420,K0042,S012,2025-12-08,BEG,60
L010421,K0093,S008,2025-12-08,DOK,120
L010422,K0098,S007,2025-12-08,AST,60
L010423,K0034,S007,2025-12-08,AST,60
L010424,K0091,S002,2025-12-08,DOK,60
L010425,K0035,S033,2025-12-08,SCH,60
L010426,K0180,S016,2025-12-08,SCH,90
L010427,K0035,S030,2025-12-08,AST,60
L010428,K0170,S022,2025-12-08,DOK,60
L010429,K0157,S020,2025-12-08,AST,60
L010430,K0087,S004,2025-12-08,AST,180
L010431,K0051,S003,2025-12-08,GRP,60
L010432,K0153,S031,2025-12-08,DOK,60
L010433,K0145,S034,2025-12-08,BER,30
L010434,K0176,S025,2025-12-08,DOK,60
L010435,K0149,S003,2025-12-08,AST,90
L010436,K0082,S030,2025-12-08,BEG,90
L010437,K0037,S012,2025-12-08,BER,120
L010438,K0049,S026,2025-12-08,SCH,180
L010439,K0141,S019,2025-12-08,FAL,120
L010440,K0087,S030,2025-12-08,DOK,60
L010441,K0111,S020,2025-12-08,BEG,120
L010442,K0124,S008,2025-12-08,AST,120
L010443,K0025,S022,2025-12-08,GRP,90
L010444,K0152,S018,2025-12-09,BEG,30
L010445,K0159,S019,2025-12-09,FAL,180
L010446,K0053,S010,2025-12-09,DOK,90
L010447,K0047,S003,2025-12-09,DOK,60
L010448,K0066,S019,2025-12-09,FAL,180
L010449,K0098,S017,2025-12-09,AST,30
L010450,K0036,S014,2025-12-09,SCH,60
L010451,K0034,S029,2025-12-09,DOK,60
L010452,K0162,S020,2025-12-09,SCH,90
L010453,K0135,S020,2025-12-09,GRP,60
L010454,K0116,S002,2025-12-09,AST,60
L010455,K0093,S005,2025-12-09,DOK,60
L010456,K0049,S011,2025-12-09,AST,45
L010457,K0168,S003,2025-12-09,FAL,45
L010458,K0129,S007,2025-12-09,AST,120
L010459,K0054,S018,2025-12-09,BEG,90
L010460,K0157,S007,2025-12-09,SCH,90
L010461,K0036,S023,2025-12-09,AST,60
L010462,K0122,S017,2025-12-09,DOK,180
L010463,K0134,S033,2025-12-09,DOK,30
L010464,K0112,S030,2025-12-09,SCH,180
L010465,K0159,S033,2025-12-09,FAL,90
L010466,K0035,S018,2025-12-09,FAL,60
L010467,K0061,S006,2025-12-09,SCH,120
L010468,K0024,S016,2025-12-09,DOK,180
L010469,K0024,S023,2025-12-09,BEG,60
L010470,K0061,S031,2025-12-09,GRP,120
L010471,K0129,S020,2025-12-09,BEG,45
L010472,K0175,S012,2025-12-09,DOK,120
L010473,K0021,S031,2025-12-09,AST,60
L010474,K0167,S007,2025-12-09,DOK,60
L010475,K0178,S020,2025-12-09,BER,120
L010476,K0038,S026,2025-12-09,AST,60
L010477,K0045,S034,2025-12-09,SCH,45
L010478,K0069,S012,2025-12-09,GRP,45
L010479,K0140,S008,2025-12-09,FAL,90
L010480,K0134,S021,2025-12-09,BEG,90
L010481,K0093,S026,2025-12-09,AST,180
L010482,K0173,S011,2025-12-09,DOK,60
L010483,K0175,S007,2025-12-09,AST,120
L010484,K0074,S034,2025-12-09,BEG,60
L010485,K0173,S019,2025-12-09,AST,60
L010486,K0130,S011,2025-12-09,AST,120
L010487,K0006,S019,2025-12-09,SCH,60
L010488,K0162,S021,2025-12-09,AST,60
L010489,K0117,S031,2025-12-09,SCH,90
L010490,K0076,S013,2025-12-09,DOK,60
L010491,K0038,S023,2025-12-09,FAL,60
L010492,K0050,S019,2025-12-10,BEG,180
L010493,K0122,S015,2025-12-10,DOK,30
L010494,K0044,S017,2025-12-10,AST,60
L010495,K0137,S014,2025-12-10,AST,45
L010496,K0004,S007,2025-12-10,SCH,30
L010497,K0093,S013,2025-12-10,GRP,60
L010498,K0128,S029,2025-12-10,AST,90
L010499,K0056,S016,2025-12-10,DOK,60
L010500,K0035,S017,2025-12-10,DOK,180
L010501,K0148,S017,2025-12-10,BER,30
L010502,K0170,S022,2025-12-10,GRP,30
L010503,K0136,S011,2025-12-10,FAL,120
L010504,K0154,S017,2025-12-10,AST,60
L010505,K0051,S022,2025-12-10,AST,180
L010506,K0157,S022,2025-12-10,DOK,120
L010507,K0115,S027,2025-12-10,GRP,120
L010508,K0027,S020,2025-12-10,SCH,180
L010509,K0073,S010,2025-12-10,GRP,120
L010510,K0097,S006,2025-12-10,SCH,60
L010511,K0125,S020,2025-12-10,AST,30
L010512,K0138,S016,2025-12-10,AST,180
L010513,K0014,S019,2025-12-10,AST,30
L010514,K0174,S015,2025-12-10,SCH,30
L010515,K0045,S022,2025-12-10,BEG,180
L010516,K0160,S008,2025-12-10,AST,30
L010517,K0086,S020,2025-12-10,AST,180
L010518,K0162,S029,2025-12-10,AST,30
L010519,K0115,S021,2025-12-10,BER,60
L010520,K0137,S017,2025-12-10,DOK,60
L010521,K0117,S008,2025-12-10,AST,60
L010522,K0168,S005,2025-12-10,DOK,30
L010523,K0070,S018,2025-12-10,GRP,120
L010524,K0096,S012,2025-12-10,AST,90
L010525,K0096,S021,2025-12-10,SCH,60
L010526,K0049,S027,2025-12-10,AST,30
L010527,K0029,S025,2025-12-10,GRP,60
L010528,K0045,S033,2025-12-10,AST,60
L010529,K0083,S034,2025-12-10,GRP,120
L010530,K0032,S017,2025-12-10,BER,45
L010531,K0065,S003,2025-12-10,SCH,90
L010532,K0020,S013,2025-12-10,AST,90
L010533,K0020,S008,2025-12-10,AST,30
L010534,K0038,S014,2025-12-10,GRP,60
L010535,K0048,S003,2025-12-10,BEG,45
L010536,K0069,S029,2025-12-10,SCH,45
L010537,K0049,S018,2025-12-10,GRP,60
L010538,K0144,S016,2025-12-10,BEG,180
L010539,K0113,S002,2025-12-10,SCH,120
L010540,K0160,S025,2025-12-10,SCH,180
L010541,K0083,S010,2025-12-10,DOK,180
L010542,K0136,S023,2025-12-10,FAL,60
L010543,K0021,S023,2025-12-10,GRP,30
L010544,K0041,S006,2025-12-10,SCH,30
L010545,K0177,S010,2025-12-10,FAL,60
L010546,K0131,S018,2025-12-10,AST,45
L010547,K0126,S018,2025-12-10,FAL,60
L010548,K0141,S005,2025-12-10,BER,60
L010549,K0153,S007,2025-12-10,AST,90
L010550,K0116,S014,2025-12-10,AST,90
L010551,K0021,S031,2025-12-11,AST,30
L010552,K0003,S012,2025-12-11,DOK,30
L010553,K0070,S022,2025-12-11,AST,60
L010554,K0006,S030,2025-12-11,SCH,60
L010555,K0061,S025,2025-12-11,BER,180
L010556,K0147,S018,2025-12-11,AST,90
L010557,K0014,S005,2025-12-11,AST,60
L010558,K0066,S013,2025-12-11,DOK,60
L010559,K0021,S027,2025-12-11,AST,60
L010560,K0137,S004,2025-12-11,SCH,30
L010561,K0099,S005,2025-12-11,BEG,60
L010562,K0015,S006,2025-12-11,GRP,180
L010563,K0136,S018,2025-12-11,AST,60
L010564,K0129,S016,2025-12-11,BEG,180
L010565,K0167,S023,2025-12-11,BER,60
L010566,K0136,S030,2025-12-11,AST,180
L010567,K0051,S012,2025-12-11,DOK,120
L010568,K0043,S026,2025-12-11,BEG,60
L010569,K0019,S026,2025-12-11,AST,45
L010570,K0038,S029,2025-12-11,BEG,60
L010571,K0081,S003,2025-12-11,SCH,60
L010572,K0050,S009,2025-12-11,FAL,30
L010573,K0047,S014,2025-12-11,BEG,180
L010574,K0014,S018,2025-12-11,SCH,60
L010575,K0145,S012,2025-12-11,SCH,60
L010576,K0106,S015,2025-12-11,DOK,60
L010577,K0168,S018,2025-12-11,AST,45
L010578,K0027,S014,2025-12-11,SCH,90
L010579,K0009,S019,2025-12-11,SCH,180
L010580,K0021,S016,2025-12-11,GRP,60
L010581,K0096,S014,2025-12-11,SCH,180
L010582,K0059,S006,2025-12-11,DOK,60
L010583,K0109,S020,2025-12-11,AST,60
L010584,K0058,S004,2025-12-11,SCH,30
L010585,K0070,S034,2025-12-11,GRP,90
L010586,K0051,S029,2025-12-11,SCH,30
L010587,K0021,S022,2025-12-11,BEG,90
L010588,K0015,S019,2025-12-11,DOK,90
L010589,K0032,S016,2025-12-11,BEG,45
L010590,K0155,S007,2025-12-11,SCH,90
L010591,K0135,S002,2025-12-11,SCH,180
L010592,K0084,S002,2025-12-11,DOK,180
L010593,K0143,S015,2025-12-11,AST,180
L010594,K0054,S008,2025-12-11,GRP,90
L010595,K0174,S011,2025-12-11,DOK,60
L010596,K0116,S033,2025-12-11,FAL,60
L010597,K0099,S007,2025-12-11,SCH,45
L010598,K0048,S026,2025-12-11,SCH,120
L010599,K0143,S003,2025-12-11,GRP,180
L010600,K0130,S026,2025-12-11,BEG,90
L010601,K0131,S004,2025-12-11,BEG,180
L010602,K0160,S020,2025-12-11,FAL,45
L010603,K0008,S008,2025-12-11,BEG,90
L010604,K0049,S026,2025-12-11,DOK,180
L010605,K0091,S004,2025-12-11,AST,30
L010606,K0073,S016,2025-12-11,DOK,30
L010607,K0028,S011,2025-12-12,SCH,45
L010608,K0158,S009,2025-12-12,BER,30
L010609,K0031,S002,2025-12-12,SCH,45
L010610,K0112,S026,2025-12-12,BEG,120
L010611,K0081,S020,2025-12-12,DOK,90
L010612,K0002,S015,2025-12-12,DOK,30
L010613,K0128,S008,2025-12-12,BEG,90
L010614,K0038,S003,2025-12-12,AST,120
L010615,K0145,S010,2025-12-12,SCH,180
L010616,K0040,S011,2025-12-12,DOK,45
L010617,K0031,S012,2025-12-12,BEG,180
L010618,K0106,S018,2025-12-12,BEG,90
L010619,K0008,S016,2025-12-12,SCH,120
L010620,K0078,S033,2025-12-12,GRP,180
L010621,K0037,S021,2025-12-12,AST,90
L010622,K0154,S034,2025-12-12,AST,45
L010623,K0158,S018,2025-12-12,SCH,90
L010624,K0153,S034,2025-12-12,DOK,60
L010625,K0093,S013,2025-12-12,BEG,90
L010626,K0154,S012,2025-12-12,AST,30
L010627,K0152,S031,2025-12-12,DOK,180
L010628,K0092,S011,2025-12-12,AST,180
L010629,K0159,S014,2025-12-12,BEG,120
L010630,K0114,S031,2025-12-12,AST,60
L010631,K0041,S003,2025-12-12,BER,120
L010632,K0171,S019,2025-12-12,DOK,30
L010633,K0046,S016,2025-12-12,BEG,45
L010634,K0061,S030,2025-12-12,SCH,60
L010635,K0027,S025,2025-12-12,FAL,90
L010636,K0087,S014,2025-12-12,BEG,60
L010637,K0099,S031,2025-12-12,FAL,60
L010638,K0175,S031,2025-12-12,GRP,60
L010639,K0178,S010,2025-12-12,DOK,90
L010640,K0015,S033,2025-12-12,AST,30
L010641,K0166,S019,2025-12-12,BEG,180
L010642,K0122,S021,2025-12-12,SCH,180
L010643,K0178,S029,2025-12-12,AST,180
L010644,K0139,S005,2025-12-12,BEG,90
L010645,K0088,S023,2025-12-15,GRP,180
L010646,K0043,S016,2025-12-15,SCH,60
L010647,K0050,S022,2025-12-15,BER,120
L010648,K0106,S016,2025-12-15,SCH,45
L010649,K0148,S005,2025-12-15,BEG,30
L010650,K0142,S013,2025-12-15,AST,120
L010651,K0125,S026,2025-12-15,SCH,45
L010652,K0019,S034,2025-12-15,DOK,90
L010653,K0178,S004,2025-12-15,GRP,60
L010654,K0095,S018,2025-12-15,BER,120
L010655,K0117,S016,2025-12-15,GRP,180
L010656,K0149,S022,2025-12-15,FAL,120
L010657,K0097,S018,2025-12-15,AST,180
L010658,K0094,S010,2025-12-15,DOK,60
L010659,K0103,S005,2025-12-15,DOK,60
L010660,K0098,S023,2025-12-15,SCH,60
L010661,K0154,S015,2025-12-15,SCH,45
L010662,K0160,S010,2025-12-15,DOK,180
L010663,K0129,S025,2025-12-15,SCH,90
L010664,K0034,S017,2025-12-15,GRP,45
L010665,K0125,S029,2025-12-15,DOK,90
L010666,K0084,S019,2025-12-15,SCH,60
L010667,K0167,S002,2025-12-15,GRP,180
L010668,K0128,S018,2025-12-15,FAL,60
L010669,K0028,S006,2025-12-15,AST,180
L010670,K0116,S006,2025-12-15,AST,120
L010671,K0077,S029,2025-12-15,SCH,120
L010672,K0013,S020,2025-12-15,DOK,120
L010673,K0125,S013,2025-12-15,DOK,60
L010674,K0010,S006,2025-12-15,BEG,60
L010675,K0104,S018,2025-12-15,GRP,30
L010676,K0046,S027,2025-12-15,SCH,45
L010677,K0065,S016,2025-12-15,AST,120
L010678,K0021,S031,2025-12-15,AST,60
L010679,K0044,S018,2025-12-15,AST,90
L010680,K0069,S013,2025-12-15,GRP,60
L010681,K0148,S019,2025-12-15,GRP,30
L010682,K0080,S020,2025-12-15,SCH,180
L010683,K0047,S005,2025-12-15,DOK,60
L010684,K0109,S017,2025-12-15,AST,30
L010685,K0123,S002,2025-12-15,GRP,45
L010686,K0112,S025,2025-12-15,SCH,30
L010687,K0063,S014,2025-12-15,BER,180
L010688,K0152,S007,2025-12-15,AST,120
L010689,K0142,S010,2025-12-15,AST,60
L010690,K0142,S029,2025-12-15,SCH,60
L010691,K0092,S021,2025-12-15,AST,30
L010692,K0054,S002,2025-12-15,BEG,120
L010693,K0035,S013,2025-12-15,AST,60
L010694,K0085,S013,2025-12-15,BER,120
L010695,K0171,S018,2025-12-15,AST,60
L010696,K0134,S002,2025-12-15,AST,30
L010697,K0104,S002,2025-12-15,GRP,120
L010698,K0061,S009,2025-12-15,SCH,60
L010699,K0036,S016,2025-12-15,SCH,45
L010700,K0110,S023,2025-12-15,BER,30
L010701,K0013,S008,2025-12-15,BER,60
L010702,K0168,S011,2025-12-15,SCH,90
L010703,K0098,S022,2025-12-16,BEG,90
L010704,K0020,S021,2025-12-16,BEG,30
L010705,K0114,S012,2025-12-16,DOK,120
L010706,K0155,S025,2025-12-16,AST,30
L010707,K0125,S031,2025-12-16,AST,60
L010708,K0085,S022,2025-12-16,GRP,60
L010709,K0069,S016,2025-12-16,AST,45
L010710,K0104,S010,2025-12-16,SCH,120
L010711,K0009,S026,2025-12-16,GRP,60
L010712,K0095,S005,2025-12-16,SCH,30
L010713,K0076,S005,2025-12-16,BER,30
L010714,K0014,S029,2025-12-16,GRP,30
L010715,K0114,S031,2025-12-16,AST,90
L010716,K0051,S010,2025-12-16,AST,90
L010717,K0158,S017,2025-12-16,DOK,180
L010718,K0174,S015,2025-12-16,AST,90
L010719,K0057,S010,2025-12-16,BEG,90
L010720,K0043,S022,2025-12-16,DOK,120
L010721,K0009,S031,2025-12-16,GRP,60
L010722,K0046,S027,2025-12-16,BER,60
L010723,K0051,S002,2025-12-16,FAL,120
L010724,K0010,S007,2025-12-16,GRP,180
L010725,K0087,S015,2025-12-16,SCH,180
L010726,K0075,S020,2025-12-16,AST,60
L010727,K0074,S010,2025-12-16,SCH,180
L010728,K0139,S034,2025-12-16,AST,180
L010729,K0154,S014,2025-12-16,FAL,120
L010730,K0064,S023,2025-12-16,AST,45
L010731,K0049,S021,2025-12-16,FAL,45
L010732,K0025,S017,2025-12-16,AST,180
L010733,K0044,S006,2025-12-16,GRP,60
L010734,K0024,S011,2025-12-16,FAL,30
L010735,K0152,S017,2025-12-16,DOK,45
L010736,K0035,S029,2025-12-16,BEG,30
L010737,K0169,S026,2025-12-16,SCH,60
L010738,K0022,S010,2025-12-16,AST,120
L010739,K0084,S020,2025-12-16,GRP,60
L010740,K0177,S021,2025-12-16,BEG,60
L010741,K0061,S004,2025-12-16,SCH,30
L010742,K0002,S011,2025-12-16,DOK,60
L010743,K0128,S018,2025-12-17,SCH,120
L010744,K0123,S010,2025-12-17,AST,60
L010745,K0027,S016,2025-12-17,AST,120
L010746,K0166,S009,2025-12-17,FAL,60
L010747,K0103,S014,2025-12-17,AST,90
L010748,K0149,S012,2025-12-17,AST,45
L010749,K0076,S012,2025-12-17,AST,30
L010750,K0135,S034,2025-12-17,GRP,60
L010751,K0059,S009,2025-12-17,AST,30
L010752,K0028,S007,2025-12-17,BER,90
L010753,K0058,S011,2025-12-17,AST,45
L010754,K0145,S015,2025-12-17,AST,30
L010755,K0022,S019,2025-12-17,DOK,180
L010756,K0021,S018,2025-12-17,AST,180
L010757,K0155,S010,2025-12-17,GRP,45
L010758,K0174,S019,2025-12-17,GRP,45
L010759,K0063,S016,2025-12-17,DOK,180
L010760,K0148,S008,2025-12-17,AST,60
L010761,K0115,S008,2025-12-17,GRP,30
L010762,K0068,S011,2025-12-17,DOK,90
L010763,K0145,S030,2025-12-17,GRP,60
L010764,K0004,S010,2025-12-17,SCH,30
L010765,K0127,S007,2025-12-17,SCH,45
L010766,K0145,S033,2025-12-17,AST,30
L010767,K0101,S005,2025-12-17,BEG,45
L010768,K0130,S018,2025-12-17,AST,45
L010769,K0153,S018,2025-12-17,FAL,90
L010770,K0103,S019,2025-12-17,FAL,120
L010771,K0038,S029,2025-12-17,GRP,90
L010772,K0169,S008,2025-12-17,DOK,60
L010773,K0009,S029,2025-12-17,GRP,45
L010774,K0166,S017,2025-12-17,GRP,120
L010775,K0085,S015,2025-12-17,BEG,60
L010776,K0153,S014,2025-12-17,GRP,45
L010777,K0114,S013,2025-12-17,DOK,60
L010778,K0061,S034,2025-12-17,SCH,45
L010779,K0057,S031,2025-12-17,SCH,180
L010780,K0051,S010,2025-12-17,SCH,180
L010781,K0151,S018,2025-12-17,SCH,30
L010782,K0177,S026,2025-12-17,DOK,60
L010783,K0044,S007,2025-12-17,SCH,30
L010784,K0173,S008,2025-12-17,BER,60
L010785,K0037,S009,2025-12-17,SCH,45
L010786,K0013,S013,2025-12-17,DOK,30
L010787,K0005,S004,2025-12-17,SCH,45
L010788,K0131,S009,2025-12-17,FAL,30
L010789,K0063,S029,2025-12-17,BEG,90
L010790,K0024,S033,2025-12-17,BEG,120
L010791,K0009,S027,2025-12-17,BER,180
L010792,K0069,S004,2025-12-18,FAL,60
L010793,K0114,S013,2025-12-18,DOK,30
L010794,K0075,S030,2025-12-18,SCH,60
L010795,K0147,S027,2025-12-18,BEG,180
L010796,K0096,S023,2025-12-18,BER,30
L010797,K0035,S007,2025-12-18,GRP,45
L010798,K0134,S003,2025-12-18,BER,90
L010799,K0076,S014,2025-12-18,BER,60
L010800,K0175,S022,2025-12-18,AST,180
L010801,K0057,S034,2025-12-18,AST,30
L010802,K0180,S019,2025-12-18,BEG,45
L010803,K0153,S015,2025-12-18,AST,60
L010804,K0057,S012,2025-12-18,AST,180
L010805,K0135,S009,2025-12-18,SCH,45
L010806,K0044,S030,2025-12-18,AST,60
L010807,K0093,S020,2025-12-18,BER,60
L010808,K0065,S026,2025-12-18,AST,90
L010809,K0111,S007,2025-12-18,DOK,90
L010810,K0068,S025,2025-12-18,BEG,120
L010811,K0112,S013,2025-12-18,GRP,45
L010812,K0022,S005,2025-12-18,AST,120
L010813,K0037,S011,2025-12-18,AST,90
L010814,K0145,S009,2025-12-18,DOK,60
L010815,K0032,S021,2025-12-18,DOK,120
L010816,K0036,S013,2025-12-18,BER,180
L010817,K0006,S029,2025-12-18,GRP,180
L010818,K0009,S006,2025-12-18,GRP,30
L010819,K0111,S012,2025-12-18,BEG,120
L010820,K0015,S005,2025-12-18,AST,45
L010821,K0134,S022,2025-12-18,SCH,120
L010822,K0133,S034,2025-12-18,DOK,180
L010823,K0168,S006,2025-12-18,AST,45
L010824,K0122,S022,2025-12-18,AST,60
L010825,K0099,S002,2025-12-18,AST,120
L010826,K0013,S022,2025-12-18,AST,45
L010827,K0103,S031,2025-12-18,BEG,90
L010828,K0145,S018,2025-12-18,SCH,90
L010829,K0143,S008,2025-12-18,AST,60
L010830,K0033,S020,2025-12-18,BEG,90
L010831,K0127,S034,2025-12-18,AST,30
L010832,K0047,S006,2025-12-18,SCH,180
L010833,K0104,S021,2025-12-18,SCH,90
L010834,K0049,S002,2025-12-18,FAL,60
L010835,K0147,S010,2025-12-18,BEG,60
L010836,K0128,S031,2025-12-18,BEG,30
L010837,K0158,S022,2025-12-18,DOK,90
L010838,K0030,S019,2025-12-18,SCH,30
L010839,K0126,S026,2025-12-19,FAL,45
L010840,K0009,S025,2025-12-19,AST,45
L010841,K0143,S006,2025-12-19,DOK,90
L010842,K0159,S029,2025-12-19,SCH,60
L010843,K0025,S004,2025-12-19,AST,60
L010844,K0117,S006,2025-12-19,BEG,180
L010845,K0155,S012,2025-12-19,BEG,90
L010846,K0047,S033,2025-12-19,AST,90
L010847,K0090,S003,2025-12-19,GRP,90
L010848,K0083,S021,2025-12-19,AST,120
L010849,K0111,S016,2025-12-19,AST,120
L010850,K0137,S010,2025-12-19,AST,60
L010851,K0035,S020,2025-12-19,FAL,120
L010852,K0127,S026,2025-12-19,AST,180
L010853,K0125,S016,2025-12-19,SCH,60
L010854,K0176,S006,2025-12-19,SCH,90
L010855,K0087,S023,2025-12-19,SCH,180
L010856,K0134,S015,2025-12-19,DOK,120
L010857,K0170,S013,2025-12-19,AST,60
L010858,K0022,S023,2025-12-19,GRP,30
L010859,K0049,S003,2025-12-19,BEG,120
L010860,K0169,S017,2025-12-19,DOK,60
L010861,K0175,S010,2025-12-19,FAL,180
L010862,K0087,S006,2025-12-19,AST,180
L010863,K0055,S029,2025-12-19,SCH,60
L010864,K0005,S020,2025-12-19,AST,30
L010865,K0124,S006,2025-12-19,AST,120
L010866,K0093,S006,2025-12-19,BEG,90
L010867,K0025,S031,2025-12-19,SCH,120
L010868,K0043,S012,2025-12-19,AST,90
L010869,K0038,S006,2025-12-19,AST,60
L010870,K0116,S020,2025-12-19,GRP,30
L010871,K0116,S017,2025-12-19,BEG,180
L010872,K0134,S009,2025-12-19,SCH,120
L010873,K0123,S010,2025-12-19,AST,120
L010874,K0058,S007,2025-12-19,BEG,60
L010875,K0063,S023,2025-12-19,GRP,120
L010876,K0056,S017,2025-12-19,SCH,120
L010877,K0046,S026,2025-12-19,SCH,45
L010878,K0140,S015,2025-12-19,AST,120
L010879,K0041,S019,2025-12-19,DOK,60
L010880,K0112,S026,2025-12-19,AST,45
L010881,K0176,S003,2025-12-19,DOK,30
L010882,K0141,S007,2025-12-19,DOK,60
L010883,K0047,S012,2025-12-19,SCH,30
L010884,K0032,S034,2025-12-19,BER,90
L010885,K0113,S019,2025-12-19,DOK,30
L010886,K0123,S005,2025-12-19,DOK,45
L010887,K0057,S011,2025-12-19,AST,30
L010888,K0126,S007,2025-12-19,AST,60
L010889,K0010,S019,2025-12-19,AST,30
L010890,K0129,S006,2025-12-19,SCH,120
L010891,K0080,S025,2025-12-19,SCH,45
L010892,K0040,S030,2025-12-19,DOK,60
L010893,K0020,S026,2025-12-19,AST,180
L010894,K0158,S025,2025-12-22,AST,30
L010895,K0106,S007,2025-12-22,AST,120
L010896,K0093,S012,2025-12-22,GRP,60
L010897,K0174,S034,2025-12-22,AST,90
L010898,K0044,S009,2025-12-22,AST,90
L010899,K0148,S025,2025-12-22,AST,180
L010900,K0103,S022,2025-12-22,AST,180
L010901,K0178,S031,2025-12-22,BEG,60
L010902,K0090,S007,2025-12-22,GRP,180
L010903,K0056,S023,2025-12-22,BER,30
L010904,K0047,S019,2025-12-22,BEG,120
L010905,K0030,S009,2025-12-22,AST,45
L010906,K0110,S015,2025-12-22,AST,45
L010907,K0051,S008,2025-12-22,SCH,90
L010908,K0077,S008,2025-12-22,SCH,60
L010909,K0114,S018,2025-12-22,AST,180
L010910,K0090,S008,2025-12-22,DOK,60
L010911,K0117,S018,2025-12-22,FAL,60
L010912,K0160,S006,2025-12-22,GRP,90
L010913,K0103,S006,2025-12-22,BEG,180
L010914,K0169,S011,2025-12-22,AST,45
L010915,K0083,S027,2025-12-22,AST,45
L010916,K0048,S021,2025-12-22,BEG,60
L010917,K0134,S022,2025-12-22,AST,45
L010918,K0076,S034,2025-12-23,AST,45
L010919,K0021,S029,2025-12-23,SCH,45
L010920,K0055,S006,2025-12-23,GRP,60
L010921,K0041,S016,2025-12-23,AST,30
L010922,K0162,S020,2025-12-23,DOK,60
L010923,K0137,S031,2025-12-23,DOK,60
L010924,K0065,S029,2025-12-23,AST,60
L010925,K0054,S013,2025-12-23,BEG,90
L010926,K0031,S015,2025-12-23,AST,30
L010927,K0160,S029,2025-12-23,AST,45
L010928,K0178,S020,2025-12-23,SCH,30
L010929,K0047,S004,2025-12-23,SCH,60
L010930,K0028,S025,2025-12-23,AST,45
L010931,K0019,S033,2025-12-23,BER,120
L010932,K0091,S020,2025-12-23,AST,45
L010933,K0155,S034,2025-12-23,AST,30
L010934,K0030,S004,2025-12-23,BER,90
L010935,K0124,S005,2025-12-23,BER,30
L010936,K0042,S025,2025-12-23,BEG,45
L010937,K0040,S018,2025-12-24,DOK,60
L010938,K0051,S002,2025-12-24,AST,120
L010939,K0162,S009,2025-12-24,BER,60
L010940,K0103,S030,2025-12-24,DOK,180
L010941,K0169,S012,2025-12-24,BEG,180
L010942,K0061,S015,2025-12-24,AST,60
L010943,K0130,S029,2025-12-24,GRP,60
L010944,K0096,S007,2025-12-24,AST,180
L010945,K0140,S021,2025-12-24,AST,120
L010946,K0125,S015,2025-12-24,AST,45
L010947,K0045,S022,2025-12-24,SCH,60
L010948,K0158,S007,2025-12-24,SCH,90
L010949,K0084,S022,2025-12-24,DOK,45
L010950,K0089,S011,2025-12-24,AST,60
L010951,K0071,S034,2025-12-24,GRP,30
L010952,K0046,S019,2025-12-24,DOK,60
L010953,K0027,S005,2025-12-24,SCH,90
L010954,K0134,S006,2025-12-24,BER,180
L010955,K0114,S006,2025-12-24,AST,180
L010956,K0122,S030,2025-12-24,AST,30
L010957,K0051,S018,2025-12-24,SCH,30
L010958,K0127,S005,2025-12-24,GRP,60
L010959,K0061,S033,2025-12-25,AST,180
L010960,K0088,S027,2025-12-25,GRP,90
L010961,K0153,S003,2025-12-25,SCH,180
L010962,K0053,S029,2025-12-25,AST,60
L010963,K0098,S006,2025-12-25,DOK,90
L010964,K0037,S022,2025-12-25,AST,30
L010965,K0167,S016,2025-12-25,SCH,60
L010966,K0014,S020,2025-12-25,BEG,60
L010967,K0028,S022,2025-12-25,SCH,120
L010968,K0013,S029,2025-12-25,SCH,120
L010969,K0144,S031,2025-12-25,AST,60
L010970,K0024,S006,2025-12-25,BER,45
L010971,K0027,S031,2025-12-25,BEG,30
L010972,K0109,S009,2025-12-25,SCH,60
L010973,K0092,S007,2025-12-25,SCH,90
L010974,K0033,S013,2025-12-25,BEG,60
L010975,K0051,S016,2025-12-25,GRP,120
L010976,K0143,S008,2025-12-25,AST,90
L010977,K0081,S006,2025-12-26,GRP,60
L010978,K0134,S008,2025-12-26,BEG,180
L010979,K0111,S018,2025-12-26,GRP,45
L010980,K0135,S033,2025-12-26,BER,60
L010981,K0040,S034,2025-12-26,FAL,60
L010982,K0169,S010,2025-12-26,BEG,45
L010983,K0039,S014,2025-12-26,AST,60
L010984,K0066,S002,2025-12-26,AST,60
L010985,K0109,S010,2025-12-26,SCH,30
L010986,K0015,S034,2025-12-26,SCH,30
L010987,K0002,S013,2025-12-26,DOK,60
L010988,K0158,S008,2025-12-26,AST,120
L010989,K0120,S015,2025-12-26,BER,60
L010990,K0046,S023,2025-12-26,AST,30
L010991,K0140,S031,2025-12-26,GRP,60
L010992,K0025,S023,2025-12-26,DOK,30
L010993,K0116,S004,2025-12-26,BER,45
L010994,K0084,S034,2025-12-26,AST,60
L010995,K0005,S004,2025-12-26,AST,120
L010996,K0169,S018,2025-12-26,AST,90
L010997,K0169,S011,2025-12-26,BEG,30
L010998,K0007,S030,2025-12-26,DOK,60
L010999,K0149,S011,2025-12-26,SCH,90
L011000,K0025,S030,2025-12-29,DOK,120
L011001,K0137,S020,2025-12-29,FAL,120
L011002,K0103,S029,2025-12-29,GRP,60
L011003,K0085,S034,2025-12-29,GRP,45
L011004,K0007,S005,2025-12-29,GRP,120
L011005,K0101,S019,2025-12-29,AST,30
L011006,K0085,S012,2025-12-29,BEG,45
L011007,K0019,S027,2025-12-29,FAL,180
L011008,K0167,S009,2025-12-29,SCH,60
L011009,K0035,S010,2025-12-29,AST,90
L011010,K0140,S014,2025-12-29,DOK,120
L011011,K0008,S031,2025-12-29,AST,180
L011012,K0055,S031,2025-12-29,AST,60
L011013,K0039,S013,2025-12-29,GRP,30
L011014,K0170,S009,2025-12-29,AST,90
L011015,K0171,S022,2025-12-29,SCH,120
L011016,K0047,S021,2025-12-29,AST,120
L011017,K0099,S015,2025-12-29,BER,90
L011018,K0137,S012,2025-12-29,SCH,45
L011019,K0080,S006,2025-12-29,DOK,90
L011020,K0128,S033,2025-12-29,BEG,45
L011021,K0158,S011,2025-12-30,BEG,60
L011022,K0056,S030,2025-12-30,SCH,60
L011023,K0093,S007,2025-12-30,BEG,60
L011024,K0053,S020,2025-12-30,AST,180
L011025,K0078,S033,2025-12-30,DOK,60
L011026,K0066,S020,2025-12-30,DOK,120
L011027,K0173,S013,2025-12-30,SCH,60
L011028,K0125,S027,2025-12-30,SCH,30
L011029,K0006,S011,2025-12-30,BER,60
L011030,K0003,S017,2025-12-30,AST,45
L011031,K0076,S034,2025-12-30,SCH,120
L011032,K0088,S008,2025-12-30,AST,60
L011033,K0003,S017,2025-12-30,BEG,90
L011034,K0064,S030,2025-12-30,DOK,45
L011035,K0089,S026,2025-12-30,AST,180
L011036,K0125,S015,2025-12-30,SCH,60
L011037,K0080,S003,2025-12-30,AST,120
L011038,K0029,S031,2025-12-30,DOK,180
L011039,K0047,S008,2025-12-30,BEG,90
L011040,K0125,S018,2025-12-30,AST,30
L011041,K0024,S030,2025-12-31,AST,90
L011042,K0070,S022,2025-12-31,DOK,45
L011043,K0171,S002,2025-12-31,DOK,45
L011044,K0148,S016,2025-12-31,AST,180
L011045,K0050,S009,2025-12-31,SCH,180
L011046,K0023,S004,2025-12-31,AST,60
L011047,K0040,S017,2025-12-31,AST,60
L011048,K0114,S016,2025-12-31,AST,60
L011049,K0005,S002,2025-12-31,SCH,30
L011050,K0019,S034,2025-12-31,AST,90
L011051,K0025,S018,2025-12-31,AST,60
L011052,K0006,S030,2025-12-31,GRP,120
L011053,K0073,S008,2025-12-31,BEG,45
L011054,K0027,S014,2025-12-31,AST,30
L011055,K0167,S014,2025-12-31,GRP,60
L011056,K0111,S008,2025-12-31,DOK,180
L011057,K0028,S010,2025-12-31,AST,30
L011058,K0081,S022,2025-12-31,DOK,30
L011059,K0084,S016,2025-12-31,AST,120
L011060,K0066,S002,2025-12-31,BEG,60
L011061,K0142,S025,2025-12-31,AST,45
L011062,K0024,S014,2025-12-31,GRP,60
L011063,K0014,S031,2025-12-31,AST,60
L000101,K0121,S002,2025-01-03,BER,180
L011064,K0002,S001,2025-02-21,AST,60
L011065,K0006,S002,2025-06-11,BEG,-45
L011066,K0007,S999,2025-06-12,AST,60
L011067,K0008,S003,2025-06-13,XXX,60
